pickup_hour,trip_distance,fare_amount,total_amount,passenger_count,trip_volume
2023-01-01 00:00:00,17856.42,99722.15,144383.0,2,5336
2023-01-01 01:00:00,18699.87,107129.25,155404.85,2,5752
2023-01-01 02:00:00,17125.05,93425.56,135582.84,2,5097
2023-01-01 03:00:00,13840.05,73990.93,106019.97,1,3952
2023-01-01 04:00:00,9598.79,49171.57,69674.01,1,2501
2023-01-01 05:00:00,5408.85,26292.95,35591.79,1,1097
2023-01-01 06:00:00,5621.87,25322.24,33467.06,1,908
2023-01-01 07:00:00,6389.43,27732.19,36698.05,1,1021
2023-01-01 08:00:00,6723.81,30359.34,40769.24,1,1147
2023-01-01 09:00:00,7450.59,35456.06,48908.68,1,1650
2023-01-01 10:00:00,12757.0,60537.02,83996.26,2,2698
2023-01-01 11:00:00,13582.28,68653.76,95781.52,2,3354
2023-01-01 12:00:00,15828.56,81261.54,113120.95,2,3828
2023-01-01 13:00:00,16817.61,86390.37,119843.87,2,3998
2023-01-01 14:00:00,19843.22,100685.36,138567.5,2,4252
2023-01-01 15:00:00,19981.94,102063.81,140187.99,2,4326
2023-01-01 16:00:00,22408.43,102948.96,140709.53,2,4253
2023-01-01 17:00:00,18218.53,94789.35,131435.95,2,4099
2023-01-01 18:00:00,15794.68,83571.94,116112.97,2,3720
2023-01-01 19:00:00,77991.86,78991.75,109173.77,2,3442
2023-01-01 20:00:00,12785.84,64143.77,91411.45,2,2901
2023-01-01 21:00:00,12733.01,62809.26,89393.42,2,2778
2023-01-01 22:00:00,15312.24,68491.73,96045.05,2,2607
2023-01-01 23:00:00,12404.19,54563.67,75194.79,1,2035
2023-01-02 00:00:00,7191.46,31718.68,44346.92,1,1280
2023-01-02 01:00:00,3911.31,17168.3,24028.03,1,755
2023-01-02 02:00:00,1826.34,8701.11,12221.17,2,433
2023-01-02 03:00:00,2186.04,10022.25,13866.88,1,379
2023-01-02 04:00:00,2135.09,10035.8,13651.13,1,371
2023-01-02 05:00:00,3025.7,13663.44,18105.68,1,394
2023-01-02 06:00:00,6399.58,28297.19,37482.99,1,799
2023-01-02 07:00:00,8393.56,31709.25,42574.12,1,1176
2023-01-02 08:00:00,7837.41,36306.44,50086.54,1,1540
2023-01-02 09:00:00,10956.35,51752.24,72428.1,1,2325
2023-01-02 10:00:00,13014.87,62523.6,89049.67,1,3134
2023-01-02 11:00:00,14543.02,72075.68,101689.84,2,3671
2023-01-02 12:00:00,15452.289999999999,80225.18,113339.93,2,4292
2023-01-02 13:00:00,18946.45,96463.55,136274.04,2,4816
2023-01-02 14:00:00,22928.22,114797.57,158837.88999999998,2,5195
2023-01-02 15:00:00,22670.58,115695.98,161613.26,1,5286
2023-01-02 16:00:00,22007.33,111997.86,158302.38999999998,2,5137
2023-01-02 17:00:00,20868.03,107856.22,153667.24,1,5075
2023-01-02 18:00:00,17260.69,87890.0,126056.69,1,4348
2023-01-02 19:00:00,17399.95,83586.23,120959.8,2,3915
2023-01-02 20:00:00,17342.67,80844.28,116095.63,2,3607
2023-01-02 21:00:00,15456.73,72597.94,103735.16,2,3268
2023-01-02 22:00:00,15379.15,67881.18,94625.8,1,2763
2023-01-02 23:00:00,11741.75,50674.05,70405.89,1,1818
2023-01-03 00:00:00,9556.47,39301.56,54514.909999999996,1,1322
2023-01-03 01:00:00,6066.58,24893.96,33592.55,1,751
2023-01-03 02:00:00,2543.69,11406.02,15070.0,1,392
2023-01-03 03:00:00,2185.53,9688.6,12859.17,1,288
2023-01-03 04:00:00,1846.04,8582.15,11376.85,2,255
2023-01-03 05:00:00,3923.39,17674.42,23926.29,1,656
2023-01-03 06:00:00,11126.33,43113.68,58387.59,1,1868
2023-01-03 07:00:00,13827.26,60164.97,84783.94,1,3342
2023-01-03 08:00:00,17088.34,82442.1,116855.33,1,4431
2023-01-03 09:00:00,15603.64,83369.49,119511.62,1,4545
2023-01-03 10:00:00,16765.48,94996.47,135602.67,1,5332
2023-01-03 11:00:00,16202.57,95738.63,136190.79,1,5422
2023-01-03 12:00:00,15340.93,89227.69,127212.95,1,5145
2023-01-03 13:00:00,19100.3,103614.2,145826.2,1,5302
2023-01-03 14:00:00,22315.22,118030.1,163643.26,1,5628
2023-01-03 15:00:00,31417.71,119131.34,166593.48,1,5760
2023-01-03 16:00:00,22561.43,119030.32,181681.06,1,5677
2023-01-03 17:00:00,20924.48,113323.44,177039.94,1,6016
2023-01-03 18:00:00,19831.49,103431.85,165259.02,1,5908
2023-01-03 19:00:00,20625.99,99420.76,156027.85,1,5037
2023-01-03 20:00:00,16350.22,78604.02,115027.87,1,3848
2023-01-03 21:00:00,15495.14,75315.75,109615.06,1,3673
2023-01-03 22:00:00,13550.74,63551.54,90545.98,1,2878
2023-01-03 23:00:00,14267.41,61525.28,86950.99,1,2307
2023-01-04 00:00:00,11644.78,48859.06,66641.53,1,1558
2023-01-04 01:00:00,4032.83,17941.61,24500.73,1,670
2023-01-04 02:00:00,2289.84,10204.64,13704.119999999999,1,382
2023-01-04 03:00:00,1284.72,5756.36,7918.71,1,242
2023-01-04 04:00:00,1652.55,7615.16,10317.97,1,264
2023-01-04 05:00:00,3417.97,15281.95,20701.27,1,610
2023-01-04 06:00:00,6395.0,30721.01,42989.159999999996,1,1602
2023-01-04 07:00:00,13130.33,67403.87,93630.28,1,3398
2023-01-04 08:00:00,12660.06,74811.16,106587.91,1,4387
2023-01-04 09:00:00,15089.17,84781.17,121646.63,1,4727
2023-01-04 10:00:00,16101.36,90331.1,128152.6,1,4764
2023-01-04 11:00:00,14013.02,83851.66,119767.06,1,4836
2023-01-04 12:00:00,15405.26,91460.94,130401.46,1,5222
2023-01-04 13:00:00,17974.06,100744.74,143543.74,1,5514
2023-01-04 14:00:00,22038.94,120870.75,169012.13,1,6047
2023-01-04 15:00:00,21596.25,121736.62,171179.91,1,6379
2023-01-04 16:00:00,23618.16,134306.44,208293.12,1,6996
2023-01-04 17:00:00,21376.36,125324.8,197292.56,1,6968
2023-01-04 18:00:00,23555.36,137519.65,219395.69,1,8130
2023-01-04 19:00:00,23964.85,122329.96,193627.96,1,6744
2023-01-04 20:00:00,17574.67,87328.42,129198.48,1,4652
2023-01-04 21:00:00,17437.3,84132.31,123848.7,1,4390
2023-01-04 22:00:00,14651.12,73062.78,106539.79,1,3769
2023-01-04 23:00:00,15324.0,68186.46,96360.49,1,2841
2023-01-05 00:00:00,10160.56,44929.19,62385.909999999996,1,1736
2023-01-05 01:00:00,4182.37,19266.49,26561.24,1,800
2023-01-05 02:00:00,2215.79,9792.73,13860.4,1,490
2023-01-05 03:00:00,1683.16,7486.32,10217.23,1,318
2023-01-05 04:00:00,2051.36,9227.41,12344.85,1,314
2023-01-05 05:00:00,3233.11,14568.0,19981.48,1,575
2023-01-05 06:00:00,11722.1,34093.19,47316.14,1,1697
2023-01-05 07:00:00,11662.25,62869.39,89128.06,1,3553
2023-01-05 08:00:00,14633.81,74132.62,106443.8,1,4567
2023-01-05 09:00:00,14353.83,85995.16,124108.16,1,5087
2023-01-05 10:00:00,15524.38,89474.22,127512.93,1,5021
2023-01-05 11:00:00,15936.43,94424.81,134850.59,1,5234
2023-01-05 12:00:00,15819.36,94533.46,136358.97,1,5628
2023-01-05 13:00:00,19492.1,109590.41,155978.31,1,5988
2023-01-05 14:00:00,23117.45,125884.38,177750.23,1,6449
2023-01-05 15:00:00,32395.399999999998,128627.14,182428.69,1,6694
2023-01-05 16:00:00,21969.09,124147.54,192607.58,1,6438
2023-01-05 17:00:00,22193.37,129019.03,204194.26,1,7303
2023-01-05 18:00:00,22746.8,129283.76,207679.13,1,7668
2023-01-05 19:00:00,20313.87,108106.19,173255.24,1,6320
2023-01-05 20:00:00,19963.89,101087.91,150624.54,1,5556
2023-01-05 21:00:00,19485.35,98436.49,146077.59,1,5447
2023-01-05 22:00:00,17000.36,84921.16,125237.65,1,4602
2023-01-05 23:00:00,15810.75,74569.88,107679.85,1,3578
2023-01-06 00:00:00,9452.82,44729.77,64156.77,1,2187
2023-01-06 01:00:00,4220.88,20608.01,29937.71,1,1128
2023-01-06 02:00:00,1683.05,8615.14,12823.59,1,564
2023-01-06 03:00:00,1558.53,7361.04,10230.91,1,347
2023-01-06 04:00:00,5733.69,7969.4,10986.58,1,321
2023-01-06 05:00:00,8032.19,16982.89,23291.45,1,642
2023-01-06 06:00:00,6786.37,32441.05,44645.659999999996,1,1472
2023-01-06 07:00:00,10545.55,56884.41,81006.06999999999,1,3195
2023-01-06 08:00:00,11914.3,70104.68,100087.41,1,4109
2023-01-06 09:00:00,13399.42,77183.25,111346.45,1,4526
2023-01-06 10:00:00,14309.37,83616.24,119416.75,1,4809
2023-01-06 11:00:00,15167.99,86849.65,124804.5,1,4978
2023-01-06 12:00:00,15713.27,89078.05,128152.03,1,5191
2023-01-06 13:00:00,17575.05,98915.01,142171.2,1,5592
2023-01-06 14:00:00,22606.83,127754.38,181304.42,1,6663
2023-01-06 15:00:00,21353.06,123488.09,175024.5,1,6499
2023-01-06 16:00:00,21009.27,119333.77,185657.74,1,6318
2023-01-06 17:00:00,20973.38,123216.12,196443.13,1,7178
2023-01-06 18:00:00,19954.0,117163.33,190165.59,1,7240
2023-01-06 19:00:00,21265.81,117200.45,188624.16,1,6955
2023-01-06 20:00:00,17960.43,96741.96,144163.28,1,5519
2023-01-06 21:00:00,19247.12,100887.31,150595.74,1,5744
2023-01-06 22:00:00,22143.02,102309.66,153041.11,1,5947
2023-01-06 23:00:00,19334.99,98233.16,145329.07,1,5426
2023-01-07 00:00:00,13965.33,75171.16,113498.37,1,4719
2023-01-07 01:00:00,11129.67,59095.28,89698.53,1,3900
2023-01-07 02:00:00,8016.0,42181.96,63581.44,1,2773
2023-01-07 03:00:00,5372.17,28260.97,41598.04,1,1685
2023-01-07 04:00:00,3604.36,17815.6,25001.49,1,827
2023-01-07 05:00:00,3215.99,14662.89,19715.18,1,497
2023-01-07 06:00:00,5142.68,22516.36,30129.54,1,814
2023-01-07 07:00:00,7050.79,32756.2,45151.28,1,1436
2023-01-07 08:00:00,8464.29,40025.18,56053.94,1,2065
2023-01-07 09:00:00,9823.74,50795.46,74001.76,1,3165
2023-01-07 10:00:00,11975.44,63338.33,93078.93,1,4131
2023-01-07 11:00:00,13298.29,75482.53,109790.52,1,4923
2023-01-07 12:00:00,15687.76,89660.52,130730.7,1,5632
2023-01-07 13:00:00,18014.74,102586.55,147673.97,1,6102
2023-01-07 14:00:00,21588.44,116171.67,164674.97,1,6248
2023-01-07 15:00:00,22034.57,120192.61,169610.9,1,6391
2023-01-07 16:00:00,21825.95,121425.04,171411.69,1,6493
2023-01-07 17:00:00,20545.73,117784.59,167488.65,1,6580
2023-01-07 18:00:00,245504.9,113679.15,161857.8,1,6610
2023-01-07 19:00:00,20550.27,117286.31,167249.67,1,6702
2023-01-07 20:00:00,19582.49,102694.07,150939.84,1,5662
2023-01-07 21:00:00,19349.68,104897.05,154701.28,2,5739
2023-01-07 22:00:00,24771.09,115523.88,170446.12,2,6339
2023-01-07 23:00:00,22289.61,98340.84,145547.77,2,5603
2023-01-08 00:00:00,16729.43,88908.0,132098.32,1,5231
2023-01-08 01:00:00,11957.47,65289.12,99804.48,1,4307
2023-01-08 02:00:00,9435.77,50890.1,76395.62,1,3230
2023-01-08 03:00:00,6042.89,31259.77,46621.93,1,1971
2023-01-08 04:00:00,3997.16,19488.72,28067.09,1,1025
2023-01-08 05:00:00,3499.34,15245.63,20431.079999999998,1,490
2023-01-08 06:00:00,5640.51,24688.25,32388.43,1,758
2023-01-08 07:00:00,6953.13,31386.71,42367.33,1,1145
2023-01-08 08:00:00,7364.41,35124.19,49121.86,1,1703
2023-01-08 09:00:00,9608.77,46137.61,65787.93,1,2569
2023-01-08 10:00:00,13545.1,68238.65,97823.88,1,3905
2023-01-08 11:00:00,13278.29,71707.82,104480.51,1,4459
2023-01-08 12:00:00,17434.9,92373.38,133980.7,1,5287
2023-01-08 13:00:00,19384.43,102270.5,146252.48,1,5487
2023-01-08 14:00:00,21581.68,113284.18,161510.03,1,5725
2023-01-08 15:00:00,22711.72,116128.77,164289.78,1,5539
2023-01-08 16:00:00,23465.46,119650.84,169567.79,1,5815
2023-01-08 17:00:00,22323.32,113816.34,160221.09,1,5360
2023-01-08 18:00:00,17523.17,90973.88,130611.18,1,4821
2023-01-08 19:00:00,18417.81,89401.29,125788.08,1,4252
2023-01-08 20:00:00,16818.54,79736.23,115361.24,1,3681
2023-01-08 21:00:00,18358.67,85080.34,122479.55,1,3610
2023-01-08 22:00:00,15157.76,68622.47,96147.55,1,2595
2023-01-08 23:00:00,14139.75,60604.38,83901.85,1,2091
2023-01-09 00:00:00,8338.55,36090.51,48751.14,1,1267
2023-01-09 01:00:00,2398.32,10919.61,14718.76,1,482
2023-01-09 02:00:00,1121.98,5680.63,7985.66,1,295
2023-01-09 03:00:00,1193.6,5536.52,7619.39,1,241
2023-01-09 04:00:00,1490.77,6914.62,9422.18,1,267
2023-01-09 05:00:00,2870.59,13328.84,18518.06,1,581
2023-01-09 06:00:00,7571.23,36610.17,50381.81,1,1730
2023-01-09 07:00:00,12882.82,69226.03,97023.38,1,3480
2023-01-09 08:00:00,13600.45,78893.95,113734.92,1,4488
2023-01-09 09:00:00,14073.89,81534.34,117108.42,1,4550
2023-01-09 10:00:00,14700.84,81780.64,116936.87,1,4422
2023-01-09 11:00:00,14562.44,82712.7,118406.39,1,4622
2023-01-09 12:00:00,16242.15,90137.59,129159.35,1,4930
2023-01-09 13:00:00,15890.49,87935.49,125625.27,1,4763
2023-01-09 14:00:00,20177.17,106936.77,152602.95,1,5516
2023-01-09 15:00:00,29209.02,107950.48,154376.57,1,5894
2023-01-09 16:00:00,20370.3,109297.86,171928.29,1,5710
2023-01-09 17:00:00,21916.54,119346.43,188834.44,1,6499
2023-01-09 18:00:00,20579.37,109234.48,176340.7,1,6334
2023-01-09 19:00:00,18576.16,94565.78,152517.6,1,5478
2023-01-09 20:00:00,16974.34,83104.78,124290.05,1,4513
2023-01-09 21:00:00,15645.05,75913.22,112855.44,1,4024
2023-01-09 22:00:00,13954.55,66552.9,96091.04,1,3240
2023-01-09 23:00:00,15640.07,46949.09,66883.43,1,2023
2023-01-10 00:00:00,5033.4,23714.18,32900.93,1,1045
2023-01-10 01:00:00,2681.23,11980.49,16464.36,1,496
2023-01-10 02:00:00,1005.27,4942.39,6890.99,1,261
2023-01-10 03:00:00,709.8,3708.62,5130.88,1,193
2023-01-10 04:00:00,1130.93,5258.31,7134.7,1,226
2023-01-10 05:00:00,2970.77,14130.17,19278.29,1,578
2023-01-10 06:00:00,6756.07,33177.61,46450.45,1,1760
2023-01-10 07:00:00,11454.56,63989.2,91892.33,1,3745
2023-01-10 08:00:00,12944.71,79145.69,114809.9,1,4855
2023-01-10 09:00:00,15146.72,90939.77,131702.14,1,5173
2023-01-10 10:00:00,14952.02,88705.73,128100.31,1,5146
2023-01-10 11:00:00,15079.3,90741.62,130408.53,1,5194
2023-01-10 12:00:00,15799.82,95212.57,137435.65,1,5609
2023-01-10 13:00:00,17559.74,102187.8,146162.82,1,5781
2023-01-10 14:00:00,21622.19,122671.51,174575.8,1,6517
2023-01-10 15:00:00,20312.71,118701.33,169900.66,1,6642
2023-01-10 16:00:00,20730.96,116226.76,183736.59,1,6294
2023-01-10 17:00:00,21211.94,124319.05,199243.63,1,7175
2023-01-10 18:00:00,20602.28,120207.99,197336.5,1,7604
2023-01-10 19:00:00,20918.04,112255.18,181658.44,1,6771
2023-01-10 20:00:00,18998.65,100437.54,153288.04,1,5943
2023-01-10 21:00:00,20255.43,101930.23,152915.69,1,5763
2023-01-10 22:00:00,15759.8,80057.75,119353.06,1,4441
2023-01-10 23:00:00,12399.52,57673.34,83587.93,1,2704
2023-01-11 00:00:00,6850.32,32198.46,45239.86,1,1496
2023-01-11 01:00:00,2893.94,13819.7,19775.96,1,726
2023-01-11 02:00:00,1281.27,6418.15,9042.89,1,328
2023-01-11 03:00:00,1049.91,4640.71,6573.0,1,240
2023-01-11 04:00:00,1523.69,7436.12,10213.76,1,276
2023-01-11 05:00:00,3151.07,14743.95,20804.94,1,596
2023-01-11 06:00:00,6890.41,33603.0,47011.56,1,1764
2023-01-11 07:00:00,11682.45,64195.24,91622.86,1,3745
2023-01-11 08:00:00,13790.49,84289.56,121388.34,1,5099
2023-01-11 09:00:00,12512.45,80422.36,116937.67,1,5052
2023-01-11 10:00:00,13238.02,85009.96,122862.65,1,5205
2023-01-11 11:00:00,13856.48,87437.09,126224.81,1,5372
2023-01-11 12:00:00,17318.14,103183.63,148316.8,1,5896
2023-01-11 13:00:00,17998.99,104449.14,150750.77,1,6011
2023-01-11 14:00:00,19891.58,115836.28,165971.77,1,6483
2023-01-11 15:00:00,20344.87,120539.54,173440.26,1,6862
2023-01-11 16:00:00,22822.23,127055.74,200362.34,1,6840
2023-01-11 17:00:00,24297.46,138248.88,220438.78,1,7697
2023-01-11 18:00:00,22249.76,131074.63,215939.9,1,8220
2023-01-11 19:00:00,21423.62,115824.07,189385.52,1,7063
2023-01-11 20:00:00,20736.15,107445.88,162830.88,1,6251
2023-01-11 21:00:00,20092.43,103427.23,157770.49,1,6193
2023-01-11 22:00:00,19285.46,97348.57,144993.54,1,5305
2023-01-11 23:00:00,14303.83,68862.0,100639.06,1,3398
2023-01-12 00:00:00,8717.79,41280.17,58713.21,1,1848
2023-01-12 01:00:00,3886.37,18156.0,26245.22,1,911
2023-01-12 02:00:00,2447.23,11515.67,16065.06,1,583
2023-01-12 03:00:00,1537.08,7464.97,10256.34,1,332
2023-01-12 04:00:00,2018.34,9043.4,12548.3,1,345
2023-01-12 05:00:00,3580.79,16226.55,22798.04,1,641
2023-01-12 06:00:00,7649.92,37156.59,52295.48,1,1953
2023-01-12 07:00:00,13204.0,72790.17,104508.04,1,4214
2023-01-12 08:00:00,91741.37,93339.72,134101.26,1,5519
2023-01-12 09:00:00,14985.07,93853.34,135775.89,1,5333
2023-01-12 10:00:00,15358.23,92371.52,132837.5,1,5203
2023-01-12 11:00:00,17400.39,104017.49,148687.5,1,5397
2023-01-12 12:00:00,17887.15,106841.08,153631.37,1,5862
2023-01-12 13:00:00,20445.65,116581.8,166606.5,1,6044
2023-01-12 14:00:00,23619.89,132715.08,189543.74,1,6702
2023-01-12 15:00:00,34264.59,137872.28,195079.1,1,6858
2023-01-12 16:00:00,23625.62,133653.03,208984.77,1,6689
2023-01-12 17:00:00,25264.47,150089.88,236209.56,1,7996
2023-01-12 18:00:00,24896.92,157307.78,253600.9,1,9506
2023-01-12 19:00:00,41534.35,122256.26,196083.18,1,6984
2023-01-12 20:00:00,22587.98,120032.04,182518.4,1,7002
2023-01-12 21:00:00,20392.76,106719.61,160407.76,1,6063
2023-01-12 22:00:00,19760.03,99544.56,147900.88999999998,1,5374
2023-01-12 23:00:00,15832.44,77567.73,114494.09,1,4027
2023-01-13 00:00:00,15160.06,69498.64,99222.51,1,2918
2023-01-13 01:00:00,7525.2,35059.54,49977.51,1,1589
2023-01-13 02:00:00,3314.19,16059.76,22895.29,1,825
2023-01-13 03:00:00,1732.31,8524.06,12209.95,1,443
2023-01-13 04:00:00,2217.68,10320.289999999999,14855.73,1,424
2023-01-13 05:00:00,125184.0,16484.93,23503.94,1,667
2023-01-13 06:00:00,8230.66,38437.03,53042.1,1,1716
2023-01-13 07:00:00,18473.73,60862.29,86502.9,1,3255
2023-01-13 08:00:00,12282.35,70057.4,101601.91,1,4100
2023-01-13 09:00:00,14644.35,82796.49,119638.38,1,4560
2023-01-13 10:00:00,15627.99,87643.96,128070.42,1,5058
2023-01-13 11:00:00,15832.23,91858.33,132962.05,1,5188
2023-01-13 12:00:00,17826.26,100368.68,146072.61,1,5602
2023-01-13 13:00:00,20294.05,112148.74,162055.63999999998,1,6067
2023-01-13 14:00:00,25160.64,139076.62,199635.5,1,6922
2023-01-13 15:00:00,24025.81,138633.04,198403.49,1,6952
2023-01-13 16:00:00,23688.9,133933.34,209533.79,1,6827
2023-01-13 17:00:00,26096.75,146317.32,232029.32,1,7761
2023-01-13 18:00:00,22591.38,132312.36,214655.7,1,7859
2023-01-13 19:00:00,21749.16,123873.08,200537.19,1,7366
2023-01-13 20:00:00,19768.28,106221.58,159838.63,1,6016
2023-01-13 21:00:00,20604.86,109394.61,163292.44,1,5908
2023-01-13 22:00:00,23604.39,124504.44,185457.04,1,6600
2023-01-13 23:00:00,21724.63,114467.94,169236.96,1,6096
2023-01-14 00:00:00,17423.17,90955.32,135299.45,1,5228
2023-01-14 01:00:00,12605.67,68524.19,103222.06,1,4300
2023-01-14 02:00:00,9143.98,48652.54,73626.49,1,3188
2023-01-14 03:00:00,6089.77,31533.63,47119.34,1,1979
2023-01-14 04:00:00,3760.72,18361.6,26425.44,1,975
2023-01-14 05:00:00,2868.7,12868.85,17710.96,1,448
2023-01-14 06:00:00,3893.71,17504.02,24061.52,1,740
2023-01-14 07:00:00,7329.28,33551.36,45564.43,1,1390
2023-01-14 08:00:00,12696.09,41929.17,59528.96,1,2212
2023-01-14 09:00:00,11347.25,57499.73,83799.17,1,3336
2023-01-14 10:00:00,13939.33,73746.18,108035.99,1,4533
2023-01-14 11:00:00,15780.34,88932.04,130219.4,1,5452
2023-01-14 12:00:00,22525.09,104629.74,153299.31,1,6210
2023-01-14 13:00:00,20312.11,119055.81,170800.34,1,6516
2023-01-14 14:00:00,21007.91,117553.39,168861.75,1,6313
2023-01-14 15:00:00,22987.76,130118.84,186261.15,1,6978
2023-01-14 16:00:00,23797.43,136616.15,195054.63,1,7249
2023-01-14 17:00:00,23135.99,134933.23,191810.25,1,7262
2023-01-14 18:00:00,21693.63,131033.25,187209.51,1,7251
2023-01-14 19:00:00,23836.13,122151.02,175911.34,2,7103
2023-01-14 20:00:00,17227.24,100462.69,149981.42,2,5898
2023-01-14 21:00:00,19482.24,106627.33,158237.16,1,5884
2023-01-14 22:00:00,19416.63,107616.55,160318.38,2,6177
2023-01-14 23:00:00,22177.51,116849.31,171663.2,1,6328
2023-01-15 00:00:00,16507.17,89270.01,133051.56,1,5378
2023-01-15 01:00:00,14558.52,76216.37,112272.38,1,4430
2023-01-15 02:00:00,9759.98,52373.03,77690.86,1,3212
2023-01-15 03:00:00,6650.04,34314.58,50970.1,1,2092
2023-01-15 04:00:00,3922.03,19850.99,28060.16,1,1065
2023-01-15 05:00:00,2277.29,10832.47,14875.89,1,382
2023-01-15 06:00:00,3973.73,17283.76,23393.98,1,682
2023-01-15 07:00:00,6401.8,29474.36,40023.57,1,1215
2023-01-15 08:00:00,194913.9,34139.28,48691.13,1,1822
2023-01-15 09:00:00,9794.98,49382.13,71620.36,1,2915
2023-01-15 10:00:00,13205.46,67558.39,98418.81999999999,1,4008
2023-01-15 11:00:00,16071.08,84916.76,124056.85,1,5076
2023-01-15 12:00:00,17771.83,96570.18,140570.55,1,5657
2023-01-15 13:00:00,19714.0,106832.17,152891.69,1,5719
2023-01-15 14:00:00,20525.04,112084.73,160966.85,1,5896
2023-01-15 15:00:00,22323.98,120199.15,171650.31,1,6056
2023-01-15 16:00:00,22046.22,122041.49,173155.91,1,6228
2023-01-15 17:00:00,22759.07,121861.29,172570.02,1,6053
2023-01-15 18:00:00,19798.31,110092.59,157563.92,1,5908
2023-01-15 19:00:00,17519.94,93833.63,135000.66,1,5216
2023-01-15 20:00:00,17830.85,92136.55,136150.48,2,4980
2023-01-15 21:00:00,16372.08,82498.95,122826.14,1,4500
2023-01-15 22:00:00,19051.94,90121.85,130585.31999999999,1,4298
2023-01-15 23:00:00,19625.56,91041.09,131024.81,1,4056
2023-01-16 00:00:00,10302.19,49640.24,71698.94,1,2410
2023-01-16 01:00:00,5428.81,25546.95,36778.67,1,1339
2023-01-16 02:00:00,2410.94,12070.94,17976.59,1,769
2023-01-16 03:00:00,2009.57,9736.28,14249.28,1,524
2023-01-16 04:00:00,2233.53,10758.97,15381.71,2,430
2023-01-16 05:00:00,3223.29,13345.98,18432.29,1,459
2023-01-16 06:00:00,5942.44,26704.97,36142.02,1,1006
2023-01-16 07:00:00,7940.32,36868.2,51741.43,1,1605
2023-01-16 08:00:00,9603.38,48349.92,69690.15,1,2521
2023-01-16 09:00:00,11053.92,58358.85,85601.0,1,3281
2023-01-16 10:00:00,13830.13,71450.86,104471.11,1,3994
2023-01-16 11:00:00,15049.55,79924.38,117572.23,1,4592
2023-01-16 12:00:00,16731.51,89493.34,130134.92,1,5038
2023-01-16 13:00:00,18499.53,98134.44,142320.48,1,5292
2023-01-16 14:00:00,23099.829999999998,118387.61,168344.94,1,5571
2023-01-16 15:00:00,22654.9,116976.93,167893.49,1,5852
2023-01-16 16:00:00,23088.61,118029.15,169530.75,1,5899
2023-01-16 17:00:00,22645.11,116419.72,168624.91,1,5916
2023-01-16 18:00:00,18227.64,97278.22,141708.92,1,5486
2023-01-16 19:00:00,17563.81,87943.65,126499.53,1,4606
2023-01-16 20:00:00,16071.32,77722.4,115835.8,1,4049
2023-01-16 21:00:00,18475.38,85121.43,125434.75,1,3859
2023-01-16 22:00:00,17680.72,79069.18,113810.85,1,3277
2023-01-16 23:00:00,14004.41,61038.1,87246.6,1,2345
2023-01-17 00:00:00,7272.1,31371.82,43781.22,1,1208
2023-01-17 01:00:00,2633.88,12038.93,16745.85,1,550
2023-01-17 02:00:00,1050.85,5082.5,7148.76,1,256
2023-01-17 03:00:00,1054.8,4950.65,6917.46,1,209
2023-01-17 04:00:00,1624.68,7520.52,10137.45,1,255
2023-01-17 05:00:00,3399.88,15809.52,22256.35,1,651
2023-01-17 06:00:00,8339.37,39611.89,55074.55,1,1906
2023-01-17 07:00:00,26730.5,75214.89,107257.76,1,4044
2023-01-17 08:00:00,15995.98,96469.64,139856.6,1,5532
2023-01-17 09:00:00,16602.55,101961.24,147585.59,1,5599
2023-01-17 10:00:00,17940.03,104001.12,148624.98,1,5316
2023-01-17 11:00:00,16858.41,103520.75,148740.56,1,5543
2023-01-17 12:00:00,19055.2,109355.84,157228.36,1,5902
2023-01-17 13:00:00,21067.02,119146.96,170113.77,1,6128
2023-01-17 14:00:00,22749.72,126037.12,180188.66,1,6302
2023-01-17 15:00:00,22462.76,128923.13,185210.88999999998,1,6812
2023-01-17 16:00:00,24135.68,131007.64,204578.47,1,6529
2023-01-17 17:00:00,23709.72,132624.41,209827.62,1,7028
2023-01-17 18:00:00,20487.85,119383.73,195400.39,1,7302
2023-01-17 19:00:00,19614.25,103573.56,168019.0,1,6204
2023-01-17 20:00:00,17950.38,93112.51,141114.96,1,5433
2023-01-17 21:00:00,18426.74,94087.37,142650.44,1,5454
2023-01-17 22:00:00,16942.03,82033.17,121602.28,1,4237
2023-01-17 23:00:00,12524.42,59436.31,85014.08,1,2652
2023-01-18 00:00:00,5952.23,27927.58,39541.82,1,1292
2023-01-18 01:00:00,2290.25,11019.88,15826.4,1,579
2023-01-18 02:00:00,1085.18,5661.43,8030.94,1,324
2023-01-18 03:00:00,1228.93,5531.0,7690.61,1,230
2023-01-18 04:00:00,2058.03,9210.8,12476.01,1,273
2023-01-18 05:00:00,12514.39,17915.73,25154.61,1,662
2023-01-18 06:00:00,7765.78,37489.92,52578.39,1,1814
2023-01-18 07:00:00,15944.789999999999,69865.03,100008.63,1,3845
2023-01-18 08:00:00,15323.11,92937.7,133946.1,1,5294
2023-01-18 09:00:00,15256.05,95376.74,136991.61,1,5226
2023-01-18 10:00:00,16229.53,97869.94,140462.01,1,5312
2023-01-18 11:00:00,14734.68,93048.86,133394.01,1,5172
2023-01-18 12:00:00,17118.36,104524.83,150011.88,1,5744
2023-01-18 13:00:00,18775.26,111138.69,159099.7,1,5936
2023-01-18 14:00:00,22097.61,126165.31,180205.8,1,6476
2023-01-18 15:00:00,20794.01,122348.48,175251.31,1,6696
2023-01-18 16:00:00,21772.54,124110.31,195283.35,1,6610
2023-01-18 17:00:00,21499.64,128822.08,206510.47,1,7429
2023-01-18 18:00:00,21615.37,129343.75,211866.24,1,8033
2023-01-18 19:00:00,40965.0,119374.33,194545.06,1,7196
2023-01-18 20:00:00,20738.27,110028.9,167132.88,1,6497
2023-01-18 21:00:00,21381.87,109726.71,166811.56,1,6503
2023-01-18 22:00:00,20305.46,103421.44,153914.83,1,5676
2023-01-18 23:00:00,12823.17,63365.56,93323.65,1,3333
2023-01-19 00:00:00,7220.2,35065.34,50501.78,1,1811
2023-01-19 01:00:00,2825.16,14269.94,21105.83,1,827
2023-01-19 02:00:00,1681.26,8695.14,12592.6,1,512
2023-01-19 03:00:00,1255.62,6151.49,8926.05,1,355
2023-01-19 04:00:00,1815.36,8412.1,11857.37,1,324
2023-01-19 05:00:00,3240.31,15052.37,21302.84,1,606
2023-01-19 06:00:00,7418.81,35844.95,50623.15,1,1841
2023-01-19 07:00:00,12837.64,70729.29,100232.62,1,3927
2023-01-19 08:00:00,14449.96,91559.79,132582.58,1,5470
2023-01-19 09:00:00,15049.39,99048.91,143546.71,1,5809
2023-01-19 10:00:00,14088.74,94141.88,136221.14,1,5548
2023-01-19 11:00:00,15107.2,98002.0,141619.18,1,5606
2023-01-19 12:00:00,16951.0,109492.3,157360.8,1,6088
2023-01-19 13:00:00,18887.99,114110.17,163002.73,1,6176
2023-01-19 14:00:00,24051.07,143029.19,203107.87,1,7073
2023-01-19 15:00:00,21719.37,139800.36,198258.93,1,7573
2023-01-19 16:00:00,22110.55,137425.2,214966.03,1,7168
2023-01-19 17:00:00,22307.83,144067.38,227731.37,1,7936
2023-01-19 18:00:00,23132.4,146032.11,234657.07,1,8592
2023-01-19 19:00:00,30766.46,125313.33,202697.07,1,7628
2023-01-19 20:00:00,21179.21,115992.24,176473.75,1,6833
2023-01-19 21:00:00,20983.46,115199.0,174644.02,1,6848
2023-01-19 22:00:00,21255.1,110234.23,164087.3,1,5963
2023-01-19 23:00:00,16851.25,82056.39,120778.01,1,4089
2023-01-20 00:00:00,11148.64,52535.07,76423.97,1,2578
2023-01-20 01:00:00,5744.89,27819.94,40084.74,1,1352
2023-01-20 02:00:00,2826.48,13550.47,19483.59,1,716
2023-01-20 03:00:00,1545.8,8130.4,11658.61,1,433
2023-01-20 04:00:00,2240.02,11165.94,15450.74,1,403
2023-01-20 05:00:00,22391.190000000002,17138.72,23765.66,1,651
2023-01-20 06:00:00,6864.66,31903.86,44559.48,1,1517
2023-01-20 07:00:00,11301.3,60335.04,86642.33,1,3380
2023-01-20 08:00:00,13241.17,76145.12,109414.97,1,4348
2023-01-20 09:00:00,13616.74,81207.32,117371.64,1,4621
2023-01-20 10:00:00,14287.21,83619.49,120634.96,1,4811
2023-01-20 11:00:00,21601.2,90253.3,129814.48,1,5215
2023-01-20 12:00:00,17577.44,103440.62,148968.09,1,5886
2023-01-20 13:00:00,20138.9,115609.17,165719.58,1,6375
2023-01-20 14:00:00,23293.16,131079.91,186284.51,1,6550
2023-01-20 15:00:00,21450.15,127431.88,182341.68,1,6762
2023-01-20 16:00:00,22340.44,127518.29,200249.49,1,6732
2023-01-20 17:00:00,21653.96,126874.35,203645.72,1,7335
2023-01-20 18:00:00,20854.31,123916.78,201687.17,1,7572
2023-01-20 19:00:00,21404.51,121213.28,195504.72,1,7202
2023-01-20 20:00:00,17468.04,98653.74,149834.45,1,5988
2023-01-20 21:00:00,19495.01,105843.07,159254.87,1,6072
2023-01-20 22:00:00,21920.7,118368.78,175745.34,1,6676
2023-01-20 23:00:00,20196.94,109028.87,162700.26,1,6269
2023-01-21 00:00:00,21520.47,88819.71,133388.61,1,5444
2023-01-21 01:00:00,12856.98,71417.95,107846.0,1,4538
2023-01-21 02:00:00,9723.66,51236.96,77171.73,1,3308
2023-01-21 03:00:00,6329.05,33344.63,49660.51,1,2092
2023-01-21 04:00:00,3720.31,18971.61,27128.95,1,1008
2023-01-21 05:00:00,2960.58,13494.78,18286.55,1,496
2023-01-21 06:00:00,4336.71,19404.19,26233.94,1,766
2023-01-21 07:00:00,6118.0,28058.48,38551.86,1,1239
2023-01-21 08:00:00,7233.25,35361.31,50497.0,1,1996
2023-01-21 09:00:00,9336.27,49676.04,73056.96,1,3204
2023-01-21 10:00:00,11774.02,65493.87,96410.93,1,4363
2023-01-21 11:00:00,13877.51,79252.63,116588.49,1,5155
2023-01-21 12:00:00,17356.5,98359.94,143639.3,1,6209
2023-01-21 13:00:00,17118.36,101914.07,148107.07,1,6385
2023-01-21 14:00:00,20602.89,114204.81,163252.33,1,6460
2023-01-21 15:00:00,19722.09,113607.84,163018.11,1,6567
2023-01-21 16:00:00,20254.54,119554.66,170543.78,1,6785
2023-01-21 17:00:00,20769.38,119851.41,171277.56,1,6828
2023-01-21 18:00:00,21123.76,121950.33,174940.16,1,7170
2023-01-21 19:00:00,20725.3,124077.16,177136.8,1,7263
2023-01-21 20:00:00,17064.35,96775.43,143633.19,1,5657
2023-01-21 21:00:00,18192.22,99836.45,147722.31,1,5649
2023-01-21 22:00:00,20447.33,112745.9,166971.55,1,6403
2023-01-21 23:00:00,22376.21,122775.04,181996.32,1,7014
2023-01-22 00:00:00,17066.59,94899.69,141961.7,1,5755
2023-01-22 01:00:00,15806.84,76332.08,115335.88,1,4924
2023-01-22 02:00:00,11317.7,60583.94,90650.24,1,3788
2023-01-22 03:00:00,7309.09,38370.61,57108.71,1,2401
2023-01-22 04:00:00,4699.23,23563.36,34034.15,1,1254
2023-01-22 05:00:00,2708.66,11847.07,16366.32,1,438
2023-01-22 06:00:00,4759.17,20252.36,26930.54,1,723
2023-01-22 07:00:00,6169.85,27835.75,37585.14,1,1139
2023-01-22 08:00:00,6633.7699999999995,30928.36,43704.02,1,1539
2023-01-22 09:00:00,9371.27,46912.45,67007.85,1,2611
2023-01-22 10:00:00,13573.27,67853.71,98740.28,1,3957
2023-01-22 11:00:00,46688.74,71846.36,105573.06999999999,1,4481
2023-01-22 12:00:00,25420.03,93041.74,134975.26,1,5343
2023-01-22 13:00:00,19786.06,104844.69,151687.06,1,5696
2023-01-22 14:00:00,25612.94,120130.36,172322.31,1,6082
2023-01-22 15:00:00,21893.87,115065.35,163690.71,1,5733
2023-01-22 16:00:00,22649.92,121335.37,173306.59,1,6100
2023-01-22 17:00:00,21499.72,113309.41,161655.34,1,5719
2023-01-22 18:00:00,17215.07,95332.99,138180.44,1,5470
2023-01-22 19:00:00,17504.71,88564.67,127058.58,1,4619
2023-01-22 20:00:00,14955.96,73240.06,107523.84,1,3712
2023-01-22 21:00:00,17596.01,81567.59,118630.56999999999,1,3578
2023-01-22 22:00:00,14301.33,65729.46,94799.79,1,2745
2023-01-22 23:00:00,11747.91,51961.61,72782.15,1,1844
2023-01-23 00:00:00,7299.67,31545.89,43942.6,1,1089
2023-01-23 01:00:00,4764.29,20043.3,27181.86,1,601
2023-01-23 02:00:00,891.69,4632.49,6470.43,1,234
2023-01-23 03:00:00,880.51,4212.7,5758.07,1,194
2023-01-23 04:00:00,1391.09,6369.19,8576.59,1,243
2023-01-23 05:00:00,3190.41,14239.24,19916.23,1,617
2023-01-23 06:00:00,8064.84,38559.19,53308.78,1,1809
2023-01-23 07:00:00,28157.75,63108.41,89830.92,1,3593
2023-01-23 08:00:00,23623.9,82029.09,118596.65,1,4793
2023-01-23 09:00:00,14015.22,82716.69,120420.44,1,4768
2023-01-23 10:00:00,14188.51,84662.33,122203.71,1,4884
2023-01-23 11:00:00,13385.83,80510.94,116383.44,1,4832
2023-01-23 12:00:00,14254.57,84522.51,122764.37,1,5048
2023-01-23 13:00:00,18004.83,98071.69,140321.32,1,5531
2023-01-23 14:00:00,18701.99,106170.82,152088.54,1,5883
2023-01-23 15:00:00,19408.07,111307.23,160002.52,1,6083
2023-01-23 16:00:00,19596.35,105812.11,166856.7,1,5712
2023-01-23 17:00:00,281081.48,119324.16,190235.08,1,6514
2023-01-23 18:00:00,18945.91,104384.63,172823.28,1,6559
2023-01-23 19:00:00,18696.96,96437.41,155368.51,1,5564
2023-01-23 20:00:00,17641.58,89355.17,134216.56,1,4982
2023-01-23 21:00:00,16801.42,83179.64,125090.12,1,4533
2023-01-23 22:00:00,15841.11,74930.62,110955.46,1,3638
2023-01-23 23:00:00,10311.62,48484.84,69542.84,1,2087
2023-01-24 00:00:00,8215.95,35450.8,50164.73,1,1303
2023-01-24 01:00:00,2430.63,12025.68,16650.41,1,503
2023-01-24 02:00:00,933.34,5789.13,7872.51,1,285
2023-01-24 03:00:00,721.61,3160.96,4520.34,1,185
2023-01-24 04:00:00,1404.85,6438.63,8950.74,1,246
2023-01-24 05:00:00,3174.51,14377.95,19732.05,1,577
2023-01-24 06:00:00,10477.78,35184.84,48562.97,1,1772
2023-01-24 07:00:00,11190.17,62734.18,90940.45,1,3844
2023-01-24 08:00:00,17327.22,80990.05,117892.49,1,5029
2023-01-24 09:00:00,14856.27,93146.43,135180.97,1,5345
2023-01-24 10:00:00,15125.01,93747.93,134284.88999999998,1,5173
2023-01-24 11:00:00,14866.79,92552.89,133629.19,1,5241
2023-01-24 12:00:00,16242.44,99581.78,141992.85,1,5503
2023-01-24 13:00:00,15992.59,96123.62,138639.43,1,5667
2023-01-24 14:00:00,21099.27,120424.99,171889.76,1,6328
2023-01-24 15:00:00,20724.58,121673.94,174564.62,1,6744
2023-01-24 16:00:00,21088.67,123750.29,196479.44,1,6957
2023-01-24 17:00:00,21419.56,129174.28,208355.72,1,7564
2023-01-24 18:00:00,20788.8,127544.41,209065.22,1,7956
2023-01-24 19:00:00,20496.28,112291.32,183199.97,1,6901
2023-01-24 20:00:00,19755.68,104314.73,160021.24,1,6356
2023-01-24 21:00:00,19110.65,102166.01,156468.41,1,6298
2023-01-24 22:00:00,18182.4,93706.27,139204.57,1,5232
2023-01-24 23:00:00,10481.1,52376.09,78037.06,1,2849
2023-01-25 00:00:00,6619.41,31429.92,45314.05,1,1522
2023-01-25 01:00:00,2221.58,11700.25,16990.19,1,659
2023-01-25 02:00:00,1063.75,5410.52,7933.11,1,353
2023-01-25 03:00:00,8620.64,5156.35,7225.3,1,261
2023-01-25 04:00:00,1407.73,6604.79,9213.07,1,249
2023-01-25 05:00:00,10601.310000000001,16728.13,22903.48,1,604
2023-01-25 06:00:00,7331.56,35629.75,50132.98,1,1861
2023-01-25 07:00:00,11858.73,66133.31,95347.81,1,3856
2023-01-25 08:00:00,13943.64,87660.01,126775.93,1,5183
2023-01-25 09:00:00,20155.27,88936.1,128963.54,1,5277
2023-01-25 10:00:00,14278.81,87571.33,126608.02,1,5062
2023-01-25 11:00:00,14201.61,88981.33,128876.15,1,5310
2023-01-25 12:00:00,15827.85,95496.59,138595.04,1,5696
2023-01-25 13:00:00,18925.84,118167.27,170693.78,1,6932
2023-01-25 14:00:00,19891.25,121814.0,175721.25,1,6804
2023-01-25 15:00:00,17689.53,113241.15,163269.58,1,6592
2023-01-25 16:00:00,19780.65,119785.93,190225.01,1,6788
2023-01-25 17:00:00,21359.99,130977.62,209283.11,1,7461
2023-01-25 18:00:00,18699.2,126463.94,210480.6,1,8558
2023-01-25 19:00:00,21023.59,125408.19,207806.89,1,8178
2023-01-25 20:00:00,19260.81,109271.95,168012.26,1,6975
2023-01-25 21:00:00,21134.73,112711.72,169671.59,1,6508
2023-01-25 22:00:00,18228.42,95015.1,142819.36,1,5331
2023-01-25 23:00:00,13365.02,64489.39,93874.18,1,3176
2023-01-26 00:00:00,9580.92,44150.64,63975.28,1,1889
2023-01-26 01:00:00,5396.12,23600.97,32606.329999999998,1,959
2023-01-26 02:00:00,2051.48,9829.95,13725.44,1,465
2023-01-26 03:00:00,1133.05,5622.3,8015.91,1,284
2023-01-26 04:00:00,1761.12,8073.28,11233.12,1,307
2023-01-26 05:00:00,3279.06,15249.32,21502.7,1,568
2023-01-26 06:00:00,7664.99,37014.7,51879.21,1,1883
2023-01-26 07:00:00,12975.39,70488.61,100813.77,1,3924
2023-01-26 08:00:00,13810.41,85116.57,123783.58,1,5169
2023-01-26 09:00:00,14451.39,90068.1,131527.81,1,5396
2023-01-26 10:00:00,15522.72,94741.02,135995.96,1,5310
2023-01-26 11:00:00,15249.25,95478.78,138635.4,1,5564
2023-01-26 12:00:00,18052.35,108374.08,155944.63,1,5954
2023-01-26 13:00:00,20014.83,117015.17,168123.02,1,6325
2023-01-26 14:00:00,21990.78,128695.09,184862.2,1,6849
2023-01-26 15:00:00,31968.27,131971.98,188234.62,1,7035
2023-01-26 16:00:00,23286.27,135581.79,211941.72,1,6925
2023-01-26 17:00:00,22851.46,137290.48,220302.18,1,7757
2023-01-26 18:00:00,23342.3,145527.97,234741.02,1,8643
2023-01-26 19:00:00,22617.98,129789.33,211158.56,1,7738
2023-01-26 20:00:00,22615.83,120992.97,183791.53,1,6971
2023-01-26 21:00:00,23269.42,123568.67,187833.87,1,7338
2023-01-26 22:00:00,22403.02,118319.2,177514.15,1,6664
2023-01-26 23:00:00,19650.5,97086.93,142269.7,1,4960
2023-01-27 00:00:00,9883.05,49780.83,73896.29,1,2860
2023-01-27 01:00:00,5116.88,27067.57,40274.25,1,1668
2023-01-27 02:00:00,2730.08,14492.71,21568.48,1,946
2023-01-27 03:00:00,2179.96,10618.27,15533.39,1,599
2023-01-27 04:00:00,2303.79,10950.96,15612.24,1,473
2023-01-27 05:00:00,10987.9,17059.25,23621.91,1,617
2023-01-27 06:00:00,22377.01,34341.4,47717.82,1,1497
2023-01-27 07:00:00,11816.2,61388.4,87541.79,1,3284
2023-01-27 08:00:00,12200.76,71114.31,103333.84,1,4279
2023-01-27 09:00:00,14385.68,81691.58,119298.03,1,4656
2023-01-27 10:00:00,15208.79,86974.68,125834.05,1,4937
2023-01-27 11:00:00,15653.99,92429.3,133611.32,1,5243
2023-01-27 12:00:00,18495.37,104711.38,151127.79,1,5691
2023-01-27 13:00:00,18557.69,106773.2,153438.35,1,5941
2023-01-27 14:00:00,23898.49,132431.75,189633.24,1,6794
2023-01-27 15:00:00,22066.72,127997.41,183747.77,1,6779
2023-01-27 16:00:00,22203.83,125653.72,197691.2,1,6744
2023-01-27 17:00:00,23989.73,138824.36,221634.98,1,7817
2023-01-27 18:00:00,20554.82,124970.37,204528.01,1,7818
2023-01-27 19:00:00,22699.0,129680.6,208451.4,1,7577
2023-01-27 20:00:00,17353.71,101473.7,153836.46,1,6140
2023-01-27 21:00:00,18486.44,104585.34,158114.51,1,6156
2023-01-27 22:00:00,21174.46,118092.1,175846.35,1,6769
2023-01-27 23:00:00,20810.27,111619.98,166294.1,1,6383
2023-01-28 00:00:00,16636.62,90721.49,136291.55,1,5574
2023-01-28 01:00:00,12435.18,68325.03,104149.88,1,4512
2023-01-28 02:00:00,9831.35,53632.21,80846.62,1,3517
2023-01-28 03:00:00,6214.72,33598.08,50399.95,1,2151
2023-01-28 04:00:00,4178.07,20721.64,29995.63,1,1134
2023-01-28 05:00:00,2710.4,12457.69,16958.29,1,458
2023-01-28 06:00:00,4595.51,20511.95,27729.27,1,808
2023-01-28 07:00:00,5775.49,27187.01,37308.88,1,1234
2023-01-28 08:00:00,6668.57,33872.8,49038.95,1,2051
2023-01-28 09:00:00,9780.16,51907.47,76206.43,1,3264
2023-01-28 10:00:00,11737.77,65543.63,96976.12,1,4366
2023-01-28 11:00:00,13949.37,78368.15,115597.71,1,5147
2023-01-28 12:00:00,16688.51,96706.67,140834.33,1,5997
2023-01-28 13:00:00,18882.75,108812.2,157561.83,1,6481
2023-01-28 14:00:00,24501.76,112493.96,160600.38,1,6391
2023-01-28 15:00:00,19265.62,116128.21,166100.04,1,6610
2023-01-28 16:00:00,21087.71,124841.01,176741.47,1,6914
2023-01-28 17:00:00,20139.89,121418.22,172670.15,1,6813
2023-01-28 18:00:00,20410.91,114183.26,164038.69,1,6887
2023-01-28 19:00:00,19493.64,119435.97,170663.72,1,6882
2023-01-28 20:00:00,28017.989999999998,103869.08,152909.86,1,5895
2023-01-28 21:00:00,18276.61,103633.81,153905.87,1,5920
2023-01-28 22:00:00,19298.66,110800.56,165026.35,1,6360
2023-01-28 23:00:00,19435.28,109386.45,162078.95,1,6279
2023-01-29 00:00:00,16477.51,91869.38,136908.34,1,5524
2023-01-29 01:00:00,13492.98,74179.69,112630.97,1,4807
2023-01-29 02:00:00,11124.74,60471.91,91392.03,1,3910
2023-01-29 03:00:00,7438.95,38984.71,58178.92,1,2463
2023-01-29 04:00:00,5036.02,24762.28,35186.97,1,1296
2023-01-29 05:00:00,2977.8,13460.89,18475.72,1,511
2023-01-29 06:00:00,4465.09,19860.3,26595.25,1,716
2023-01-29 07:00:00,5424.02,24682.16,33911.64,1,1044
2023-01-29 08:00:00,8808.6,32444.58,46068.89,1,1640
2023-01-29 09:00:00,9374.26,47357.78,68369.78,1,2672
2023-01-29 10:00:00,13494.59,68056.06,99486.3,1,3945
2023-01-29 11:00:00,13515.54,73562.77,108651.85,1,4670
2023-01-29 12:00:00,19082.48,100956.55,145546.58,1,5455
2023-01-29 13:00:00,18705.87,102185.51,147439.29,1,5638
2023-01-29 14:00:00,23233.61,123059.38,176051.85,1,6126
2023-01-29 15:00:00,21103.81,111620.27,158642.21,1,5704
2023-01-29 16:00:00,23109.46,118186.27,167431.41,1,5637
2023-01-29 17:00:00,21037.87,109392.77,154769.25,1,5248
2023-01-29 18:00:00,16591.74,89329.53,128634.02,1,4906
2023-01-29 19:00:00,16048.12,79587.17,113851.67,1,4066
2023-01-29 20:00:00,14409.66,70621.98,104368.58,1,3620
2023-01-29 21:00:00,16480.35,77644.49,113441.24,1,3496
2023-01-29 22:00:00,16221.76,74500.7,106325.18,1,3217
2023-01-29 23:00:00,10158.36,45679.04,64909.659999999996,1,1820
2023-01-30 00:00:00,6324.63,27797.44,38762.05,1,1084
2023-01-30 01:00:00,2100.49,10011.09,14240.39,1,505
2023-01-30 02:00:00,986.98,4918.37,6834.55,1,277
2023-01-30 03:00:00,953.58,4444.71,6181.1,1,199
2023-01-30 04:00:00,1198.2,5505.93,7720.86,1,241
2023-01-30 05:00:00,3238.87,14929.73,20730.91,1,595
2023-01-30 06:00:00,8465.56,39694.2,54423.98,1,1758
2023-01-30 07:00:00,15802.73,63497.73,90137.74,1,3390
2023-01-30 08:00:00,13097.45,75712.09,109416.42,1,4488
2023-01-30 09:00:00,14387.68,81835.94,118419.25,1,4529
2023-01-30 10:00:00,13602.91,77740.66,112033.15,1,4341
2023-01-30 11:00:00,12560.78,72781.6,105678.22,1,4245
2023-01-30 12:00:00,15934.27,89735.85,129028.52,1,4955
2023-01-30 13:00:00,17773.41,95658.51,136785.19,1,5113
2023-01-30 14:00:00,20079.16,108939.7,154856.81,1,5486
2023-01-30 15:00:00,18796.12,107260.68,152929.78,1,5716
2023-01-30 16:00:00,18183.56,102692.96,160786.02,1,5386
2023-01-30 17:00:00,21366.79,116468.98,183218.57,1,6157
2023-01-30 18:00:00,17775.08,100734.54,164386.49,1,6175
2023-01-30 19:00:00,17856.85,91954.26,147555.18,1,5243
2023-01-30 20:00:00,16381.85,82301.88,124044.43,1,4561
2023-01-30 21:00:00,15199.17,74923.28,113025.97,1,4128
2023-01-30 22:00:00,13556.13,63682.14,93260.28,1,3162
2023-01-30 23:00:00,9656.76,45136.65,64613.78,1,2034
2023-01-31 00:00:00,5468.81,24652.34,34690.54,1,1065
2023-01-31 01:00:00,2156.07,9805.42,13824.76,1,479
2023-01-31 02:00:00,1443.83,6609.6,9470.33,1,327
2023-01-31 03:00:00,741.58,3261.32,4625.36,1,155
2023-01-31 04:00:00,1356.31,6263.43,8691.91,1,243
2023-01-31 05:00:00,8391.53,15126.289999999999,20899.36,1,647
2023-01-31 06:00:00,14972.79,35832.21,50005.78,1,1920
2023-01-31 07:00:00,106438.79000000001,66922.78,97400.78,1,4218
2023-01-31 08:00:00,14191.29,90902.59,131608.99,1,5489
2023-01-31 09:00:00,18203.03,91075.39,131872.11,1,5339
2023-01-31 10:00:00,13747.36,86842.52,124818.48,1,4978
2023-01-31 11:00:00,13061.51,87532.36,125273.0,1,4962
2023-01-31 12:00:00,14734.98,96933.91,138437.76,1,5358
2023-01-31 13:00:00,16450.24,107566.57,150904.38,1,5422
2023-01-31 14:00:00,18298.1,116972.49,164347.51,1,5871
2023-01-31 15:00:00,32097.64,120444.87,168846.38999999998,1,6049
2023-01-31 16:00:00,18557.35,114933.87,180512.92,1,6127
2023-01-31 17:00:00,20055.46,121097.89,193135.08,1,6948
2023-01-31 18:00:00,20234.28,121778.65,199662.71,1,7635
2023-01-31 19:00:00,18498.91,104197.47,171246.84,1,6586
2023-01-31 20:00:00,19831.89,103187.9,157346.18,1,6163
2023-01-31 21:00:00,72614.48000000001,106601.22,161076.96,1,6223
2023-01-31 22:00:00,18126.12,92247.92,138064.34,1,5127
2023-01-31 23:00:00,12942.41,61793.45,90490.53,1,3041
2023-02-01 00:00:00,45.73,220.2,313.81,2,10
2023-01-31 23:00:00,30.96,151.9,214.97,2,8
2023-02-01 00:00:00,6521.33,31112.37,44292.53,1,1486
2023-02-01 01:00:00,2495.52,12114.18,17685.94,1,690
2023-02-01 02:00:00,1397.33,6338.73,9186.36,1,373
2023-02-01 03:00:00,890.95,4275.83,6056.86,1,218
2023-02-01 04:00:00,1324.7,6498.89,9003.61,1,255
2023-02-01 05:00:00,3512.48,15675.7,22214.04,1,657
2023-02-01 06:00:00,10995.47,33869.62,47802.09,1,1768
2023-02-01 07:00:00,12738.85,68839.03,98633.58,1,4028
2023-02-01 08:00:00,14176.72,86095.49,124667.6,1,5334
2023-02-01 09:00:00,15015.02,91621.4,132788.6,1,5452
2023-02-01 10:00:00,15468.01,94351.55,136690.77,1,5427
2023-02-01 11:00:00,14388.74,91718.44,131147.57,1,5356
2023-02-01 12:00:00,16426.89,101921.41,146811.91,1,5864
2023-02-01 13:00:00,17953.16,106104.97,151616.0,1,5887
2023-02-01 14:00:00,19790.45,116735.85,165246.61,1,6162
2023-02-01 15:00:00,19157.68,116078.04,166848.61,1,6567
2023-02-01 16:00:00,20863.09,120633.03,190873.58,1,6653
2023-02-01 17:00:00,20615.44,126941.76,204393.41,1,7459
2023-02-01 18:00:00,20784.31,125728.73,207335.59,1,8125
2023-02-01 19:00:00,22810.03,123048.92,200878.11,1,7441
2023-02-01 20:00:00,22097.41,115616.56,176412.22,1,6883
2023-02-01 21:00:00,22778.47,118292.66,179200.88,1,6916
2023-02-01 22:00:00,17995.87,94070.69,142322.0,1,5549
2023-02-01 23:00:00,13267.22,64168.64,93879.92,1,3220
2023-02-02 00:00:00,6918.4800000000005,33200.69,47984.33,1,1707
2023-02-02 01:00:00,3126.9,15098.98,21913.75,1,853
2023-02-02 02:00:00,1756.55,9131.06,12911.51,1,479
2023-02-02 03:00:00,1343.73,7080.55,9660.78,1,310
2023-02-02 04:00:00,1641.55,7670.33,10552.55,1,310
2023-02-02 05:00:00,2929.96,13757.67,19435.45,1,593
2023-02-02 06:00:00,7953.26,37678.06,52951.87,1,1935
2023-02-02 07:00:00,27674.100000000002,73255.78,104398.23,1,4108
2023-02-02 08:00:00,15168.64,91546.4,131891.56,1,5431
2023-02-02 09:00:00,13764.32,86212.1,125240.81,1,5295
2023-02-02 10:00:00,14899.17,90676.02,130902.91,1,5296
2023-02-02 11:00:00,15107.2,94589.38,136631.53,1,5553
2023-02-02 12:00:00,17254.44,104807.87,151074.74,1,5905
2023-02-02 13:00:00,17958.82,106860.04,154137.3,1,5952
2023-02-02 14:00:00,21296.98,124996.67,179413.24,1,6671
2023-02-02 15:00:00,21355.47,124925.45,179438.22,1,6808
2023-02-02 16:00:00,21708.85,125466.53,199582.5,1,6907
2023-02-02 17:00:00,24274.88,140952.22,224635.52,1,7919
2023-02-02 18:00:00,24225.16,146459.67,239144.87,1,8912
2023-02-02 19:00:00,22147.38,124762.47,203372.88,1,7521
2023-02-02 20:00:00,21306.28,116052.31,175562.04,1,6763
2023-02-02 21:00:00,22586.58,120536.06,183913.38999999998,1,7085
2023-02-02 22:00:00,20766.31,109172.02,163937.59,1,6243
2023-02-02 23:00:00,16863.43,83924.23,123982.31,1,4518
2023-02-03 00:00:00,10373.67,50171.66,73777.05,1,2698
2023-02-03 01:00:00,4948.73,25075.06,37619.87,1,1560
2023-02-03 02:00:00,2733.54,14232.29,21200.42,1,898
2023-02-03 03:00:00,1803.84,9066.54,13027.13,1,514
2023-02-03 04:00:00,2210.08,10199.13,14387.6,1,433
2023-02-03 05:00:00,3541.9,15570.85,22099.31,1,618
2023-02-03 06:00:00,7457.79,33959.0,47870.64,1,1649
2023-02-03 07:00:00,11849.79,62064.23,88389.42,1,3400
2023-02-03 08:00:00,17356.4,76031.28,110289.66,1,4575
2023-02-03 09:00:00,13551.76,79034.49,115345.02,1,4788
2023-02-03 10:00:00,14564.33,85686.11,124261.08,1,5107
2023-02-03 11:00:00,15625.92,94316.19,137349.1,1,5671
2023-02-03 12:00:00,23287.39,103332.58,150297.13,1,5950
2023-02-03 13:00:00,19386.19,108695.13,156622.78,1,6064
2023-02-03 14:00:00,22306.23,128848.4,185532.55,1,6971
2023-02-03 15:00:00,175959.87,132789.81,191524.57,1,7469
2023-02-03 16:00:00,28326.52,132970.99,211795.6,1,7516
2023-02-03 17:00:00,25364.44,144027.59,233708.52,1,8514
2023-02-03 18:00:00,33750.13,136323.6,224151.01,1,8958
2023-02-03 19:00:00,29526.87,133988.85,217824.86,1,8342
2023-02-03 20:00:00,17477.98,97760.62,148581.36,1,5996
2023-02-03 21:00:00,17968.77,97813.09,148498.08,1,5965
2023-02-03 22:00:00,19272.36,103980.72,155256.01,1,5950
2023-02-03 23:00:00,18511.79,97821.48,146283.98,1,5543
2023-02-04 00:00:00,14350.11,74208.38,111038.18,1,4302
2023-02-04 01:00:00,9187.34,49921.24,75817.93,1,3228
2023-02-04 02:00:00,5932.55,32436.99,49586.77,1,2227
2023-02-04 03:00:00,3794.97,20456.32,31158.48,1,1349
2023-02-04 04:00:00,2407.55,12652.15,18216.02,1,691
2023-02-04 05:00:00,9929.2,10205.43,13847.81,1,374
2023-02-04 06:00:00,4379.1,19437.03,26437.17,1,750
2023-02-04 07:00:00,13082.97,27847.89,38441.76,1,1249
2023-02-04 08:00:00,7260.28,36011.18,51950.59,1,2124
2023-02-04 09:00:00,8721.38,45779.58,67709.8,1,3066
2023-02-04 10:00:00,11024.16,61258.21,90267.27,1,4141
2023-02-04 11:00:00,12429.77,71340.48,106170.52,1,4894
2023-02-04 12:00:00,14592.71,83377.31,122613.91,1,5447
2023-02-04 13:00:00,201692.56999999998,90526.75,131500.27,1,5670
2023-02-04 14:00:00,18696.36,103933.33,149090.25,1,5740
2023-02-04 15:00:00,18491.03,105174.91,150819.6,1,5874
2023-02-04 16:00:00,117327.56,113105.34,162335.84,1,6505
2023-02-04 17:00:00,97153.46,114136.67,163018.94,1,6467
2023-02-04 18:00:00,17928.94,109778.9,158682.42,1,6638
2023-02-04 19:00:00,16753.67,102339.58,147187.36,1,6076
2023-02-04 20:00:00,14691.08,83651.66,124951.04,1,4938
2023-02-04 21:00:00,15746.5,87927.84,131734.56,1,5226
2023-02-04 22:00:00,135038.85,102694.75,152209.47,2,5739
2023-02-04 23:00:00,23425.19,96640.35,143094.55,1,5521
2023-02-05 00:00:00,14196.41,77577.26,115828.88,1,4814
2023-02-05 01:00:00,10286.73,57114.18,86607.11,1,3762
2023-02-05 02:00:00,12598.55,43371.23,66141.49,1,2925
2023-02-05 03:00:00,5622.82,29241.63,43769.88,1,1868
2023-02-05 04:00:00,3834.08,19162.13,27651.81,1,1029
2023-02-05 05:00:00,2995.23,13660.5,18158.22,1,430
2023-02-05 06:00:00,6447.04,20064.29,26547.4,1,721
2023-02-05 07:00:00,6410.55,29136.78,39799.77,1,1181
2023-02-05 08:00:00,10117.19,31814.79,45430.38,1,1723
2023-02-05 09:00:00,9685.58,49027.03,70915.89,1,2863
2023-02-05 10:00:00,12716.22,65336.87,95241.24,1,3908
2023-02-05 11:00:00,14225.55,74524.55,109402.9,1,4475
2023-02-05 12:00:00,16862.61,89669.03,130368.49,1,5146
2023-02-05 13:00:00,20281.06,107081.77,153424.66,1,5487
2023-02-05 14:00:00,21904.56,117015.56,166483.05,1,5603
2023-02-05 15:00:00,20343.68,108321.77,154105.88,1,5352
2023-02-05 16:00:00,22839.51,118829.98,169622.52,1,5779
2023-02-05 17:00:00,21226.74,111833.74,159119.31,1,5484
2023-02-05 18:00:00,19209.46,100246.77,144115.41,1,5191
2023-02-05 19:00:00,17365.37,86789.67,123148.31,1,4279
2023-02-05 20:00:00,16687.19,80093.48,118839.8,1,3908
2023-02-05 21:00:00,16535.92,78152.66,113945.79,1,3632
2023-02-05 22:00:00,15042.31,67853.14,95922.26,1,2665
2023-02-05 23:00:00,12057.32,53375.44,74686.55,1,1874
2023-02-06 00:00:00,7117.0,30554.95,42837.68,1,1164
2023-02-06 01:00:00,3246.99,14290.57,19386.88,1,546
2023-02-06 02:00:00,1598.12,7094.44,9644.46,1,306
2023-02-06 03:00:00,6700.66,4259.78,6130.6,1,209
2023-02-06 04:00:00,1409.65,6660.75,9015.61,1,251
2023-02-06 05:00:00,3890.81,17676.7,24500.1,1,691
2023-02-06 06:00:00,8179.12,38490.52,52919.909999999996,1,1781
2023-02-06 07:00:00,13371.13,69642.59,98224.06,1,3629
2023-02-06 08:00:00,14240.29,83235.69,119522.33,1,4807
2023-02-06 09:00:00,15129.12,87739.44,127146.33,1,4841
2023-02-06 10:00:00,14706.01,84626.55,122337.3,1,4772
2023-02-06 11:00:00,14081.86,82020.44,117824.61,1,4643
2023-02-06 12:00:00,16015.22,90325.52,129648.15,1,5086
2023-02-06 13:00:00,18918.93,101416.33,144905.52,1,5389
2023-02-06 14:00:00,20140.64,109752.66,157384.12,1,5731
2023-02-06 15:00:00,30899.9,118676.39,169287.2,1,6288
2023-02-06 16:00:00,21105.03,115634.45,182161.91,1,6182
2023-02-06 17:00:00,22291.19,122096.33,194631.47,1,6690
2023-02-06 18:00:00,19406.66,109125.62,179071.69,1,6774
2023-02-06 19:00:00,21577.42,94796.33,153979.42,1,5582
2023-02-06 20:00:00,18102.37,90280.86,136850.13,1,5057
2023-02-06 21:00:00,17598.57,86402.53,129262.56999999999,1,4637
2023-02-06 22:00:00,14719.56,70803.7,105022.8,1,3627
2023-02-06 23:00:00,11733.51,54638.9,78260.36,1,2363
2023-02-07 00:00:00,6708.46,30109.46,41318.04,1,1178
2023-02-07 01:00:00,2094.72,9696.55,13665.75,1,506
2023-02-07 02:00:00,1149.54,5434.07,7749.56,1,274
2023-02-07 03:00:00,765.68,3972.11,5538.13,1,188
2023-02-07 04:00:00,1564.34,6871.86,9122.66,1,224
2023-02-07 05:00:00,2772.03,12812.11,18225.43,1,572
2023-02-07 06:00:00,6944.28,34062.75,47680.9,1,1800
2023-02-07 07:00:00,19340.33,64931.66,93120.39,1,3880
2023-02-07 08:00:00,14908.17,91340.5,132035.33,1,5376
2023-02-07 09:00:00,15561.14,96566.42,140519.67,1,5529
2023-02-07 10:00:00,15646.8,96842.71,139931.54,1,5462
2023-02-07 11:00:00,13895.33,90576.15,130583.3,1,5359
2023-02-07 12:00:00,15541.12,96353.26,138746.83,1,5704
2023-02-07 13:00:00,17379.45,103597.24,149231.11,1,5974
2023-02-07 14:00:00,23030.86,129553.35,185384.41,1,6838
2023-02-07 15:00:00,21357.34,124153.35,177999.54,1,6766
2023-02-07 16:00:00,20681.45,120813.38,192401.29,1,6791
2023-02-07 17:00:00,26750.54,129668.5,208399.66,1,7483
2023-02-07 18:00:00,21077.91,126256.61,207739.32,1,8002
2023-02-07 19:00:00,19720.83,109632.0,180617.02,1,6826
2023-02-07 20:00:00,20102.06,105505.4,161883.15,1,6422
2023-02-07 21:00:00,21640.89,114526.37,174969.5,1,6895
2023-02-07 22:00:00,17843.45,89080.48,132853.96,1,4951
2023-02-07 23:00:00,11441.01,56437.12,84243.63,1,3097
2023-02-08 00:00:00,6141.42,28899.99,41320.67,1,1472
2023-02-08 01:00:00,2373.54,12200.78,17564.329999999998,1,688
2023-02-08 02:00:00,1234.56,6260.96,8909.65,1,342
2023-02-08 03:00:00,904.09,4564.66,6356.69,1,218
2023-02-08 04:00:00,1717.79,8355.37,11354.11,1,298
2023-02-08 05:00:00,3348.04,15429.85,21760.1,1,617
2023-02-08 06:00:00,12112.869999999999,34649.64,48752.45,1,1786
2023-02-08 07:00:00,12086.8,66383.35,95459.56999999999,1,3885
2023-02-08 08:00:00,14462.26,88135.62,127487.94,1,5266
2023-02-08 09:00:00,15052.62,93681.06,135709.5,1,5409
2023-02-08 10:00:00,14395.41,90946.87,130734.77,1,5236
2023-02-08 11:00:00,15283.62,96415.23,138588.21,1,5444
2023-02-08 12:00:00,27802.1,105853.94,151811.03,1,5902
2023-02-08 13:00:00,18257.62,108787.52,155105.91,1,5891
2023-02-08 14:00:00,21371.25,122610.69,175943.34,1,6422
2023-02-08 15:00:00,21034.55,123673.76,178100.97,1,6723
2023-02-08 16:00:00,22220.65,127388.75,200992.02,1,6854
2023-02-08 17:00:00,20524.19,126183.97,204638.7,1,7565
2023-02-08 18:00:00,21713.79,130600.65,214082.76,1,8118
2023-02-08 19:00:00,21247.44,119930.64,195711.14,1,7265
2023-02-08 20:00:00,20923.71,112069.45,170931.2,1,6543
2023-02-08 21:00:00,22895.28,118325.32,178684.2,1,6816
2023-02-08 22:00:00,19557.78,102150.19,153904.87,1,5905
2023-02-08 23:00:00,14359.95,72773.91,106934.98,1,3732
2023-02-09 00:00:00,7657.36,37067.04,54054.51,1,2011
2023-02-09 01:00:00,3088.34,15704.75,23319.79,1,963
2023-02-09 02:00:00,1722.65,8764.4,12749.53,1,525
2023-02-09 03:00:00,1461.14,7159.67,10052.64,1,379
2023-02-09 04:00:00,1978.77,8468.4,11894.49,1,308
2023-02-09 05:00:00,3675.92,16986.25,23769.52,1,635
2023-02-09 06:00:00,7578.78,36423.39,51030.45,1,1804
2023-02-09 07:00:00,13165.67,72265.68,103294.97,1,3962
2023-02-09 08:00:00,14471.55,88575.76,128632.64,1,5288
2023-02-09 09:00:00,16374.42,101205.75,145413.76,1,5595
2023-02-09 10:00:00,15398.8,94477.35,136407.03,1,5447
2023-02-09 11:00:00,17329.44,106458.23,152811.51,1,5820
2023-02-09 12:00:00,17887.91,109147.01,156565.55,1,5960
2023-02-09 13:00:00,20214.07,118021.56,169638.99,1,6179
2023-02-09 14:00:00,22644.66,131316.27,187420.5,1,6720
2023-02-09 15:00:00,33568.69,140251.71,200368.69,1,7074
2023-02-09 16:00:00,23560.8,138342.75,215001.82,1,6982
2023-02-09 17:00:00,25218.31,149205.28,234601.16,1,7826
2023-02-09 18:00:00,23511.47,148814.58,238938.09,1,8639
2023-02-09 19:00:00,22322.35,129692.47,208712.08,1,7547
2023-02-09 20:00:00,22791.98,122974.84,184839.25,1,6829
2023-02-09 21:00:00,23127.01,123334.36,186174.13,1,6951
2023-02-09 22:00:00,24444.91,125417.22,185814.01,1,6638
2023-02-09 23:00:00,19701.27,98869.17,145152.8,1,5040
2023-02-10 00:00:00,9697.99,49272.74,73113.29,1,2837
2023-02-10 01:00:00,6331.01,31014.72,45880.48,1,1777
2023-02-10 02:00:00,3380.14,17555.05,25792.51,1,1077
2023-02-10 03:00:00,2402.31,11929.06,17058.67,1,635
2023-02-10 04:00:00,2942.77,13632.99,19048.23,1,528
2023-02-10 05:00:00,3957.02,17471.11,24723.81,1,623
2023-02-10 06:00:00,7811.58,36565.32,50632.5,1,1624
2023-02-10 07:00:00,11658.53,61414.0,88172.18,1,3350
2023-02-10 08:00:00,12603.02,72270.72,104193.08,1,4102
2023-02-10 09:00:00,15051.17,85688.43,124458.65,1,4766
2023-02-10 10:00:00,15860.73,90333.03,130000.39,1,4948
2023-02-10 11:00:00,16107.34,95801.48,136943.13,1,5325
2023-02-10 12:00:00,18394.99,105650.16,151750.07,1,5758
2023-02-10 13:00:00,20583.36,115300.93,164551.01,1,5932
2023-02-10 14:00:00,23571.06,133166.85,189446.16,1,6612
2023-02-10 15:00:00,32230.67,132840.37,187384.69,1,6627
2023-02-10 16:00:00,21315.77,125069.66,197387.35,1,6810
2023-02-10 17:00:00,22782.25,133042.06,213923.19,1,7681
2023-02-10 18:00:00,22313.39,131711.52,215820.03,1,8214
2023-02-10 19:00:00,33332.44,136685.0,219497.76,1,8074
2023-02-10 20:00:00,20600.75,116258.13,175117.3,1,6686
2023-02-10 21:00:00,22940.05,123665.73,183486.5,1,6716
2023-02-10 22:00:00,21993.96,125325.66,186673.49,1,7121
2023-02-10 23:00:00,21652.85,118550.97,176039.34,1,6538
2023-02-11 00:00:00,17610.62,98123.68,145726.7,1,5734
2023-02-11 01:00:00,12823.91,70742.66,107265.43,1,4579
2023-02-11 02:00:00,10175.82,55103.37,83449.17,1,3648
2023-02-11 03:00:00,7237.33,37382.38,55660.21,1,2349
2023-02-11 04:00:00,4210.77,21007.66,30040.04,1,1114
2023-02-11 05:00:00,3000.98,13096.88,18199.13,1,502
2023-02-11 06:00:00,4182.5,18612.57,25394.06,1,766
2023-02-11 07:00:00,6290.36,28604.71,39243.04,1,1306
2023-02-11 08:00:00,7910.7,38873.51,55549.85,1,2171
2023-02-11 09:00:00,28115.070000000003,55904.89,82087.46,1,3469
2023-02-11 10:00:00,18292.71,67282.62,98899.49,1,4490
2023-02-11 11:00:00,14737.08,85044.96,124914.12,1,5449
2023-02-11 12:00:00,17066.76,98356.32,142271.02,1,5915
2023-02-11 13:00:00,18251.56,108622.75,155807.97,1,6215
2023-02-11 14:00:00,20555.34,117923.39,167267.2,1,6339
2023-02-11 15:00:00,19661.4,116431.91,165723.6,1,6499
2023-02-11 16:00:00,19569.87,118913.97,169995.66,1,6759
2023-02-11 17:00:00,22204.02,132094.77,186363.8,1,7075
2023-02-11 18:00:00,21306.78,133954.65,190799.55,1,7626
2023-02-11 19:00:00,22728.84,138958.59,195855.25,1,7563
2023-02-11 20:00:00,18592.46,110264.18,161587.61,1,6067
2023-02-11 21:00:00,19376.72,109802.66,161752.91,1,6037
2023-02-11 22:00:00,20867.92,121481.44,179380.7,2,6691
2023-02-11 23:00:00,19418.79,109361.19,161521.82,1,6121
2023-02-12 00:00:00,16925.96,93374.99,139468.01,1,5604
2023-02-12 01:00:00,12733.0,70225.07,106499.1,1,4591
2023-02-12 02:00:00,9789.17,52572.29,79437.69,1,3454
2023-02-12 03:00:00,7214.68,37307.56,55662.49,1,2346
2023-02-12 04:00:00,5129.6,24886.35,35825.85,1,1331
2023-02-12 05:00:00,3245.33,14240.76,19538.49,1,499
2023-02-12 06:00:00,5016.84,21902.45,29130.35,1,779
2023-02-12 07:00:00,5563.83,25104.9,34608.97,1,1091
2023-02-12 08:00:00,6480.81,31920.75,45540.63,1,1794
2023-02-12 09:00:00,9805.42,48075.71,69382.69,1,2730
2023-02-12 10:00:00,13122.38,67104.36,97568.5,1,4000
2023-02-12 11:00:00,14422.85,76610.83,111987.56999999999,1,4537
2023-02-12 12:00:00,17590.38,93379.32,136186.36,1,5343
2023-02-12 13:00:00,20222.75,106365.27,152927.54,1,5645
2023-02-12 14:00:00,22353.52,117601.88,168156.75,1,5880
2023-02-12 15:00:00,21956.72,114319.66,161364.5,1,5471
2023-02-12 16:00:00,22915.55,117599.11,167262.38,1,5768
2023-02-12 17:00:00,25307.08,132816.79,190427.52,1,7073
2023-02-12 18:00:00,20728.75,108630.12,157337.04,1,6208
2023-02-12 19:00:00,16985.67,79709.43,112864.13,1,3758
2023-02-12 20:00:00,14876.55,70057.41,102620.67,1,3408
2023-02-12 21:00:00,18580.32,86093.48,125773.34,1,3993
2023-02-12 22:00:00,22244.83,109354.57,160504.62,1,5693
2023-02-12 23:00:00,15711.67,75163.83,107567.59,1,3407
2023-02-13 00:00:00,7523.94,34307.6,48341.98,1,1464
2023-02-13 01:00:00,2053.4,10083.4,14603.78,1,627
2023-02-13 02:00:00,1408.89,6820.33,9974.26,1,406
2023-02-13 03:00:00,1004.08,4800.38,6847.41,1,261
2023-02-13 04:00:00,13066.74,8731.19,11951.81,1,331
2023-02-13 05:00:00,4175.85,18148.26,24917.06,1,663
2023-02-13 06:00:00,8510.81,39460.94,54298.45,1,1794
2023-02-13 07:00:00,13115.01,66633.26,94887.73,1,3549
2023-02-13 08:00:00,22343.030000000002,78489.25,113384.51,1,4686
2023-02-13 09:00:00,15021.74,85473.55,123586.08,1,4774
2023-02-13 10:00:00,15056.79,85328.21,123555.71,1,4806
2023-02-13 11:00:00,15067.39,86579.58,124891.31,1,4925
2023-02-13 12:00:00,16369.29,91225.27,130825.97,1,5094
2023-02-13 13:00:00,18157.69,97569.37,139182.36,1,5190
2023-02-13 14:00:00,20560.69,114360.43,162945.67,1,5859
2023-02-13 15:00:00,24302.14,114699.4,163473.15,1,6042
2023-02-13 16:00:00,21271.69,116844.25,181893.31,1,6120
2023-02-13 17:00:00,20714.59,116319.07,184892.9,1,6556
2023-02-13 18:00:00,18730.0,108167.16,177100.78,1,6915
2023-02-13 19:00:00,20261.6,104730.65,167294.93,1,5973
2023-02-13 20:00:00,17615.23,89699.94,135568.88999999998,1,5123
2023-02-13 21:00:00,18310.43,90177.45,134598.09,1,4905
2023-02-13 22:00:00,17942.99,86485.99,126523.73,1,4371
2023-02-13 23:00:00,12091.76,56063.76,80769.79,1,2547
2023-02-14 00:00:00,6062.8,27536.37,38553.56,1,1210
2023-02-14 01:00:00,2173.57,9837.57,13991.85,1,518
2023-02-14 02:00:00,1193.6299999999999,5798.84,7993.22,1,300
2023-02-14 03:00:00,1347.51,5991.71,8044.24,1,220
2023-02-14 04:00:00,1230.07,5603.94,7895.3,1,237
2023-02-14 05:00:00,3461.49,14994.87,20525.57,1,573
2023-02-14 06:00:00,8275.56,38955.37,53985.56,1,1891
2023-02-14 07:00:00,12057.01,67810.87,96617.54,1,3872
2023-02-14 08:00:00,14202.58,90105.16,128388.53,1,5160
2023-02-14 09:00:00,14505.94,94353.27,134709.97,1,5337
2023-02-14 10:00:00,14198.66,90219.31,128577.41,1,5117
2023-02-14 11:00:00,14446.35,92573.34,132321.72,1,5362
2023-02-14 12:00:00,16253.02,100390.63,143048.41,1,5686
2023-02-14 13:00:00,16847.82,101605.34,145305.44,1,5753
2023-02-14 14:00:00,19575.3,117151.0,167162.63,1,6379
2023-02-14 15:00:00,20410.24,123289.24,174219.66,1,6581
2023-02-14 16:00:00,20776.74,125232.67,197077.39,1,6795
2023-02-14 17:00:00,22749.22,141919.9,224678.11,1,7914
2023-02-14 18:00:00,23384.99,147730.95,239056.04,1,8979
2023-02-14 19:00:00,22946.23,133380.43,215593.0,1,8003
2023-02-14 20:00:00,20686.16,115056.13,172692.95,1,6601
2023-02-14 21:00:00,19293.83,107082.1,160136.8,1,6054
2023-02-14 22:00:00,18304.52,98128.42,146236.18,1,5563
2023-02-14 23:00:00,15299.85,78935.23,116588.52,1,4239
2023-02-15 00:00:00,7867.91,39559.75,57206.33,1,2148
2023-02-15 01:00:00,3029.5,15241.94,22453.74,1,938
2023-02-15 02:00:00,1707.16,8338.94,12106.76,1,495
2023-02-15 03:00:00,1538.97,7342.18,10248.7,1,345
2023-02-15 04:00:00,3439.8,15304.52,21288.66,1,417
2023-02-15 05:00:00,6497.36,28381.46,39658.95,1,813
2023-02-15 06:00:00,9393.67,44069.41,61846.52,1,1924
2023-02-15 07:00:00,14822.06,77257.53,111066.22,1,4043
2023-02-15 08:00:00,16231.82,92852.72,134816.8,1,5239
2023-02-15 09:00:00,17331.38,103530.56,149143.17,1,5483
2023-02-15 10:00:00,17054.14,102312.52,147812.23,1,5454
2023-02-15 11:00:00,17784.06,108202.9,154206.55,1,5473
2023-02-15 12:00:00,19685.05,116217.77,165845.0,1,5892
2023-02-15 13:00:00,24715.59,123277.53,175563.69,1,6067
2023-02-15 14:00:00,25788.82,144392.7,204737.86,1,6689
2023-02-15 15:00:00,41801.23,130470.51,185713.55,1,6658
2023-02-15 16:00:00,20706.42,121993.97,191233.23,1,6485
2023-02-15 17:00:00,23995.2,141741.88,225142.08,1,7791
2023-02-15 18:00:00,23687.34,137394.34,222795.16,1,8214
2023-02-15 19:00:00,21933.76,120686.84,196340.82,1,7273
2023-02-15 20:00:00,21629.7,115920.47,175640.52,1,6658
2023-02-15 21:00:00,28338.7,112674.59,170898.86,1,6527
2023-02-15 22:00:00,20212.38,104257.07,155604.13999999998,1,5779
2023-02-15 23:00:00,14854.4,73317.48,107999.09,1,3833
2023-02-16 00:00:00,7640.95,37614.3,54483.62,1,1968
2023-02-16 01:00:00,3088.2,15093.26,22373.34,1,931
2023-02-16 02:00:00,1784.2,8686.09,12594.55,1,532
2023-02-16 03:00:00,1616.06,7289.94,10252.29,1,344
2023-02-16 04:00:00,2501.8,10784.81,15310.75,1,400
2023-02-16 05:00:00,4322.36,19652.83,27270.76,1,705
2023-02-16 06:00:00,8887.09,40912.81,56759.01,1,1939
2023-02-16 07:00:00,12465.04,67085.83,96477.31999999999,1,3807
2023-02-16 08:00:00,14145.37,85657.99,123922.19,1,5046
2023-02-16 09:00:00,15376.9,93830.75,135131.05,1,5298
2023-02-16 10:00:00,14378.58,88145.49,127108.42,1,5139
2023-02-16 11:00:00,15762.4,96026.82,138350.34,1,5438
2023-02-16 12:00:00,37067.13,109587.53,158132.34,1,5981
2023-02-16 13:00:00,21395.67,120052.13,171263.48,1,6276
2023-02-16 14:00:00,23936.08,142728.98,205243.13999999998,1,7655
2023-02-16 15:00:00,24323.33,153324.79,217792.63999999998,1,8131
2023-02-16 16:00:00,25086.45,151447.17,234136.83,1,7327
2023-02-16 17:00:00,23293.83,142608.52,224649.02,1,7494
2023-02-16 18:00:00,23436.55,142628.11,228816.84,1,8201
2023-02-16 19:00:00,22805.53,124214.61,200400.89,1,7168
2023-02-16 20:00:00,21728.49,116984.93,176706.74,1,6520
2023-02-16 21:00:00,21835.95,115719.25,175017.73,1,6561
2023-02-16 22:00:00,20636.7,105795.24,158037.03,1,5800
2023-02-16 23:00:00,16680.27,81076.34,118701.2,1,4155
2023-02-17 00:00:00,10501.59,51113.75,74653.64,1,2670
2023-02-17 01:00:00,5820.74,28732.05,42392.4,1,1624
2023-02-17 02:00:00,3732.85,17971.77,25985.17,1,1012
2023-02-17 03:00:00,2022.79,10356.4,14820.44,1,554
2023-02-17 04:00:00,3149.42,14432.13,20651.6,1,525
2023-02-17 05:00:00,12358.0,18945.56,26599.39,1,698
2023-02-17 06:00:00,9388.45,43364.56,59395.55,1,1726
2023-02-17 07:00:00,20596.35,61880.79,88527.61,1,3367
2023-02-17 08:00:00,12883.14,73148.37,105986.33,1,4275
2023-02-17 09:00:00,16299.47,93198.19,134618.64,1,5162
2023-02-17 10:00:00,14712.39,86713.32,124887.45,1,4775
2023-02-17 11:00:00,15591.36,91640.11,132343.97,1,5022
2023-02-17 12:00:00,18403.75,105746.55,151752.87,1,5558
2023-02-17 13:00:00,30621.34,116641.69,168821.99,1,6462
2023-02-17 14:00:00,28188.35,125937.66,178968.38,1,6499
2023-02-17 15:00:00,23078.76,136668.55,195493.2,1,7047
2023-02-17 16:00:00,24155.45,143834.98,224983.32,1,7502
2023-02-17 17:00:00,22488.21,133748.11,213091.88,1,7579
2023-02-17 18:00:00,21785.24,129184.86,209669.09,1,7824
2023-02-17 19:00:00,21577.14,124141.73,201477.37,1,7572
2023-02-17 20:00:00,19026.17,105535.37,160775.79,1,6279
2023-02-17 21:00:00,20246.23,110137.41,165592.48,1,6189
2023-02-17 22:00:00,31901.2,110834.85,165109.73,1,6158
2023-02-17 23:00:00,20014.56,104882.44,155702.84,1,5666
2023-02-18 00:00:00,16915.85,87538.04,130966.49,1,4907
2023-02-18 01:00:00,11363.32,60792.5,92501.58,1,3843
2023-02-18 02:00:00,8283.63,44048.35,67086.72,2,2924
2023-02-18 03:00:00,5589.45,28928.15,43306.94,1,1862
2023-02-18 04:00:00,3462.9,17442.78,25233.51,1,941
2023-02-18 05:00:00,2935.19,13208.01,18111.72,1,440
2023-02-18 06:00:00,4854.18,21761.96,29205.34,1,834
2023-02-18 07:00:00,6450.51,29355.66,40229.73,1,1272
2023-02-18 08:00:00,8662.21,41217.02,57823.29,1,2126
2023-02-18 09:00:00,10827.58,55983.87,81153.69,1,3301
2023-02-18 10:00:00,13275.6,71971.99,104434.37,1,4412
2023-02-18 11:00:00,14301.67,80037.16,116551.7,1,5006
2023-02-18 12:00:00,16419.35,93177.28,134277.25,1,5468
2023-02-18 13:00:00,17945.07,102840.21,146992.88999999998,1,5707
2023-02-18 14:00:00,20831.9,115889.31,163856.18,2,5970
2023-02-18 15:00:00,21264.52,121218.29,171539.96,2,6266
2023-02-18 16:00:00,21663.76,125706.03,177373.31,1,6664
2023-02-18 17:00:00,19355.82,117246.37,166294.57,2,6568
2023-02-18 18:00:00,18486.88,117047.16,167145.73,2,6864
2023-02-18 19:00:00,19477.0,117870.46,167603.16,2,6765
2023-02-18 20:00:00,17024.55,97504.64,143236.68,2,5543
2023-02-18 21:00:00,18591.77,102647.9,150250.31,2,5540
2023-02-18 22:00:00,20209.06,112362.6,164889.38,2,6148
2023-02-18 23:00:00,18981.05,104508.85,154231.8,1,5901
2023-02-19 00:00:00,17487.55,95086.13,140656.04,1,5577
2023-02-19 01:00:00,12070.37,66598.99,100186.14,1,4283
2023-02-19 02:00:00,9775.5,52289.43,78788.26,1,3352
2023-02-19 03:00:00,7550.47,38674.11,56983.57,1,2361
2023-02-19 04:00:00,4886.05,24164.28,34812.55,1,1266
2023-02-19 05:00:00,3373.8,15735.37,21024.59,1,502
2023-02-19 06:00:00,4561.83,20116.54,26745.04,1,715
2023-02-19 07:00:00,5936.77,26785.62,36182.42,1,1086
2023-02-19 08:00:00,7132.11,33154.76,46125.57,1,1594
2023-02-19 09:00:00,10106.24,48838.66,69513.88,1,2592
2023-02-19 10:00:00,11822.68,61665.89,89769.74,1,3750
2023-02-19 11:00:00,13761.28,74276.41,108351.14,1,4516
2023-02-19 12:00:00,17587.53,94619.18,136308.16,1,5182
2023-02-19 13:00:00,19891.53,105565.63,149983.72,1,5344
2023-02-19 14:00:00,22045.35,116612.15,164946.56,1,5554
2023-02-19 15:00:00,21798.91,117408.49,165249.61,1,5674
2023-02-19 16:00:00,66440.62,120097.74,168712.72,1,5824
2023-02-19 17:00:00,20203.44,113444.35,160566.7,1,5685
2023-02-19 18:00:00,17993.37,101639.01,145488.84,1,5510
2023-02-19 19:00:00,18090.47,91925.1,130225.13,1,4711
2023-02-19 20:00:00,17308.62,85566.9,125543.34,1,4312
2023-02-19 21:00:00,16395.18,80056.9,117432.66,1,4062
2023-02-19 22:00:00,21947.3,74814.79,109096.26,1,3740
2023-02-19 23:00:00,12551.84,57818.25,84108.79,1,2826
2023-02-20 00:00:00,8418.58,38676.45,55801.51,1,1909
2023-02-20 01:00:00,4070.6,19442.25,28417.68,1,1075
2023-02-20 02:00:00,2659.68,13043.43,19143.84,1,748
2023-02-20 03:00:00,2034.12,9670.29,14036.77,1,517
2023-02-20 04:00:00,2683.11,11738.15,16741.14,2,451
2023-02-20 05:00:00,3505.68,15261.59,20625.47,1,475
2023-02-20 06:00:00,7205.85,31316.45,41985.95,1,1071
2023-02-20 07:00:00,8486.67,38581.29,53134.13,1,1587
2023-02-20 08:00:00,9435.72,45203.56,65308.62,1,2402
2023-02-20 09:00:00,12215.81,60378.4,86939.26,1,3219
2023-02-20 10:00:00,14340.79,72886.92,105296.05,1,3917
2023-02-20 11:00:00,15989.6,82867.18,119657.73,1,4622
2023-02-20 12:00:00,17684.99,91068.96,131800.07,1,4921
2023-02-20 13:00:00,21730.78,108579.38,154724.18,1,5277
2023-02-20 14:00:00,23599.97,120201.17,170921.03,1,5821
2023-02-20 15:00:00,23599.3,121103.65,172682.12,1,5969
2023-02-20 16:00:00,23445.91,118883.75,169287.82,1,5797
2023-02-20 17:00:00,21929.3,113052.4,161471.52,1,5753
2023-02-20 18:00:00,19047.64,99495.21,144737.61,1,5619
2023-02-20 19:00:00,20171.09,97625.39,139925.12,1,4803
2023-02-20 20:00:00,18061.32,86020.98,125759.54,1,4119
2023-02-20 21:00:00,19385.14,90798.08,133762.9,1,4147
2023-02-20 22:00:00,17558.03,79346.03,113388.58,1,3237
2023-02-20 23:00:00,13062.23,56755.91,81798.31999999999,1,2127
2023-02-21 00:00:00,7464.99,32004.37,44387.77,1,1238
2023-02-21 01:00:00,2556.6,11849.28,16137.92,1,504
2023-02-21 02:00:00,832.14,4157.85,5823.35,1,223
2023-02-21 03:00:00,969.14,4340.23,6035.25,1,193
2023-02-21 04:00:00,1672.49,7430.13,9980.84,1,242
2023-02-21 06:00:00,8794.03,41793.99,57449.95,1,1936
2023-02-21 07:00:00,40682.28,65722.11,93218.71,1,3511
2023-02-21 08:00:00,14723.47,85395.35,124003.27,1,4986
2023-02-21 09:00:00,16265.62,95566.82,137952.14,1,5344
2023-02-21 10:00:00,21677.22,99200.08,142764.86,1,5339
2023-02-21 11:00:00,15030.68,91865.21,131876.9,1,5192
2023-02-21 12:00:00,18960.75,107806.86,153272.61,1,5696
2023-02-21 13:00:00,19746.11,111639.29,158405.83,1,5829
2023-02-21 14:00:00,21658.44,121172.23,171251.88999999998,1,6189
2023-02-21 15:00:00,22603.3,127157.73,181699.91,1,6801
2023-02-21 16:00:00,20859.9,119193.66,187836.73,1,6549
2023-02-21 17:00:00,22624.94,134113.91,215495.84,1,7716
2023-02-21 18:00:00,19640.62,115890.4,189092.84,1,7208
2023-02-21 19:00:00,21402.27,111670.59,179935.72,1,6262
2023-02-21 20:00:00,18932.56,97044.19,147031.8,1,5492
2023-02-21 21:00:00,19520.44,98574.95,148532.18,1,5447
2023-02-21 22:00:00,17811.82,87756.2,130817.71,1,4583
2023-02-21 23:00:00,13004.63,60277.87,86533.86,1,2704
2023-02-22 00:00:00,8338.67,37611.56,53579.78,1,1540
2023-02-22 01:00:00,3267.06,14661.25,20808.75,1,707
2023-02-22 02:00:00,1447.51,6856.45,9652.56,1,358
2023-02-22 03:00:00,1118.46,4972.06,7069.38,1,244
2023-02-22 04:00:00,1883.55,8410.99,11398.39,1,280
2023-02-22 05:00:00,3354.49,15245.01,21176.99,1,592
2023-02-22 06:00:00,6824.54,33815.42,47710.08,1,1798
2023-02-22 07:00:00,11960.23,64025.53,91597.99,1,3633
2023-02-22 08:00:00,16044.41,93795.9,134156.21,1,5225
2023-02-22 09:00:00,27193.83,101691.43,145212.93,1,5515
2023-02-22 10:00:00,21053.12,93709.01,134790.55,1,5420
2023-02-22 11:00:00,15471.78,97748.05,140404.64,1,5667
2023-02-22 12:00:00,17180.96,106431.19,152190.81,1,6039
2023-02-22 13:00:00,22150.64,133701.34,190903.2,1,7189
2023-02-22 14:00:00,26422.68,157252.62,224379.91,1,7971
2023-02-22 15:00:00,22609.65,142416.75,202835.93,1,7657
2023-02-22 16:00:00,22231.52,139483.73,216598.28,1,7219
2023-02-22 17:00:00,22971.35,141582.44,221949.46,1,7414
2023-02-22 18:00:00,22991.68,137963.23,222931.84,1,8117
2023-02-22 19:00:00,22016.62,121126.29,197152.41,1,7336
2023-02-22 20:00:00,20641.39,108897.52,165883.68,1,6406
2023-02-22 21:00:00,20392.72,104146.79,158484.43,1,6118
2023-02-22 22:00:00,18526.97,93438.26,139587.02,1,5114
2023-02-22 23:00:00,13490.25,64726.04,95481.3,1,3313
2023-02-23 00:00:00,7692.54,35997.98,51232.09,1,1708
2023-02-23 01:00:00,3657.89,17179.7,25127.579999999998,1,878
2023-02-23 02:00:00,1842.82,8944.710000000001,13094.6,1,522
2023-02-23 03:00:00,2049.17,9114.48,12361.01,1,369
2023-02-23 04:00:00,2046.56,8915.82,12407.27,1,324
2023-02-23 05:00:00,3151.79,14727.67,20708.31,1,636
2023-02-23 06:00:00,8787.83,41075.72,56362.06,1,1820
2023-02-23 07:00:00,12060.94,64523.51,92077.02,1,3611
2023-02-23 08:00:00,13731.24,83441.53,120399.68,1,4994
2023-02-23 09:00:00,16090.53,96179.66,137983.81,1,5377
2023-02-23 10:00:00,15595.34,95505.58,136649.0,1,5404
2023-02-23 11:00:00,17916.81,108843.26,154436.53,1,5879
2023-02-23 12:00:00,17390.62,109488.39,157163.0,1,6015
2023-02-23 13:00:00,21689.77,124231.6,175486.91,1,6327
2023-02-23 14:00:00,25849.9,143631.99,202890.58,1,7011
2023-02-23 15:00:00,36411.76,137712.06,195494.3,1,7051
2023-02-23 16:00:00,27247.95,152960.05,235926.79,1,7547
2023-02-23 17:00:00,121430.04,151522.75,239661.21,1,8305
2023-02-23 18:00:00,22855.04,142593.5,231029.37,1,8563
2023-02-23 19:00:00,51799.47,131232.01,210559.63,1,7647
2023-02-23 20:00:00,23089.19,124333.59,186841.86,1,6988
2023-02-23 21:00:00,23647.31,125183.22,189658.84,1,7142
2023-02-23 22:00:00,29901.75,118131.74,175884.52,1,6544
2023-02-23 23:00:00,18134.16,88890.91,130762.78,1,4548
2023-02-24 00:00:00,11397.29,55635.94,80566.33,1,2870
2023-02-24 01:00:00,6291.77,30987.89,45368.43,1,1643
2023-02-24 02:00:00,3339.35,16345.65,23910.79,1,970
2023-02-24 03:00:00,2036.22,9706.78,14249.89,1,567
2023-02-24 04:00:00,2317.2400000000002,11461.7,15972.38,1,451
2023-02-24 05:00:00,4427.68,19257.56,26726.92,1,665
2023-02-24 06:00:00,8103.1,37106.43,50896.45,1,1656
2023-02-24 07:00:00,18655.690000000002,59741.31,84758.35,1,3071
2023-02-24 08:00:00,11833.63,69841.28,100060.46,1,3968
2023-02-24 09:00:00,14877.69,84661.09,121335.84,1,4757
2023-02-24 10:00:00,16325.47,92610.36,132271.45,1,5107
2023-02-24 11:00:00,15974.55,93775.85,135198.77,1,5397
2023-02-24 12:00:00,18324.76,107070.35,153197.98,1,5917
2023-02-24 13:00:00,36793.43,117990.39,166999.29,1,6015
2023-02-24 14:00:00,24195.54,136491.54,193865.77,1,6956
2023-02-24 15:00:00,32947.55,135705.29,193684.22,1,7099
2023-02-24 16:00:00,22418.38,130496.91,205276.97,1,6968
2023-02-24 17:00:00,22331.01,133056.62,214430.74,1,7796
2023-02-24 18:00:00,23542.58,139511.51,226015.38,1,8465
2023-02-24 19:00:00,23875.89,137154.65,220207.61,1,8147
2023-02-24 20:00:00,19724.84,113224.35,171166.46,1,6703
2023-02-24 21:00:00,20979.67,117765.18,176234.59,1,6803
2023-02-24 22:00:00,22212.57,123964.88,184923.86,1,7000
2023-02-24 23:00:00,20878.41,116029.73,172327.67,1,6480
2023-02-25 00:00:00,19771.96,104256.42,154698.35,1,5736
2023-02-25 01:00:00,13980.93,75036.0,112382.08,1,4663
2023-02-25 02:00:00,9347.51,50799.95,76526.39,1,3335
2023-02-25 03:00:00,6148.45,32824.58,49366.58,1,2096
2023-02-25 04:00:00,4421.15,21672.1,31046.2,1,1115
2023-02-25 05:00:00,3161.65,13964.96,18914.66,1,508
2023-02-25 06:00:00,5374.45,23858.73,32085.22,1,872
2023-02-25 07:00:00,19119.02,29863.97,41643.15,1,1326
2023-02-25 08:00:00,8401.11,41985.4,59203.96,1,2169
2023-02-25 09:00:00,11557.03,58628.26,84761.29,1,3472
2023-02-25 10:00:00,14297.89,76977.89,112453.73,1,4795
2023-02-25 11:00:00,15491.27,86896.98,126367.7,1,5347
2023-02-25 12:00:00,31782.13,100098.36,144869.0,1,6017
2023-02-25 13:00:00,21338.63,119068.31,169454.2,1,6572
2023-02-25 14:00:00,21671.26,122701.3,174131.91,1,6563
2023-02-25 15:00:00,20487.35,117628.33,167529.41,1,6499
2023-02-25 16:00:00,21727.27,125942.1,178869.5,1,6992
2023-02-25 17:00:00,19537.64,117891.91,167789.08,1,6807
2023-02-25 18:00:00,21356.11,128170.74,183371.48,1,7369
2023-02-25 19:00:00,19859.97,122793.32,174683.72,1,7058
2023-02-25 20:00:00,16433.0,96707.34,143259.35,1,5607
2023-02-25 21:00:00,17097.36,99317.48,147506.37,2,5748
2023-02-25 22:00:00,20214.94,115496.87,170811.85,2,6429
2023-02-25 23:00:00,20773.58,115859.47,171110.75,1,6496
2023-02-26 00:00:00,31927.3,95665.0,141957.94,1,5518
2023-02-26 01:00:00,13747.61,75044.98,112640.95,1,4721
2023-02-26 02:00:00,9707.76,53046.41,79885.85,1,3452
2023-02-26 03:00:00,7181.74,37346.86,55911.03,1,2329
2023-02-26 04:00:00,5368.44,27004.94,38469.28,1,1322
2023-02-26 05:00:00,3837.61,17176.65,23322.27,1,527
2023-02-26 06:00:00,5308.13,23894.42,31688.19,1,818
2023-02-26 07:00:00,6758.33,30136.27,41230.74,1,1194
2023-02-26 08:00:00,7884.27,35934.1,50558.33,1,1714
2023-02-26 09:00:00,11436.14,55138.85,77845.19,1,2893
2023-02-26 10:00:00,14869.88,75427.8,109285.71,1,4308
2023-02-26 11:00:00,17353.68,90459.91,131232.36,1,5259
2023-02-26 12:00:00,19841.43,105350.74,150871.75,1,5665
2023-02-26 13:00:00,22935.46,119670.1,170351.67,1,6047
2023-02-26 14:00:00,22123.61,117036.41,166829.35,1,5808
2023-02-26 15:00:00,20917.45,110776.72,156526.11,1,5416
2023-02-26 16:00:00,22549.45,117756.07,167673.25,1,5641
2023-02-26 17:00:00,21833.09,114208.08,162709.13,1,5657
2023-02-26 18:00:00,19167.89,101077.66,144486.37,1,5254
2023-02-26 19:00:00,18893.04,95746.68,136635.5,1,4753
2023-02-26 20:00:00,15525.47,76831.99,114550.99,1,3981
2023-02-26 21:00:00,18334.21,84665.46,123187.44,1,3749
2023-02-26 22:00:00,17258.12,76934.11,110068.9,1,3038
2023-02-26 23:00:00,13786.09,60038.22,84071.76,1,2081
2023-02-27 00:00:00,7742.36,33410.18,45915.15,1,1202
2023-02-27 01:00:00,3371.35,14663.24,20187.03,1,550
2023-02-27 02:00:00,1278.11,6003.61,8453.18,1,289
2023-02-27 03:00:00,990.87,5060.7,6915.09,1,225
2023-02-27 04:00:00,1598.79,7150.21,9710.15,1,264
2023-02-27 05:00:00,4016.1,17413.26,23744.23,1,646
2023-02-27 06:00:00,9176.09,42240.71,57877.44,1,1793
2023-02-27 07:00:00,13338.45,69568.33,98244.36,1,3619
2023-02-27 08:00:00,15698.89,88774.83,126337.36,1,4812
2023-02-27 09:00:00,15111.34,86553.8,123635.56999999999,1,4692
2023-02-27 10:00:00,15827.52,88668.27,127088.25,1,4718
2023-02-27 11:00:00,17948.09,99777.16,141900.86,1,5107
2023-02-27 12:00:00,18190.5,101953.36,145077.53,1,5459
2023-02-27 13:00:00,20947.53,109652.65,155026.63,1,5451
2023-02-27 14:00:00,21468.34,115318.31,162992.32,1,5891
2023-02-27 15:00:00,30478.89,116065.14,165402.1,1,6095
2023-02-27 16:00:00,21550.98,118854.41,187357.38,1,6253
2023-02-27 17:00:00,21597.58,120548.65,192889.22,1,6734
2023-02-27 18:00:00,22173.16,122011.41,197234.59,1,7205
2023-02-27 19:00:00,19907.97,104682.1,169178.86,1,6103
2023-02-27 20:00:00,23453.43,88602.88,135286.79,1,5278
2023-02-27 21:00:00,15168.18,78827.67,120132.01,1,4742
2023-02-27 22:00:00,14122.47,68547.24,101557.16,1,3609
2023-02-27 23:00:00,11746.72,53430.14,76253.43,1,2232
2023-02-28 00:00:00,7375.14,32772.32,45407.61,1,1247
2023-02-28 01:00:00,3673.67,15124.69,20359.57,1,505
2023-02-28 02:00:00,2808.48,11265.93,14877.17,1,360
2023-02-28 03:00:00,2420.46,9798.97,12732.81,1,258
2023-02-28 04:00:00,2374.19,10335.94,13549.23,1,300
2023-02-28 05:00:00,3405.35,15386.1,21061.82,1,589
2023-02-28 06:00:00,7896.5,37217.06,51405.2,1,1811
2023-02-28 07:00:00,12005.36,65565.27,93533.8,1,3849
2023-02-28 08:00:00,14174.18,85255.14,124695.43,1,5369
2023-02-28 09:00:00,26442.56,86688.77,125899.37,1,5236
2023-02-28 10:00:00,15475.91,89659.88,129734.35,1,5106
2023-02-28 11:00:00,16096.69,94545.93,136472.65,1,5329
2023-02-28 12:00:00,26280.28,96375.11,138694.29,1,5515
2023-02-28 13:00:00,31262.49,102349.59,146824.03,1,5657
2023-02-28 14:00:00,19744.42,112216.16,161568.11,1,6196
2023-02-28 15:00:00,20622.19,117519.66,168959.45,1,6458
2023-02-28 16:00:00,20449.92,110809.28,176315.55,1,6151
2023-02-28 17:00:00,21380.69,121068.9,194770.85,1,7106
2023-02-28 18:00:00,19841.18,114184.86,189035.38,1,7379
2023-02-28 19:00:00,20040.15,106099.95,172612.25,1,6307
2023-02-28 20:00:00,19881.87,102779.08,157068.28,1,6046
2023-02-28 21:00:00,21123.33,107293.71,162087.37,1,6082
2023-02-28 22:00:00,19708.48,95990.46,142784.55,1,4961
2023-02-28 23:00:00,15641.43,73789.76,105894.45,1,3313
2023-03-01 00:00:00,43.14,198.5,285.38,1,9
2023-03-01 01:00:00,4.76,24.0,34.8,1,1
2023-03-01 02:00:00,2.7,12.8,21.36,1,1
2023-03-01 03:00:00,5.41,24.0,33.0,1,1
2023-03-01 13:00:00,3.2,33.5,57.62,1,3
2023-03-01 14:00:00,4.609999999999999,35.6,56.18,1,3
2023-03-01 15:00:00,4.88,42.4,52.4,1,2
2023-03-01 16:00:00,3.67,31.200000000000003,50.69,1,2
2023-03-01 17:00:00,3.17,27.9,49.34,1,3
2023-03-06 11:00:00,9.34,38.7,59.94,1,1
2023-03-06 12:00:00,1.63,15.6,20.6,1,1
2023-03-06 13:00:00,6.11,38.7,54.62,1,1
2023-03-06 14:00:00,5.449999999999999,35.4,54.480000000000004,1,2
2023-03-06 16:00:00,3.41,33.3,51.96,1,2
2023-03-06 17:00:00,3.23,21.9,32.28,1,1
2023-03-06 18:00:00,3.01,21.4,36.72,1,2
2023-03-06 19:00:00,4.34,31.9,49.08,1,2
2023-03-06 20:00:00,2.5999999999999996,20.700000000000003,33.61,1,2
2023-03-06 21:00:00,1.27,12.8,20.16,2,1
2023-03-06 22:00:00,7.5,36.6,50.75,1,1
2023-03-07 13:00:00,2.84,14.2,20.2,1,1
2023-02-23 13:00:00,0.01,15.799999999999999,27.35,1,2
2023-02-28 20:00:00,11.81,46.4,48.9,1,1
2023-02-28 23:00:00,64.6,299.9,440.40999999999997,2,14
2023-03-01 00:00:00,8310.57,37372.9,53412.96,1,1687
2023-03-01 01:00:00,4105.53,19277.11,26386.4,1,793
2023-03-01 02:00:00,1044.61,5438.41,7974.23,1,335
2023-03-01 03:00:00,1479.46,6720.27,9107.79,1,285
2023-03-01 04:00:00,11448.150000000001,9411.73,12718.36,1,305
2023-03-01 05:00:00,3528.03,15656.11,21897.41,1,635
2023-03-01 06:00:00,78569.62999999999,38247.61,53452.9,1,1861
2023-03-01 07:00:00,15138.119999999999,71444.89,102711.43,1,4188
2023-03-01 08:00:00,34733.03,100104.8,144478.84,1,5813
2023-03-01 09:00:00,17609.82,106092.1,151996.51,1,5822
2023-03-01 10:00:00,16112.48,99267.83,143472.3,1,5552
2023-03-01 11:00:00,17083.0,105371.17,149797.57,1,5708
2023-03-01 12:00:00,19574.42,119164.76,168265.43,1,6252
2023-03-01 13:00:00,28080.78,124682.79,177336.85,1,6326
2023-03-01 14:00:00,36872.65,133930.13,190895.67,1,6843
2023-03-01 15:00:00,32826.62,142573.66,202629.57,1,7245
2023-03-01 16:00:00,38037.71,137579.02,214300.48,1,7061
2023-03-01 17:00:00,22745.37,140731.38,223978.54,1,7930
2023-03-01 18:00:00,23454.57,145236.98,234425.59,1,8654
2023-03-01 19:00:00,23621.73,131289.91,211777.22,1,7623
2023-03-01 20:00:00,22862.0,123190.85,187433.62,1,7218
2023-03-01 21:00:00,22860.88,121585.3,184274.82,1,7111
2023-03-01 22:00:00,22850.76,116224.99,172697.86,1,6169
2023-03-01 23:00:00,16611.02,80402.91,116832.3,1,3856
2023-03-02 00:00:00,8958.71,41255.41,59016.4,1,2018
2023-03-02 01:00:00,4377.51,20433.18,29283.41,1,1023
2023-03-02 02:00:00,1902.07,9648.25,14000.24,1,551
2023-03-02 03:00:00,1446.66,6888.14,9775.32,1,338
2023-03-02 04:00:00,15611.319999999998,8661.63,11968.0,1,309
2023-03-02 05:00:00,3553.99,15625.39,22200.79,1,637
2023-03-02 06:00:00,8101.24,38800.95,54117.39,1,1885
2023-03-02 07:00:00,171244.35,73964.37,106157.8,1,4197
2023-03-02 08:00:00,15976.92,96194.14,138489.46,1,5619
2023-03-02 09:00:00,16258.22,100376.87,143747.72,1,5610
2023-03-02 10:00:00,15898.1,97743.78,140329.7,1,5492
2023-03-02 11:00:00,25257.75,107005.81,153008.26,1,5874
2023-03-02 12:00:00,19743.34,117564.24,168104.57,1,6105
2023-03-02 13:00:00,21570.43,125166.48,178307.48,1,6334
2023-03-02 14:00:00,24362.24,142653.32,202334.17,1,6903
2023-03-02 15:00:00,33352.54,140232.6,199487.78,1,7078
2023-03-02 16:00:00,24774.47,144185.08,223545.99,1,7185
2023-03-02 17:00:00,24541.94,148745.36,236431.12,1,8131
2023-03-02 18:00:00,24714.71,151761.92,244666.02,1,8934
2023-03-02 19:00:00,23129.47,130488.13,210287.06,1,7625
2023-03-02 20:00:00,23972.19,127284.03,192430.62,1,7161
2023-03-02 21:00:00,24120.47,129425.64,196039.25,1,7441
2023-03-02 22:00:00,24491.51,127848.42,190466.84,1,6982
2023-03-02 23:00:00,22096.62,108989.52,159683.75,1,5512
2023-03-03 00:00:00,11833.97,59429.27,87361.93,1,3140
2023-03-03 01:00:00,5208.38,26539.54,39515.659999999996,1,1662
2023-03-03 02:00:00,3225.14,16665.72,24518.24,1,990
2023-03-03 03:00:00,2138.91,10321.26,14942.32,1,573
2023-03-03 04:00:00,2682.99,12059.16,17101.41,1,478
2023-03-03 05:00:00,4281.61,19028.54,26126.89,1,681
2023-03-03 06:00:00,165152.14,35597.45,49446.32,1,1640
2023-03-03 07:00:00,11135.06,59543.97,85015.61,1,3286
2023-03-03 08:00:00,13917.13,79514.66,114361.84,1,4505
2023-03-03 09:00:00,16120.1,90903.74,130588.03,1,4883
2023-03-03 10:00:00,16368.6,92187.99,132246.79,1,5006
2023-03-03 11:00:00,15540.28,91733.19,132909.25,1,5262
2023-03-03 12:00:00,26623.72,108226.46,154923.09,1,5842
2023-03-03 13:00:00,21934.01,120451.33,171545.68,1,6191
2023-03-03 14:00:00,23407.78,134329.29,192000.24,1,6983
2023-03-03 15:00:00,33711.229999999996,140824.63,199384.8,1,7204
2023-03-03 16:00:00,23687.8,137235.02,215127.51,1,7096
2023-03-03 17:00:00,22465.43,133366.99,214608.08,1,7770
2023-03-03 18:00:00,23493.06,135745.2,218280.3,1,7969
2023-03-03 19:00:00,30255.73,133799.91,215577.54,1,7962
2023-03-03 20:00:00,19427.73,112476.46,171572.21,1,6857
2023-03-03 21:00:00,19663.37,112648.38,171382.81,1,7058
2023-03-03 22:00:00,32358.59,115572.67,173472.59,1,6815
2023-03-03 23:00:00,20846.26,114725.73,170387.88,1,6575
2023-03-04 00:00:00,16823.2,91069.58,136053.9,1,5318
2023-03-04 01:00:00,10843.05,60710.41,90993.73,1,3802
2023-03-04 02:00:00,6605.81,36714.22,55037.29,1,2412
2023-03-04 03:00:00,4796.07,25034.8,37092.89,1,1547
2023-03-04 04:00:00,3232.85,15801.79,22353.31,1,772
2023-03-04 05:00:00,2392.32,10416.93,14414.43,1,383
2023-03-04 06:00:00,5647.0,25331.88,33770.35,1,972
2023-03-04 07:00:00,13002.8,32994.4,45481.82,1,1478
2023-03-04 08:00:00,7451.8,37667.09,53936.409999999996,1,2175
2023-03-04 09:00:00,11531.87,59654.2,87691.3,1,3495
2023-03-04 10:00:00,12303.37,68556.48,100181.3,1,4374
2023-03-04 11:00:00,15697.65,87429.73,127288.03,1,5323
2023-03-04 12:00:00,17973.12,103133.87,149641.46,1,6198
2023-03-04 13:00:00,20886.45,118043.17,168490.03,1,6637
2023-03-04 14:00:00,21705.82,121561.64,172533.7,1,6486
2023-03-04 15:00:00,21160.84,120009.67,170726.4,1,6590
2023-03-04 16:00:00,21338.81,126908.09,180012.81,1,6998
2023-03-04 17:00:00,20223.63,121988.24,175295.38999999998,1,7078
2023-03-04 18:00:00,22202.96,133259.55,190781.26,1,7583
2023-03-04 19:00:00,20860.05,127006.54,181414.28,1,7373
2023-03-04 20:00:00,17725.16,104408.38,155558.3,1,6089
2023-03-04 21:00:00,19500.95,111581.59,166007.46,1,6455
2023-03-04 22:00:00,22495.57,126133.83,185264.12,1,6813
2023-03-04 23:00:00,35005.31,121617.11,180106.18,1,6850
2023-03-05 00:00:00,17918.53,99655.92,147954.81,1,5884
2023-03-05 01:00:00,15638.1,84546.18,125606.16,1,5172
2023-03-05 02:00:00,10543.48,56508.02,84966.44,1,3637
2023-03-05 03:00:00,7279.87,37622.55,56273.73,1,2353
2023-03-05 04:00:00,4114.71,20626.08,29893.89,1,1147
2023-03-05 05:00:00,3690.2,16361.12,22198.19,1,550
2023-03-05 06:00:00,6033.56,25825.51,34628.99,1,894
2023-03-05 07:00:00,6573.76,29436.28,40369.18,1,1199
2023-03-05 08:00:00,7532.13,36282.56,51554.57,1,1811
2023-03-05 09:00:00,11292.18,55889.51,79663.68,1,3041
2023-03-05 10:00:00,14765.77,75294.8,109238.04,1,4362
2023-03-05 11:00:00,16995.29,88571.14,127797.09,1,4965
2023-03-05 12:00:00,21434.94,112467.14,162437.42,1,6073
2023-03-05 13:00:00,23869.23,126809.65,181067.55,1,6397
2023-03-05 14:00:00,33210.31,133238.11,189408.99,1,6472
2023-03-05 15:00:00,24242.2,130801.28,184804.57,1,6287
2023-03-05 16:00:00,22844.15,124119.32,177250.69,1,6118
2023-03-05 17:00:00,22579.48,123874.83,176849.96,1,6226
2023-03-05 18:00:00,22969.8,120576.14,171588.71,1,5888
2023-03-05 19:00:00,19531.92,99333.65,141289.31,1,4906
2023-03-05 20:00:00,17712.4,86708.5,128553.81999999999,1,4300
2023-03-05 21:00:00,17026.28,83626.95,121855.93,1,3854
2023-03-05 22:00:00,15221.71,68943.75,98914.56999999999,1,2989
2023-03-05 23:00:00,13606.82,61259.19,88153.93,1,2487
2023-03-06 00:00:00,7590.37,32337.62,44916.87,1,1233
2023-03-06 01:00:00,3466.82,15245.66,21127.47,1,618
2023-03-06 02:00:00,1477.37,6687.06,9350.36,1,361
2023-03-06 03:00:00,1529.72,6526.37,8880.93,1,248
2023-03-06 04:00:00,1483.83,6967.16,9438.28,1,249
2023-03-06 05:00:00,3890.9,17397.56,23489.95,1,620
2023-03-06 06:00:00,9197.95,41801.82,57386.14,1,1762
2023-03-06 07:00:00,12676.24,68692.98,97492.73,1,3652
2023-03-06 08:00:00,21419.64,85800.25,121750.89,1,4551
2023-03-06 09:00:00,14451.17,86555.07,124398.53,1,4668
2023-03-06 10:00:00,15736.45,90395.87,129324.65,1,4788
2023-03-06 11:00:00,16680.93,93777.93,133713.19,1,4921
2023-03-06 12:00:00,17657.16,100744.76,144398.36,1,5374
2023-03-06 13:00:00,20426.26,113660.88,161589.8,1,5661
2023-03-06 14:00:00,21711.54,122157.82,173921.41,1,5968
2023-03-06 15:00:00,21978.79,125304.59,176579.24,1,6287
2023-03-06 16:00:00,22445.62,125440.59,194452.7,1,6118
2023-03-06 17:00:00,31611.3,116908.28,186899.35,1,6692
2023-03-06 18:00:00,21462.33,118829.23,193691.05,1,7180
2023-03-06 19:00:00,21547.62,110561.66,177370.8,1,6085
2023-03-06 20:00:00,18811.08,94738.53,144181.64,1,5407
2023-03-06 21:00:00,17618.06,87049.7,131216.62,1,4792
2023-03-06 22:00:00,16667.62,78546.53,114743.17,1,3852
2023-03-06 23:00:00,12581.78,56339.37,82493.24,1,2460
2023-03-07 00:00:00,5957.9,27473.87,38920.17,1,1262
2023-03-07 01:00:00,3083.65,13550.81,18934.05,1,605
2023-03-07 02:00:00,1225.17,5881.68,8060.58,1,287
2023-03-07 03:00:00,735.61,3668.82,5274.37,1,188
2023-03-07 04:00:00,1508.85,6673.99,9123.97,1,223
2023-03-07 05:00:00,4024.28,17505.06,23956.44,1,631
2023-03-07 06:00:00,7881.98,37697.26,52630.909999999996,1,1843
2023-03-07 07:00:00,11696.67,66532.46,96092.3,1,3955
2023-03-07 08:00:00,14176.75,87029.84,125372.13,1,5071
2023-03-07 09:00:00,15877.33,99180.81,143073.21,1,5621
2023-03-07 10:00:00,16249.86,102188.93,146702.82,1,5672
2023-03-07 11:00:00,16398.79,105057.19,150202.54,1,5736
2023-03-07 12:00:00,17604.07,108636.77,155164.52,1,5914
2023-03-07 13:00:00,27520.300000000003,114351.08,163006.07,1,6107
2023-03-07 14:00:00,21465.16,126933.21,182583.12,1,6837
2023-03-07 15:00:00,21189.64,130140.74,186107.31,1,7061
2023-03-07 16:00:00,23327.71,139942.5,219157.95,1,7357
2023-03-07 17:00:00,23740.79,148916.58,238825.59,1,8624
2023-03-07 18:00:00,24441.45,150107.33,246132.34,1,9379
2023-03-07 19:00:00,21101.58,119703.83,196650.64,1,7598
2023-03-07 20:00:00,21119.95,113442.27,174673.51,1,7029
2023-03-07 21:00:00,23692.11,124331.51,189606.57,1,7288
2023-03-07 22:00:00,21662.0,108893.15,162098.62,1,5897
2023-03-07 23:00:00,14713.99,71329.95,104012.68,1,3616
2023-03-08 00:00:00,6536.43,30624.21,44578.3,1,1611
2023-03-08 01:00:00,2796.53,13221.01,19292.64,1,743
2023-03-08 02:00:00,1419.92,7302.25,10159.15,1,372
2023-03-08 03:00:00,1181.9,5406.87,7474.96,1,253
2023-03-08 04:00:00,1927.01,8585.48,11720.52,1,282
2023-03-08 05:00:00,3348.62,15079.73,20897.54,1,608
2023-03-08 06:00:00,32782.0,40750.26,57016.9,1,1960
2023-03-08 07:00:00,12781.82,71904.64,103416.81999999999,1,4137
2023-03-08 08:00:00,15239.08,95666.04,138223.76,1,5663
2023-03-08 09:00:00,15537.66,98825.66,142884.53,1,5737
2023-03-08 10:00:00,25299.07,101747.95,146856.94,1,5728
2023-03-08 11:00:00,17968.06,113417.19,162089.03,1,6028
2023-03-08 12:00:00,19818.32,125083.68,178143.57,1,6499
2023-03-08 13:00:00,20362.46,126513.11,179248.93,1,6393
2023-03-08 14:00:00,23587.77,142832.1,203324.23,1,7061
2023-03-08 15:00:00,32576.73,141665.48,201263.76,1,7131
2023-03-08 16:00:00,24028.17,139329.91,217348.88,1,7094
2023-03-08 17:00:00,26417.5,151756.49,240214.34,1,8153
2023-03-08 18:00:00,25250.12,158477.49,253188.81,1,8976
2023-03-08 19:00:00,24243.15,137126.62,220649.76,1,7909
2023-03-08 20:00:00,23894.37,127244.87,193999.29,1,7356
2023-03-08 21:00:00,24943.65,130157.33,196887.09,1,7342
2023-03-08 22:00:00,22942.28,118373.06,177160.81,1,6464
2023-03-08 23:00:00,15454.53,76261.37,112891.61,1,3949
2023-03-09 00:00:00,8672.32,41910.15,60893.15,1,2118
2023-03-09 01:00:00,3596.24,17460.5,25463.93,1,1010
2023-03-09 02:00:00,1940.07,9587.6,13925.57,1,551
2023-03-09 03:00:00,1241.47,6256.09,9031.52,1,348
2023-03-09 04:00:00,2386.39,10392.53,14619.58,1,351
2023-03-09 05:00:00,4206.84,18710.16,26224.12,1,666
2023-03-09 06:00:00,8295.41,39376.92,55189.09,1,1876
2023-03-09 07:00:00,12774.82,69810.17,100670.72,1,4063
2023-03-09 08:00:00,29126.26,96386.82,139490.81,1,5620
2023-03-09 09:00:00,16248.66,100004.8,144725.49,1,5709
2023-03-09 10:00:00,15917.73,99578.24,142414.23,1,5571
2023-03-09 11:00:00,18257.59,116398.72,165587.68,1,6187
2023-03-09 12:00:00,19571.13,122103.35,174681.47,1,6400
2023-03-09 13:00:00,22562.84,134085.64,189742.36,1,6598
2023-03-09 14:00:00,24718.34,145672.35,206170.56,1,7091
2023-03-09 15:00:00,25541.12,153745.94,215301.93,1,7491
2023-03-09 16:00:00,24320.32,147848.16,226987.27,1,7366
2023-03-09 17:00:00,25801.62,156074.27,245276.7,1,8338
2023-03-09 18:00:00,26528.35,159181.98,256771.07,1,9230
2023-03-09 19:00:00,24347.49,140737.95,226733.04,1,8247
2023-03-09 20:00:00,22786.55,127684.0,192569.01,1,7298
2023-03-09 21:00:00,24354.92,130783.61,197351.74,1,7471
2023-03-09 22:00:00,23311.44,123055.7,182986.32,1,6742
2023-03-09 23:00:00,20822.65,105841.76,155657.01,1,5363
2023-03-10 00:00:00,12497.32,62569.51,92548.91,1,3475
2023-03-10 01:00:00,5719.16,29045.84,43126.57,1,1714
2023-03-10 02:00:00,3549.67,17696.96,25891.51,1,1015
2023-03-10 03:00:00,2234.92,11476.9,16499.57,1,598
2023-03-10 04:00:00,3131.82,14136.95,19938.92,1,533
2023-03-10 05:00:00,4991.93,22169.19,31082.04,1,759
2023-03-10 06:00:00,17777.3,37126.53,52000.42,1,1684
2023-03-10 07:00:00,30624.0,66230.39,94315.45,1,3493
2023-03-10 08:00:00,14663.5,82041.8,117134.35,1,4563
2023-03-10 09:00:00,16516.23,94494.82,135169.45,1,5071
2023-03-10 10:00:00,16631.11,100396.5,143123.77,1,5281
2023-03-10 11:00:00,17277.94,105026.26,149779.93,1,5613
2023-03-10 12:00:00,18775.31,112534.6,161659.24,1,5982
2023-03-10 13:00:00,21306.38,124360.09,176861.74,1,6329
2023-03-10 14:00:00,25759.61,149926.62,212511.02,1,7224
2023-03-10 15:00:00,22805.97,139553.99,197095.76,1,7152
2023-03-10 16:00:00,24730.94,145189.82,224977.5,1,7364
2023-03-10 17:00:00,26822.54,159137.23,252812.53,1,8677
2023-03-10 18:00:00,25007.46,149919.81,241623.52,1,8978
2023-03-10 19:00:00,47494.69,155904.16,252462.9,1,9562
2023-03-10 20:00:00,21751.41,123143.25,186561.29,1,7210
2023-03-10 21:00:00,28163.99,114374.72,172578.99,1,6662
2023-03-10 22:00:00,20668.73,116440.01,174350.08,1,6597
2023-03-10 23:00:00,22535.46,118438.68,175047.43,1,6257
2023-03-11 00:00:00,16032.87,85797.56,127279.47,1,4919
2023-03-11 01:00:00,11579.54,61885.04,92765.38,1,3828
2023-03-11 02:00:00,8389.54,45558.41,67983.44,1,2845
2023-03-11 03:00:00,4919.71,25899.53,38959.54,1,1705
2023-03-11 04:00:00,3611.06,18454.3,26504.829999999998,1,940
2023-03-11 05:00:00,2933.59,12974.14,17854.2,1,437
2023-03-11 06:00:00,5072.93,22402.66,30790.34,1,861
2023-03-11 07:00:00,7093.17,32748.9,45617.04,1,1511
2023-03-11 08:00:00,8113.94,40680.41,58235.77,1,2283
2023-03-11 09:00:00,11715.29,59739.28,86976.43,1,3554
2023-03-11 10:00:00,13210.38,70867.36,104142.11,1,4424
2023-03-11 11:00:00,14424.39,82662.76,121645.47,1,5185
2023-03-11 12:00:00,17687.11,101082.16,146618.84,1,5970
2023-03-11 13:00:00,18165.86,104100.21,149651.57,1,6113
2023-03-11 14:00:00,20102.96,112060.1,161060.66,1,6230
2023-03-11 15:00:00,21681.36,119250.22,170432.94,1,6547
2023-03-11 16:00:00,22149.57,126100.62,179192.47,1,6912
2023-03-11 17:00:00,22193.65,128879.62,183788.99,1,7203
2023-03-11 18:00:00,21728.91,128737.73,184259.69,1,7368
2023-03-11 19:00:00,19464.99,118366.74,170253.47,1,7091
2023-03-11 20:00:00,23878.11,107241.23,159484.68,1,6162
2023-03-11 21:00:00,18259.97,102445.58,151810.26,1,5850
2023-03-11 22:00:00,30490.920000000002,124160.71,182192.65,1,6655
2023-03-11 23:00:00,22372.62,122874.59,181406.87,1,6776
2023-03-12 00:00:00,19515.13,104944.94,156288.88,1,6111
2023-03-12 01:00:00,16387.61,85977.23,128624.03,1,5231
2023-03-12 03:00:00,13391.57,70189.38,104608.76,1,4267
2023-03-12 04:00:00,9192.29,46122.79,66665.9,1,2530
2023-03-12 05:00:00,4891.5,22359.96,30784.15,1,910
2023-03-12 06:00:00,4804.83,21357.74,28964.31,1,794
2023-03-12 07:00:00,6578.07,29463.53,40177.7,1,1166
2023-03-12 08:00:00,8442.32,39038.29,54539.68,1,1679
2023-03-12 09:00:00,10648.91,50528.7,72879.68,1,2818
2023-03-12 10:00:00,15281.97,75238.47,109486.78,1,4297
2023-03-12 11:00:00,16416.63,85926.78,124986.8,1,4848
2023-03-12 12:00:00,19000.9,101637.09,147692.51,1,5743
2023-03-12 13:00:00,21484.56,111939.25,161544.16,1,5989
2023-03-12 14:00:00,22595.59,120365.53,172083.57,1,5959
2023-03-12 15:00:00,22980.63,123170.27,173387.22,1,5782
2023-03-12 16:00:00,25251.95,131691.86,185982.47,1,6051
2023-03-12 17:00:00,23166.4,124124.24,176265.71,1,6132
2023-03-12 18:00:00,21913.21,116717.42,167057.34,1,5946
2023-03-12 19:00:00,29952.77,94699.13,136296.37,1,5018
2023-03-12 20:00:00,18100.45,87459.27,129078.33,1,4187
2023-03-12 21:00:00,18999.91,89097.05,130166.65,1,3930
2023-03-12 22:00:00,16264.98,73578.34,104755.47,1,3133
2023-03-12 23:00:00,15401.89,67735.68,95627.88,1,2628
2023-03-13 00:00:00,12165.41,52089.29,72274.72,1,1750
2023-03-13 01:00:00,5290.25,23045.42,31794.54,1,803
2023-03-13 02:00:00,2063.98,10096.4,13259.58,1,406
2023-03-13 03:00:00,1531.98,6420.36,8771.3,1,291
2023-03-13 04:00:00,1482.63,7121.04,9646.73,1,255
2023-03-13 05:00:00,3591.7,16445.85,22742.82,1,623
2023-03-13 06:00:00,70056.98,40769.76,56320.659999999996,1,1838
2023-03-13 07:00:00,12880.37,69188.92,98674.43,1,3798
2023-03-13 08:00:00,17201.36,98466.33,140534.84,1,5307
2023-03-13 09:00:00,15758.07,93183.17,135614.88,1,5243
2023-03-13 10:00:00,15436.01,92102.58,132065.19,1,5067
2023-03-13 11:00:00,17873.16,104209.04,148533.88,1,5355
2023-03-13 12:00:00,17532.5,102272.46,146821.34,1,5473
2023-03-13 13:00:00,17709.57,100063.82,143225.22,1,5375
2023-03-13 14:00:00,22541.69,132949.78,188815.31,1,6765
2023-03-13 15:00:00,22929.92,135714.57,193162.58,1,7004
2023-03-13 16:00:00,23901.06,136977.68,213095.92,1,6890
2023-03-13 17:00:00,24146.4,138304.1,218102.61,1,7506
2023-03-13 18:00:00,21746.39,124509.06,202494.1,1,7508
2023-03-13 19:00:00,19090.24,102238.97,167089.68,1,6247
2023-03-13 20:00:00,18711.65,96835.06,147690.42,1,5611
2023-03-13 21:00:00,19184.01,94481.37,142862.3,1,5159
2023-03-13 22:00:00,15378.8,74276.99,109895.74,1,3653
2023-03-13 23:00:00,15063.15,66885.22,95516.27,1,2571
2023-03-14 00:00:00,8660.82,37985.85,52716.43,1,1377
2023-03-14 01:00:00,4370.2300000000005,17826.39,24215.67,1,667
2023-03-14 02:00:00,2613.67,11190.61,14640.73,1,362
2023-03-14 03:00:00,1504.43,6502.93,8695.11,1,231
2023-03-14 04:00:00,1406.6,6238.94,8525.71,1,237
2023-03-14 05:00:00,2884.21,13534.6,19344.53,1,656
2023-03-14 06:00:00,6935.39,32820.32,45901.38,1,1688
2023-03-14 07:00:00,23644.489999999998,72196.21,103135.03,1,4176
2023-03-14 08:00:00,20655.36,95035.79,136385.35,1,5521
2023-03-14 09:00:00,14971.94,95016.4,136955.77,1,5509
2023-03-14 10:00:00,14883.97,93901.66,133996.87,1,5161
2023-03-14 11:00:00,15566.59,98376.52,141158.17,1,5539
2023-03-14 12:00:00,17632.65,105996.58,152009.79,1,5867
2023-03-14 13:00:00,17966.05,104896.98,150764.82,1,5964
2023-03-14 14:00:00,21590.07,125083.06,179547.19,1,6677
2023-03-14 15:00:00,20856.25,126230.82,180139.13,1,7089
2023-03-14 16:00:00,22539.24,132060.02,206746.8,1,7024
2023-03-14 17:00:00,23852.01,138063.4,218869.34,1,7710
2023-03-14 18:00:00,22692.9,135549.5,220046.06,1,8204
2023-03-14 19:00:00,29930.94,110198.34,180417.96,1,6761
2023-03-14 20:00:00,20203.69,105178.15,161443.24,1,6290
2023-03-14 21:00:00,22099.18,112000.2,168936.0,1,6329
2023-03-14 22:00:00,19668.04,98301.04,145793.91,1,5218
2023-03-14 23:00:00,14598.73,69233.17,101546.0,1,3425
2023-03-15 00:00:00,10950.73,47811.16,67047.21,1,1894
2023-03-15 01:00:00,6237.13,26663.99,35789.56,1,959
2023-03-15 02:00:00,2509.18,10929.3,14897.67,1,458
2023-03-15 03:00:00,1228.9,6079.69,8232.52,1,256
2023-03-15 04:00:00,1658.24,7686.67,10408.06,1,276
2023-03-15 05:00:00,3141.4,14731.25,20916.41,1,620
2023-03-15 06:00:00,7618.75,36093.36,50713.24,1,1786
2023-03-15 07:00:00,15036.75,81192.49,115451.86,1,4431
2023-03-15 08:00:00,17015.42,103396.42,149605.51,1,6016
2023-03-15 09:00:00,16583.61,103372.87,149836.2,1,5963
2023-03-15 10:00:00,17045.49,105545.07,150533.64,1,5673
2023-03-15 11:00:00,17526.6,112886.93,160895.66,1,6037
2023-03-15 12:00:00,18627.71,122056.32,172721.2,1,6323
2023-03-15 13:00:00,19477.57,124623.71,176728.32,1,6343
2023-03-15 14:00:00,22730.3,141207.3,199039.08,1,6774
2023-03-15 15:00:00,35810.22,160440.52,224545.65,1,7251
2023-03-15 16:00:00,24157.31,153772.66,235161.12,1,7245
2023-03-15 17:00:00,62314.92,162845.27,252494.48,1,8172
2023-03-15 18:00:00,24780.15,157531.05,249972.12,1,8826
2023-03-15 19:00:00,24260.64,142646.59,227676.29,1,8147
2023-03-15 20:00:00,23952.95,128055.47,194686.57,1,7527
2023-03-15 21:00:00,128962.28000000001,129703.49,195432.52,1,7225
2023-03-15 22:00:00,25100.82,127504.71,189703.95,1,6797
2023-03-15 23:00:00,21308.54,103821.21,152407.96,1,5048
2023-03-16 00:00:00,12057.0,55898.58,80697.28,1,2521
2023-03-16 01:00:00,7109.58,31086.34,44131.69,1,1361
2023-03-16 02:00:00,17913.36,9596.5,13899.53,1,550
2023-03-16 03:00:00,1369.7,6931.5,9861.5,1,355
2023-03-16 04:00:00,2009.01,10145.35,14361.11,1,398
2023-03-16 05:00:00,3635.48,16472.86,23532.29,1,674
2023-03-16 06:00:00,15945.19,39021.37,54829.72,1,1838
2023-03-16 07:00:00,14906.97,79093.26,112693.41,1,4213
2023-03-16 08:00:00,16757.94,100823.3,146018.82,1,5863
2023-03-16 09:00:00,17568.36,108144.51,155249.21,1,5954
2023-03-16 10:00:00,18187.45,112805.84,160267.22,1,5873
2023-03-16 11:00:00,18736.1,121368.82,172561.65,1,6199
2023-03-16 12:00:00,21403.84,133386.53,188518.23,1,6693
2023-03-16 13:00:00,20099.09,125277.76,177715.01,1,6367
2023-03-16 14:00:00,24754.84,151039.53,213127.97,1,7128
2023-03-16 15:00:00,25342.09,155489.8,218767.71,1,7288
2023-03-16 16:00:00,28224.28,167265.79,254736.79,1,7676
2023-03-16 17:00:00,27519.16,164571.0,255995.79,1,8347
2023-03-16 18:00:00,36974.68,171850.99,270137.67,1,9156
2023-03-16 19:00:00,25971.7,151845.12,237697.28,1,7960
2023-03-16 20:00:00,25624.04,143063.09,211499.03,1,7461
2023-03-16 21:00:00,25209.88,138477.38,206256.73,1,7588
2023-03-16 22:00:00,26545.91,139611.17,205261.84,1,7135
2023-03-16 23:00:00,20413.86,104104.52,153213.04,1,5428
2023-03-17 00:00:00,12869.61,64149.2,94153.74,1,3445
2023-03-17 01:00:00,7357.6,35584.16,51919.59,1,1993
2023-03-17 02:00:00,4149.1,20430.24,29646.73,1,1108
2023-03-17 03:00:00,2830.38,13659.72,19494.21,1,672
2023-03-17 04:00:00,2983.92,13556.23,19132.329999999998,1,516
2023-03-17 05:00:00,4250.49,18884.14,26487.4,1,678
2023-03-17 06:00:00,9030.6,41973.28,57962.23,1,1744
2023-03-17 07:00:00,12804.57,67607.82,95099.28,1,3445
2023-03-17 08:00:00,14795.06,86768.73,124004.81,1,4726
2023-03-17 09:00:00,16104.04,96405.86,136633.28,1,4890
2023-03-17 10:00:00,14812.35,91436.78,129607.0,1,4598
2023-03-17 11:00:00,24549.29,100943.9,141393.61,1,4737
2023-03-17 12:00:00,16958.21,105107.6,146776.65,1,4942
2023-03-17 13:00:00,18719.27,111878.96,156965.19,1,5268
2023-03-17 14:00:00,40314.8,138640.43,193301.5,1,6156
2023-03-17 15:00:00,23976.0,148016.85,204920.67,1,6403
2023-03-17 16:00:00,23894.19,144276.25,215527.68,1,6251
2023-03-17 17:00:00,25260.57,146969.2,227364.6,1,7459
2023-03-17 18:00:00,25646.78,145776.89,232397.62,1,8304
2023-03-17 19:00:00,44057.6,140578.35,224287.08,1,8139
2023-03-17 20:00:00,20781.11,114644.23,170935.71,1,6499
2023-03-17 21:00:00,20876.26,115533.79,172279.68,1,6469
2023-03-17 22:00:00,23568.22,131551.82,194599.77,1,7092
2023-03-17 23:00:00,24714.7,132239.37,193790.88,1,7026
2023-03-18 00:00:00,21011.23,115523.66,169508.2,1,6383
2023-03-18 01:00:00,16259.49,88224.94,131324.22,1,5367
2023-03-18 02:00:00,11043.94,59493.21,88688.83,1,3695
2023-03-18 03:00:00,8205.7,41495.28,61386.25,1,2452
2023-03-18 04:00:00,5801.48,27665.5,39864.05,1,1388
2023-03-18 05:00:00,3820.05,17020.56,23515.92,1,582
2023-03-18 06:00:00,6071.21,26788.65,36009.07,1,909
2023-03-18 07:00:00,18352.9,33770.82,46484.05,1,1397
2023-03-18 08:00:00,8741.12,42775.14,61248.85,1,2325
2023-03-18 09:00:00,21391.82,62593.22,90104.56999999999,1,3570
2023-03-18 10:00:00,14931.54,80718.95,116229.55,1,4701
2023-03-18 11:00:00,16154.19,91947.52,133938.74,1,5687
2023-03-18 12:00:00,17839.8,103192.88,148687.07,1,6132
2023-03-18 13:00:00,17939.46,106935.06,153531.22,1,6230
2023-03-18 14:00:00,21077.81,121414.89,172222.05,1,6377
2023-03-18 15:00:00,21182.34,123248.74,175005.08,1,6644
2023-03-18 16:00:00,22568.86,129629.14,182975.73,1,6807
2023-03-18 17:00:00,33207.74,139922.28,197975.76,1,7493
2023-03-18 18:00:00,24536.6,144904.45,205859.93,1,8047
2023-03-18 19:00:00,23431.25,140411.05,199773.73,2,8004
2023-03-18 20:00:00,37643.76,117952.99,174100.6,1,6684
2023-03-18 21:00:00,20631.1,115610.92,171524.38,2,6561
2023-03-18 22:00:00,24477.37,134501.59,197162.63,1,7144
2023-03-18 23:00:00,25188.54,136528.25,198512.36,1,7069
2023-03-19 00:00:00,19277.56,104106.7,153321.99,1,5791
2023-03-19 01:00:00,26074.26,74758.0,111361.61,1,4597
2023-03-19 02:00:00,9791.37,53171.26,79508.05,1,3359
2023-03-19 03:00:00,7209.06,37242.47,55415.53,1,2291
2023-03-19 04:00:00,5030.99,25320.84,36195.42,1,1306
2023-03-19 05:00:00,3975.15,18025.58,24757.86,1,618
2023-03-19 06:00:00,8486.47,37101.88,49994.07,1,1139
2023-03-19 07:00:00,8982.539999999999,41194.98,55965.49,1,1466
2023-03-19 08:00:00,9606.14,47168.9,66616.28,1,2143
2023-03-19 09:00:00,13141.27,67279.3,95805.99,1,3436
2023-03-19 10:00:00,15124.76,83725.68,119737.4,1,4519
2023-03-19 11:00:00,18335.45,105625.37,151682.87,1,5670
2023-03-19 12:00:00,21292.21,124945.4,177651.61,1,6263
2023-03-19 13:00:00,22086.88,126432.93,179469.87,1,6166
2023-03-19 14:00:00,25751.24,139881.48,200143.23,1,6681
2023-03-19 15:00:00,26313.25,135579.14,192265.07,1,6257
2023-03-19 16:00:00,24338.15,127287.08,181633.79,1,6203
2023-03-19 17:00:00,25057.47,129573.21,185221.79,1,6360
2023-03-19 18:00:00,20559.53,109331.43,158031.0,1,5888
2023-03-19 19:00:00,19547.12,98874.49,143286.2,1,5207
2023-03-19 20:00:00,27482.46,101333.74,148270.38999999998,1,4738
2023-03-19 21:00:00,21803.48,102767.36,150046.43,1,4581
2023-03-19 22:00:00,19280.66,86156.18,122205.75,1,3338
2023-03-19 23:00:00,17064.13,75830.94,106291.63,1,2538
2023-03-20 00:00:00,10793.49,45162.73,61837.87,1,1505
2023-03-20 01:00:00,4229.28,18029.75,24371.6,1,667
2023-03-20 02:00:00,1310.03,5929.57,8369.94,1,323
2023-03-20 03:00:00,1363.53,6194.76,8394.25,1,263
2023-03-20 04:00:00,2027.1,9112.68,12580.63,1,326
2023-03-20 05:00:00,3417.35,15635.65,22073.31,1,611
2023-03-20 06:00:00,20874.7,41418.8,57302.73,1,1778
2023-03-20 07:00:00,14119.23,70461.62,98829.72,1,3395
2023-03-20 08:00:00,19919.420000000002,88012.09,125547.22,1,4677
2023-03-20 09:00:00,16318.19,91767.87,131905.06,1,4783
2023-03-20 10:00:00,16236.72,92589.07,133027.56,1,4851
2023-03-20 11:00:00,15961.67,93193.25,133918.69,1,4904
2023-03-20 12:00:00,18741.72,103896.63,149002.09,1,5281
2023-03-20 13:00:00,18736.94,104333.3,148151.8,1,5317
2023-03-20 14:00:00,23885.67,125047.16,177703.58,1,5711
2023-03-20 15:00:00,22523.73,123101.65,173682.87,1,5744
2023-03-20 16:00:00,23523.97,124956.34,192698.09,1,5819
2023-03-20 17:00:00,23941.15,127669.08,199894.67,1,6427
2023-03-20 18:00:00,22927.91,122145.36,195619.33,1,6689
2023-03-20 19:00:00,19672.18,101255.44,162824.54,1,5635
2023-03-20 20:00:00,19236.42,96560.54,143818.63,1,5075
2023-03-20 21:00:00,20838.76,100986.08,149385.38,1,4962
2023-03-20 22:00:00,18152.02,86498.85,125725.38,1,4092
2023-03-20 23:00:00,15640.82,68894.03,97214.77,1,2654
2023-03-21 00:00:00,7863.62,34650.85,47409.78,1,1302
2023-03-21 01:00:00,3605.12,15532.86,21013.0,1,612
2023-03-21 02:00:00,1276.13,5947.28,8194.71,1,281
2023-03-21 03:00:00,1339.5,6084.18,8002.3,1,195
2023-03-21 04:00:00,1217.45,5461.82,7649.58,1,215
2023-03-21 05:00:00,3139.93,14333.17,19990.06,1,618
2023-03-21 06:00:00,8194.23,37839.69,52356.5,1,1762
2023-03-21 07:00:00,11760.46,62265.15,89216.38,1,3431
2023-03-21 08:00:00,15306.66,89512.92,128458.81,1,5008
2023-03-21 09:00:00,15780.82,94630.14,136028.07,1,5244
2023-03-21 10:00:00,14958.31,91793.35,131052.13,1,5010
2023-03-21 11:00:00,15288.58,96620.45,137231.63,1,5243
2023-03-21 12:00:00,17621.66,107064.04,151643.61,1,5612
2023-03-21 13:00:00,26832.58,107756.8,153523.02,1,5699
2023-03-21 14:00:00,22622.38,126807.06,180327.17,1,6273
2023-03-21 15:00:00,21191.33,122867.71,173630.23,1,6125
2023-03-21 16:00:00,21743.6,123790.2,192698.51,1,6244
2023-03-21 17:00:00,23837.63,137158.48,213914.44,1,7087
2023-03-21 18:00:00,24146.33,138011.09,220191.9,1,7713
2023-03-21 19:00:00,39597.08,114150.11,183067.38,1,6506
2023-03-21 20:00:00,22261.16,114147.76,172118.15,1,6280
2023-03-21 21:00:00,22906.51,117832.22,176259.07,1,6458
2023-03-21 22:00:00,20975.91,104950.32,154896.09,1,5402
2023-03-21 23:00:00,14325.03,69256.16,102299.23,1,3555
2023-03-22 00:00:00,6958.22,32506.29,46507.67,1,1658
2023-03-22 01:00:00,3091.91,15451.19,21558.46,1,767
2023-03-22 02:00:00,1154.1399999999999,5851.76,8525.95,1,354
2023-03-22 03:00:00,854.39,3878.56,5590.58,1,200
2023-03-22 04:00:00,1750.1100000000001,7850.21,10663.81,1,258
2023-03-22 05:00:00,9287.41,13575.32,19336.06,1,583
2023-03-22 06:00:00,7781.34,37030.22,51329.24,1,1690
2023-03-22 07:00:00,12210.35,65945.77,93697.68,1,3570
2023-03-22 08:00:00,14353.15,87220.29,126254.17,1,5054
2023-03-22 09:00:00,15094.2,95086.77,137144.15,1,5312
2023-03-22 10:00:00,16037.0,98560.3,141043.88,1,5262
2023-03-22 11:00:00,15709.07,99686.22,142412.78,1,5370
2023-03-22 12:00:00,17320.11,107702.0,153880.72,1,5672
2023-03-22 13:00:00,18089.52,111797.17,158792.53,1,5738
2023-03-22 14:00:00,24429.44,137452.07,193669.4,1,6349
2023-03-22 15:00:00,22777.17,131820.87,186040.08,1,6218
2023-03-22 16:00:00,22061.32,128208.98,198062.76,1,6280
2023-03-22 17:00:00,23122.39,137193.64,216540.26,1,7243
2023-03-22 18:00:00,24394.53,140551.35,225387.44,1,7943
2023-03-22 19:00:00,23718.31,128722.02,206685.81,1,7350
2023-03-22 20:00:00,23095.72,119969.97,180690.37,1,6649
2023-03-22 21:00:00,23866.47,122918.78,183609.78,1,6769
2023-03-22 22:00:00,21475.25,109428.06,162345.24,1,5872
2023-03-22 23:00:00,16414.93,78504.01,115157.85,1,3871
2023-03-23 00:00:00,8479.74,40593.69,58307.59,1,2043
2023-03-23 01:00:00,4131.21,19195.31,27184.35,1,948
2023-03-23 02:00:00,2391.67,11425.54,16317.99,1,564
2023-03-23 03:00:00,1230.7,6405.61,9141.22,1,311
2023-03-23 04:00:00,2338.7,10525.88,14798.1,1,354
2023-03-23 05:00:00,4103.16,18500.93,26117.2,1,656
2023-03-23 06:00:00,8232.65,38749.96,53746.71,1,1719
2023-03-23 07:00:00,25842.91,69189.16,98272.69,1,3581
2023-03-23 08:00:00,14893.75,88967.01,127821.12,1,4976
2023-03-23 09:00:00,15394.97,95377.82,137115.43,1,5253
2023-03-23 10:00:00,16931.67,100778.62,144253.37,1,5318
2023-03-23 11:00:00,18660.25,123471.96,177419.05,1,6866
2023-03-23 12:00:00,19078.08,124200.71,176950.02,1,6595
2023-03-23 13:00:00,20810.33,125141.88,178457.41,1,6113
2023-03-23 14:00:00,25366.65,145919.29,206608.41,1,6908
2023-03-23 15:00:00,24800.76,145253.33,204389.34,1,6762
2023-03-23 16:00:00,25874.99,149576.93,228718.62,1,6897
2023-03-23 17:00:00,24882.68,147191.84,230409.47,1,7580
2023-03-23 18:00:00,26337.3,148252.65,237418.35,1,8263
2023-03-23 19:00:00,22962.2,121603.23,196397.35,1,7008
2023-03-23 20:00:00,24390.35,126530.0,190434.99,1,6835
2023-03-23 21:00:00,24968.45,130626.59,195226.69,1,7007
2023-03-23 22:00:00,24402.86,123822.73,181852.16,1,6480
2023-03-23 23:00:00,21020.9,102532.57,150174.16,1,5086
2023-03-24 00:00:00,12847.03,64065.75,94243.54,1,3360
2023-03-24 01:00:00,6330.89,32181.08,47116.22,1,1832
2023-03-24 02:00:00,3310.52,16597.34,24551.6,1,1044
2023-03-24 03:00:00,2172.64,10685.55,15777.64,1,596
2023-03-24 04:00:00,2900.2,13008.36,18592.57,1,515
2023-03-24 05:00:00,5018.21,21864.34,31114.73,1,791
2023-03-24 06:00:00,8509.54,38906.13,53849.33,1,1561
2023-03-24 07:00:00,11467.74,57891.87,82341.26,1,2955
2023-03-24 08:00:00,13481.61,74762.47,108218.13,1,4227
2023-03-24 09:00:00,16063.43,90732.91,130406.85,1,4775
2023-03-24 10:00:00,16752.25,94861.75,136416.34,1,5078
2023-03-24 11:00:00,17101.54,101658.38,145258.25,1,5351
2023-03-24 12:00:00,18568.08,107342.85,154402.8,1,5779
2023-03-24 13:00:00,19360.6,107276.95,153866.32,1,5772
2023-03-24 14:00:00,24349.3,132434.17,189296.26,1,6493
2023-03-24 15:00:00,51909.85,131462.07,186137.41,1,6454
2023-03-24 16:00:00,24460.01,136161.29,210348.26,1,6440
2023-03-24 17:00:00,23714.93,133431.75,209518.26,1,7124
2023-03-24 18:00:00,23876.55,134009.83,215137.37,1,7734
2023-03-24 19:00:00,32751.74,127132.13,205547.47,1,7646
2023-03-24 20:00:00,21264.85,112522.97,168529.09,1,6285
2023-03-24 21:00:00,37508.65,113212.8,168300.81,1,6162
2023-03-24 22:00:00,22672.7,123007.28,181474.22,1,6702
2023-03-24 23:00:00,22693.7,119846.01,177246.62,1,6365
2023-03-25 00:00:00,18458.44,98882.6,146322.06,1,5638
2023-03-25 01:00:00,14026.36,76004.3,114128.68,1,4751
2023-03-25 02:00:00,9616.54,52365.24,79559.22,1,3474
2023-03-25 03:00:00,6820.1,34903.2,51717.81,1,2118
2023-03-25 04:00:00,4514.14,22279.35,31797.94,1,1088
2023-03-25 05:00:00,3315.77,15119.11,20613.38,1,529
2023-03-25 06:00:00,5037.86,23027.86,30888.44,1,812
2023-03-25 07:00:00,6414.9,29411.46,40753.06,1,1244
2023-03-25 08:00:00,8477.17,40205.0,56594.03,1,2030
2023-03-25 09:00:00,9900.65,52342.98,76712.29,1,3217
2023-03-25 10:00:00,13438.92,72066.12,105394.99,1,4414
2023-03-25 11:00:00,15728.49,93495.5,137023.44,1,6121
2023-03-25 12:00:00,17276.95,102902.89,150743.99,1,6467
2023-03-25 13:00:00,18667.77,111061.94,160053.88999999998,1,6430
2023-03-25 14:00:00,21072.97,122560.43,175463.1,1,6858
2023-03-25 15:00:00,23500.91,139553.33,199494.46,1,7794
2023-03-25 16:00:00,22131.3,132744.52,187826.31,1,7082
2023-03-25 17:00:00,22835.02,136444.67,194226.07,1,7543
2023-03-25 18:00:00,21950.92,125572.38,179929.6,1,7093
2023-03-25 19:00:00,21317.38,121768.06,174140.96,1,6927
2023-03-25 20:00:00,19163.15,100685.63,148734.69,1,5603
2023-03-25 21:00:00,20071.8,104070.3,153382.33,1,5683
2023-03-25 22:00:00,20884.02,111934.6,165558.69,1,6175
2023-03-25 23:00:00,22146.43,116829.04,172732.38999999998,1,6507
2023-03-26 00:00:00,16472.56,88714.13,133079.36,1,5325
2023-03-26 01:00:00,13945.18,74184.59,111433.22,1,4494
2023-03-26 02:00:00,10609.44,56556.19,83961.08,1,3433
2023-03-26 03:00:00,7404.26,37639.26,55749.57,1,2275
2023-03-26 04:00:00,4968.59,24269.04,34646.02,1,1199
2023-03-26 05:00:00,3230.12,14788.97,20617.96,1,498
2023-03-26 06:00:00,5944.09,26036.44,35065.08,1,831
2023-03-26 07:00:00,7354.67,32156.95,44448.94,1,1242
2023-03-26 08:00:00,8243.46,39168.92,54921.94,1,1829
2023-03-26 09:00:00,11201.35,54334.1,77310.84,1,2772
2023-03-26 10:00:00,14859.2,74717.19,107651.97,1,4032
2023-03-26 11:00:00,16798.9,88086.42,127087.06999999999,1,4823
2023-03-26 12:00:00,18940.78,101886.66,146738.23,1,5473
2023-03-26 13:00:00,21987.17,116670.77,165726.85,1,5739
2023-03-26 14:00:00,241312.33000000002,130589.27,185071.12,1,6142
2023-03-26 15:00:00,26199.34,135725.0,190580.11,1,5940
2023-03-26 16:00:00,23416.87,127580.9,179844.8,1,5951
2023-03-26 17:00:00,24899.11,132484.23,187397.46,1,6121
2023-03-26 18:00:00,21705.18,116143.18,165181.05,1,5715
2023-03-26 19:00:00,20285.0,102469.19,145745.68,1,5034
2023-03-26 20:00:00,20814.81,100826.26,147363.42,1,4704
2023-03-26 21:00:00,20075.04,93644.17,136068.18,1,4172
2023-03-26 22:00:00,27573.06,88340.56,126549.69,1,3581
2023-03-26 23:00:00,16797.58,73037.02,104195.46,1,2805
2023-03-27 00:00:00,9371.84,40544.38,56337.96,1,1498
2023-03-27 01:00:00,6182.91,26883.34,36258.26,1,852
2023-03-27 02:00:00,2758.9,11724.45,15863.14,1,447
2023-03-27 03:00:00,1204.43,5773.73,7837.33,1,254
2023-03-27 04:00:00,2056.75,9059.76,12338.27,1,294
2023-03-27 05:00:00,4241.44,18913.32,25973.57,1,650
2023-03-27 06:00:00,8940.75,40757.65,55473.85,1,1639
2023-03-27 07:00:00,13324.72,66506.42,94339.63,1,3285
2023-03-27 08:00:00,14159.01,78096.06,111968.05,1,4326
2023-03-27 09:00:00,16266.8,85220.87,122371.03,1,4568
2023-03-27 10:00:00,15865.23,87524.66,125932.81,1,4575
2023-03-27 11:00:00,16518.45,91704.45,130921.17,1,4829
2023-03-27 12:00:00,18115.94,99872.98,141844.68,1,5106
2023-03-27 13:00:00,18906.49,101827.05,144262.82,1,5178
2023-03-27 14:00:00,23238.5,125446.09,178807.53,1,6143
2023-03-27 15:00:00,23345.34,126316.26,178836.01,1,6217
2023-03-27 16:00:00,22650.74,128073.51,200709.31,1,6831
2023-03-27 17:00:00,24977.12,143072.63,229053.05,1,8127
2023-03-27 18:00:00,23409.02,135052.66,221580.51,1,8539
2023-03-27 19:00:00,41137.09,117347.48,189603.06,1,6931
2023-03-27 20:00:00,31369.75,95175.0,143796.19,1,5310
2023-03-27 21:00:00,19288.66,92745.93,137890.48,1,4618
2023-03-27 22:00:00,18440.74,85917.47,124941.14,1,3789
2023-03-27 23:00:00,13410.38,60631.12,86663.81999999999,1,2443
2023-03-28 00:00:00,6981.33,30915.05,43525.08,1,1296
2023-03-28 01:00:00,3584.74,15228.08,21189.59,1,617
2023-03-28 02:00:00,1470.23,6607.13,9017.17,1,288
2023-03-28 03:00:00,853.58,3940.01,5470.73,1,165
2023-03-28 04:00:00,1477.66,6756.35,9131.26,1,211
2023-03-28 05:00:00,4207.85,18635.74,25360.21,1,648
2023-03-28 06:00:00,8522.03,39570.36,54068.07,1,1738
2023-03-28 07:00:00,12496.1,65623.86,92932.47,1,3538
2023-03-28 08:00:00,27869.14,88156.44,127587.47,1,5063
2023-03-28 09:00:00,16070.87,103554.21,149007.72,1,5767
2023-03-28 10:00:00,15586.93,98729.55,141063.25,1,5424
2023-03-28 11:00:00,16095.56,102080.72,145360.55,1,5436
2023-03-28 12:00:00,17563.5,108797.01,155013.81,1,5784
2023-03-28 13:00:00,19716.65,114050.32,162004.75,1,5934
2023-03-28 14:00:00,21478.54,125844.95,178657.21,1,6433
2023-03-28 15:00:00,22993.5,131973.24,186636.88,1,6405
2023-03-28 16:00:00,21795.21,125219.91,194066.14,1,6312
2023-03-28 17:00:00,22592.88,131090.82,208296.26,1,7243
2023-03-28 18:00:00,26456.54,131613.2,211633.44,1,7555
2023-03-28 19:00:00,20999.9,110426.66,179033.01,1,6529
2023-03-28 20:00:00,22978.85,116501.54,176132.27,1,6567
2023-03-28 21:00:00,23492.45,120360.71,179900.5,1,6504
2023-03-28 22:00:00,21090.93,103443.97,151883.07,1,5279
2023-03-28 23:00:00,15824.98,74577.28,107882.83,1,3584
2023-03-29 00:00:00,22979.850000000002,41310.25,58495.86,1,1858
2023-03-29 01:00:00,2885.38,13084.99,18765.66,1,680
2023-03-29 02:00:00,1860.87,8520.71,11959.02,1,432
2023-03-29 03:00:00,1906.71,8505.07,11314.32,1,299
2023-03-29 04:00:00,1739.28,7518.25,10377.24,1,266
2023-03-29 05:00:00,3379.18,15212.75,21110.55,1,599
2023-03-29 06:00:00,8683.87,40147.04,55380.78,1,1794
2023-03-29 07:00:00,11937.15,63274.2,90310.95,1,3509
2023-03-29 08:00:00,14378.34,86653.07,125099.88,1,4983
2023-03-29 09:00:00,16185.71,98467.05,142115.22,1,5340
2023-03-29 10:00:00,15584.63,95636.1,137403.06,1,5308
2023-03-29 11:00:00,17812.72,110598.69,157268.88,1,5767
2023-03-29 12:00:00,18580.29,117239.82,166618.38999999998,1,6180
2023-03-29 13:00:00,21592.89,125884.02,177111.12,1,6087
2023-03-29 14:00:00,23945.63,135536.86,191943.68,1,6511
2023-03-29 15:00:00,32966.380000000005,134940.23,191089.84,1,6584
2023-03-29 16:00:00,22827.26,135861.63,210081.31,1,6704
2023-03-29 17:00:00,24912.18,150819.12,234384.99,1,7721
2023-03-29 18:00:00,24686.49,146392.26,235841.9,1,8437
2023-03-29 19:00:00,24582.39,131566.74,212242.44,1,7573
2023-03-29 20:00:00,35381.88,124751.12,189032.59,1,7112
2023-03-29 21:00:00,24472.17,126335.65,189762.58,1,7066
2023-03-29 22:00:00,24788.85,124400.63,182223.43,1,6394
2023-03-29 23:00:00,15659.6,77924.35,114279.36,1,4082
2023-03-30 00:00:00,9922.01,47645.91,68471.68,1,2288
2023-03-30 01:00:00,4876.73,22616.73,32159.43,1,1111
2023-03-30 02:00:00,1954.86,9401.5,13582.54,1,532
2023-03-30 03:00:00,1436.58,6934.01,9647.06,1,321
2023-03-30 04:00:00,2598.21,11232.53,15762.28,1,360
2023-03-30 05:00:00,4070.53,18114.16,25464.98,1,665
2023-03-30 06:00:00,8314.32,38835.43,54453.06,1,1858
2023-03-30 07:00:00,33094.65,69863.62,99874.59,1,3798
2023-03-30 08:00:00,16369.23,93472.12,134998.05,1,5460
2023-03-30 09:00:00,16565.46,100864.78,145052.0,1,5654
2023-03-30 10:00:00,17749.84,106885.35,152474.28,1,5707
2023-03-30 11:00:00,18931.18,118051.6,167447.11,1,6083
2023-03-30 12:00:00,20293.42,125302.72,176570.66,1,6279
2023-03-30 13:00:00,21202.76,126611.18,179158.29,1,6400
2023-03-30 14:00:00,36178.45,138042.75,196248.98,1,6801
2023-03-30 15:00:00,24458.76,145682.56,205644.43,1,7013
2023-03-30 16:00:00,25613.69,155993.42,236572.6,1,7174
2023-03-30 17:00:00,25083.9,158350.15,243579.84,1,7720
2023-03-30 18:00:00,36201.98,164793.69,259186.93,1,8825
2023-03-30 19:00:00,25174.56,139009.26,221226.37,1,7893
2023-03-30 20:00:00,26312.37,139240.65,209131.33,1,7734
2023-03-30 21:00:00,82943.15,138969.34,207729.63999999998,1,7628
2023-03-30 22:00:00,25938.98,133774.05,195772.99,1,6828
2023-03-30 23:00:00,21119.81,104414.77,152657.4,1,5183
2023-03-31 00:00:00,12086.7,60674.7,87267.22,1,3069
2023-03-31 01:00:00,12342.53,34871.52,50171.19,1,1795
2023-03-31 02:00:00,3598.34,18045.34,26120.88,1,1033
2023-03-31 03:00:00,2658.26,13441.59,18691.42,1,629
2023-03-31 04:00:00,3187.42,14953.4,20905.13,1,535
2023-03-31 05:00:00,3906.55,17698.34,25150.67,1,628
2023-03-31 06:00:00,8407.31,38824.36,53941.55,1,1603
2023-03-31 07:00:00,11341.37,57941.14,82181.74,1,2988
2023-03-31 08:00:00,25254.52,73959.72,106846.78,1,4112
2023-03-31 09:00:00,15195.34,86785.36,124502.37,1,4692
2023-03-31 10:00:00,16537.78,94244.88,134571.97,1,5007
2023-03-31 11:00:00,17847.7,102520.21,146576.39,1,5428
2023-03-31 12:00:00,19710.47,112855.62,161949.17,1,6086
2023-03-31 13:00:00,22089.65,122586.41,174390.23,1,6292
2023-03-31 14:00:00,26209.67,146636.97,207831.65,1,7045
2023-03-31 15:00:00,23843.97,138762.21,196137.44,1,6723
2023-03-31 16:00:00,41931.229999999996,133592.24,204601.43,1,6410
2023-03-31 17:00:00,25963.23,150655.17,236981.33,1,7897
2023-03-31 18:00:00,27952.56,160091.75,255424.05,1,9080
2023-03-31 19:00:00,25805.62,142564.66,228261.98,1,8202
2023-03-31 20:00:00,22623.89,118422.24,177253.61,1,6511
2023-03-31 21:00:00,21550.35,113153.81,167731.82,1,6155
2023-03-31 22:00:00,24248.02,126649.62,187083.19,1,6782
2023-03-31 23:00:00,24135.87,127530.16,186616.28,1,6531
2023-04-01 00:00:00,70.6,336.7,499.28999999999996,2,16
2023-04-03 11:00:00,7.89,35.2,59.08,1,1
2023-04-03 12:00:00,2.16,18.6,32.74,2,2
2023-04-03 13:00:00,2.0,16.3,25.56,1,1
2023-04-03 14:00:00,7.970000000000001,51.5,70.5,2,2
2023-04-03 15:00:00,21.5,95.6,123.27,2,3
2023-04-03 18:00:00,22.39,78.6,98.12,2,2
2023-04-03 19:00:00,5.71,31.9,45.16,2,2
2023-04-03 20:00:00,5.27,34.0,46.9,2,2
2023-04-03 21:00:00,2.93,26.700000000000003,47.95,2,4
2023-04-03 22:00:00,8.18,42.4,60.48,2,2
2023-04-04 12:00:00,1.23,14.2,24.96,1,1
2023-04-04 13:00:00,3.16,27.2,50.64,2,3
2023-04-04 14:00:00,1.99,13.5,18.5,1,1
2023-04-04 16:00:00,5.58,41.2,67.44,1,3
2023-04-04 17:00:00,1.98,17.9,32.96,2,2
2023-04-04 18:00:00,4.21,41.4,71.24,1,4
2023-04-04 19:00:00,4.859999999999999,37.0,61.64,2,3
2023-04-04 20:00:00,2.7800000000000002,20.700000000000003,32.96,1,2
2023-04-04 21:00:00,9.31,57.7,96.18,1,5
2023-04-04 22:00:00,6.58,73.2,95.45,2,3
2023-04-05 11:00:00,4.9399999999999995,41.900000000000006,62.46,1,3
2023-04-05 12:00:00,4.23,46.1,70.6,1,3
2023-04-05 13:00:00,10.62,53.6,76.32000000000001,1,2
2023-04-05 14:00:00,5.45,28.9,33.9,1,1
2023-04-05 15:00:00,6.51,46.6,62.3,2,2
2023-04-05 16:00:00,1.24,14.2,23.04,1,1
2023-04-05 17:00:00,3.2700000000000005,33.5,53.5,1,3
2023-04-05 18:00:00,7.69,51.0,79.48,2,3
2023-04-05 19:00:00,3.57,19.1,30.12,2,1
2023-04-05 20:00:00,4.28,29.1,40.1,1,2
2023-03-31 16:00:00,20.520000000000003,116.2,169.32,1,7
2023-03-31 22:00:00,4.51,25.4,36.48,2,1
2023-03-31 23:00:00,122.29,631.5,937.41,2,33
2023-04-01 00:00:00,27539.35,98131.08,145877.07,1,5602
2023-04-01 01:00:00,14232.34,76584.68,114873.64,1,4638
2023-04-01 02:00:00,10009.74,53142.52,79908.33,1,3370
2023-04-01 03:00:00,7494.6,37437.89,54912.27,1,2193
2023-04-01 04:00:00,3701.68,18301.41,26617.15,1,1013
2023-04-01 05:00:00,2777.23,11974.57,16435.64,1,438
2023-04-01 06:00:00,4940.35,21995.46,29748.09,1,830
2023-04-01 07:00:00,7594.19,34826.77,47753.35,1,1402
2023-04-01 08:00:00,7516.35,37834.17,55027.55,1,2233
2023-04-01 09:00:00,10959.61,57501.57,83393.0,1,3527
2023-04-01 10:00:00,29992.32,83388.37,120820.41,1,5010
2023-04-01 11:00:00,15767.1,88202.59,127928.06999999999,1,5358
2023-04-01 12:00:00,18076.05,101034.16,145747.66,1,5829
2023-04-01 13:00:00,17814.39,105326.07,151713.5,1,6258
2023-04-01 14:00:00,20365.05,111529.33,157801.8,1,5727
2023-04-01 15:00:00,21655.23,120177.63,169500.25,1,6146
2023-04-01 16:00:00,27906.41,130083.14,184258.63999999998,1,6809
2023-04-01 17:00:00,23313.94,132819.69,188443.74,1,7147
2023-04-01 18:00:00,22455.48,133156.5,190364.43,1,7644
2023-04-01 19:00:00,32485.54,145574.24,207831.38999999998,2,8219
2023-04-01 20:00:00,22116.6,128937.3,191925.25,2,7907
2023-04-01 21:00:00,20050.02,104907.61,154322.54,2,5594
2023-04-01 22:00:00,35928.82,124024.79,182760.51,2,6620
2023-04-01 23:00:00,27457.44,145198.54,211352.47,2,7471
2023-04-02 00:00:00,21420.69,112233.62,164217.63,1,6111
2023-04-02 01:00:00,16087.6,83203.87,124081.3,1,5012
2023-04-02 02:00:00,11090.06,58940.48,87704.01,1,3607
2023-04-02 03:00:00,7919.48,40209.88,59586.72,1,2397
2023-04-02 04:00:00,5115.61,24331.55,34273.1,1,1116
2023-04-02 05:00:00,3168.25,14222.88,19451.47,1,476
2023-04-02 06:00:00,6018.08,25616.03,34442.12,1,870
2023-04-02 07:00:00,6989.53,31577.83,43745.65,1,1269
2023-04-02 08:00:00,8098.06,39518.19,55969.34,1,2001
2023-04-02 09:00:00,12100.88,59884.7,85464.66,1,3268
2023-04-02 10:00:00,14779.88,77377.01,112242.15,1,4489
2023-04-02 11:00:00,17960.06,94464.09,136521.25,1,5415
2023-04-02 12:00:00,33663.29,110730.52,159509.06,1,6129
2023-04-02 13:00:00,21881.29,118154.84,168961.75,1,6077
2023-04-02 14:00:00,25496.75,137367.35,194682.7,1,6469
2023-04-02 15:00:00,25377.58,133854.75,186636.17,1,6020
2023-04-02 16:00:00,25800.67,140031.32,196533.52,1,6355
2023-04-02 17:00:00,24265.79,129763.85,183931.32,1,6290
2023-04-02 18:00:00,22870.34,120388.03,170869.48,1,6018
2023-04-02 19:00:00,20485.66,101079.94,144445.27,1,5011
2023-04-02 20:00:00,20768.45,102347.84,151038.28,1,5130
2023-04-02 21:00:00,20255.41,95379.39,139600.56,1,4460
2023-04-02 22:00:00,16809.47,76750.61,109677.99,1,3292
2023-04-02 23:00:00,31620.920000000002,73523.47,103701.39,1,2594
2023-04-03 00:00:00,20792.78,41302.32,57015.59,1,1446
2023-04-03 01:00:00,4222.38,18486.56,25000.09,1,704
2023-04-03 02:00:00,1506.08,6785.0,9575.14,1,355
2023-04-03 03:00:00,1505.9,6652.1,9041.67,1,251
2023-04-03 04:00:00,2316.09,10210.51,13833.62,1,348
2023-04-03 05:00:00,4068.63,18650.54,24937.64,1,603
2023-04-03 06:00:00,8603.32,39649.5,53961.45,1,1698
2023-04-03 07:00:00,13431.57,70919.19,99869.52,1,3552
2023-04-03 08:00:00,153515.62,83998.77,120234.25,1,4639
2023-04-03 09:00:00,16124.8,93505.43,133388.57,1,4980
2023-04-03 10:00:00,16844.81,97314.81,138871.55,1,5159
2023-04-03 11:00:00,16167.24,96747.9,138360.36,1,5321
2023-04-03 12:00:00,17571.13,103839.77,147624.45,1,5653
2023-04-03 13:00:00,19714.79,111822.61,158794.15,1,5720
2023-04-03 14:00:00,30155.12,128648.2,181394.0,1,6278
2023-04-03 15:00:00,23410.47,136653.69,191910.46,1,6534
2023-04-03 16:00:00,21941.45,128876.85,198915.13999999998,1,6466
2023-04-03 17:00:00,23067.59,130432.42,204983.64,1,6925
2023-04-03 18:00:00,23090.17,124944.13,198485.98,1,6967
2023-04-03 19:00:00,29916.85,103850.8,165965.8,1,5839
2023-04-03 20:00:00,20855.13,103651.4,155113.22,1,5612
2023-04-03 21:00:00,18918.66,93393.5,138827.42,1,4943
2023-04-03 22:00:00,18274.5,84552.52,123212.1,1,4015
2023-04-03 23:00:00,15097.74,69365.79,99129.13,1,2886
2023-04-04 00:00:00,6966.61,31970.14,44617.31,1,1362
2023-04-04 01:00:00,21031.04,19319.38,25958.38,1,684
2023-04-04 02:00:00,2252.39,9671.2,13048.88,1,376
2023-04-04 03:00:00,841.61,3928.45,5427.33,1,167
2023-04-04 04:00:00,1447.19,6615.02,8900.0,1,225
2023-04-04 05:00:00,3658.94,16142.43,22505.29,1,611
2023-04-04 06:00:00,7175.2300000000005,34080.89,47212.28,1,1651
2023-04-04 07:00:00,12927.06,69267.94,98863.97,1,3761
2023-04-04 08:00:00,14760.62,88179.66,125838.48,1,5000
2023-04-04 09:00:00,15425.49,93957.74,135380.99,1,5271
2023-04-04 10:00:00,15784.94,95347.23,137341.58,1,5353
2023-04-04 11:00:00,24248.45,101088.16,144658.09,1,5663
2023-04-04 12:00:00,19121.12,111736.99,159169.41,1,5967
2023-04-04 13:00:00,19638.09,114041.08,161767.61,1,6128
2023-04-04 14:00:00,22837.46,130712.89,186411.13,1,6800
2023-04-04 15:00:00,33085.09,135675.53,192005.25,1,7016
2023-04-04 16:00:00,22424.18,127919.14,200539.59,1,6864
2023-04-04 17:00:00,24425.4,139584.23,221758.67,1,7845
2023-04-04 18:00:00,24769.81,139745.03,224600.58,1,8288
2023-04-04 19:00:00,37249.96,119112.47,192821.12,1,7033
2023-04-04 20:00:00,23143.09,119453.21,180586.03,1,6917
2023-04-04 21:00:00,21386.76,110536.53,166498.29,1,6338
2023-04-04 22:00:00,21041.4,105440.45,155914.02,1,5601
2023-04-04 23:00:00,16319.89,76265.91,110233.23,1,3641
2023-04-05 00:00:00,8736.59,40653.14,56949.17,1,1823
2023-04-05 01:00:00,3264.02,15457.94,22352.97,1,840
2023-04-05 02:00:00,1583.1,7584.97,10829.12,1,432
2023-04-05 03:00:00,1074.81,5051.19,6853.48,1,246
2023-04-05 04:00:00,1846.12,8577.67,11606.61,1,273
2023-04-05 05:00:00,3540.1,16603.84,23272.37,1,667
2023-04-05 06:00:00,8143.82,38693.04,53535.74,1,1758
2023-04-05 07:00:00,29556.179999999997,68717.21,98545.23,1,3897
2023-04-05 08:00:00,15366.19,91655.97,131590.82,1,5282
2023-04-05 09:00:00,16170.23,99199.86,142372.9,1,5546
2023-04-05 10:00:00,16728.35,105826.25,151938.35,1,5848
2023-04-05 11:00:00,17196.99,115706.11,164675.93,1,6560
2023-04-05 12:00:00,20147.69,128816.89,182967.51,1,6867
2023-04-05 13:00:00,21092.04,131334.11,186683.99,1,6970
2023-04-05 14:00:00,24196.47,145025.51,205776.57,1,7270
2023-04-05 15:00:00,42832.840000000004,147580.6,207310.87,1,7405
2023-04-05 16:00:00,23915.58,156476.89,239674.82,1,7601
2023-04-05 17:00:00,27104.32,177571.09,272586.83,1,8668
2023-04-05 18:00:00,24580.08,150460.94,239443.13,1,8442
2023-04-05 19:00:00,21501.3,117643.6,188392.45,1,6811
2023-04-05 20:00:00,21204.08,108425.72,163688.73,1,6175
2023-04-05 21:00:00,43449.64,111388.29,166671.2,1,6328
2023-04-05 22:00:00,20441.67,105406.29,157140.41,1,5954
2023-04-05 23:00:00,17473.27,83311.2,120520.54,1,3966
2023-04-06 00:00:00,10516.48,49765.65,71749.15,1,2227
2023-04-06 01:00:00,6522.46,29420.0,40648.27,1,1215
2023-04-06 02:00:00,2340.02,11983.38,16928.39,1,557
2023-04-06 03:00:00,2016.93,9383.73,12912.9,1,361
2023-04-06 04:00:00,2247.84,10194.17,14113.81,1,354
2023-04-06 05:00:00,3586.81,15587.48,21842.12,1,622
2023-04-06 06:00:00,7484.52,34211.66,47556.05,1,1529
2023-04-06 07:00:00,11523.56,58887.4,84641.24,1,3181
2023-04-06 08:00:00,13059.12,73815.92,105886.92,1,4231
2023-04-06 09:00:00,13607.66,81951.93,118026.0,1,4806
2023-04-06 10:00:00,15886.96,91834.17,132400.67,1,5179
2023-04-06 11:00:00,17536.42,103206.98,148380.05,1,5625
2023-04-06 12:00:00,20985.22,119600.01,169915.07,1,6219
2023-04-06 13:00:00,21622.2,122737.63,174645.48,1,6344
2023-04-06 14:00:00,24628.86,141851.44,200716.38999999998,1,7025
2023-04-06 15:00:00,35143.07,141918.92,200755.12,1,6925
2023-04-06 16:00:00,24605.76,139773.3,216139.94,1,6958
2023-04-06 17:00:00,25513.08,145209.6,227583.08,1,7659
2023-04-06 18:00:00,25006.26,138890.14,221084.6,1,7784
2023-04-06 19:00:00,20346.23,106896.72,171526.14,1,6212
2023-04-06 20:00:00,20628.25,107482.91,162021.13999999998,1,6095
2023-04-06 21:00:00,21402.89,111507.66,166879.09,1,6307
2023-04-06 22:00:00,22590.0,115264.01,170480.86,1,5987
2023-04-06 23:00:00,19111.28,92954.96,136833.4,1,4731
2023-04-07 00:00:00,12868.05,61479.86,89951.34,1,3177
2023-04-07 01:00:00,7152.8,34925.43,50760.39,1,1929
2023-04-07 02:00:00,4023.34,20356.95,29994.85,1,1236
2023-04-07 03:00:00,2309.31,11811.83,17340.05,2,684
2023-04-07 04:00:00,2623.58,11792.92,16503.2,1,498
2023-04-07 05:00:00,3619.52,16632.78,23104.29,1,574
2023-04-07 06:00:00,7470.12,33041.65,45564.71,1,1315
2023-04-07 07:00:00,79731.0,39544.73,55921.7,1,1933
2023-04-07 08:00:00,11359.06,56997.94,81795.51,1,3092
2023-04-07 09:00:00,14108.89,74147.98,107113.67,1,4209
2023-04-07 10:00:00,16251.67,87261.06,126271.73,1,4965
2023-04-07 11:00:00,16532.6,94966.74,137059.52,1,5531
2023-04-07 12:00:00,19029.96,104675.26,150808.74,1,5813
2023-04-07 13:00:00,21735.9,117880.1,168400.73,1,6289
2023-04-07 14:00:00,24339.45,130951.96,186587.76,1,6726
2023-04-07 15:00:00,23197.21,131022.3,186211.84,1,7028
2023-04-07 16:00:00,29202.93,130086.73,202773.98,2,6707
2023-04-07 17:00:00,23034.18,129655.8,203267.91,1,6983
2023-04-07 18:00:00,22233.96,125792.4,200128.4,1,7343
2023-04-07 19:00:00,19395.44,108412.6,173258.11,2,6419
2023-04-07 20:00:00,18436.39,98733.68,148566.81,2,5872
2023-04-07 21:00:00,18617.47,100558.86,149591.94,2,5840
2023-04-07 22:00:00,19066.25,104528.97,156106.5,2,6192
2023-04-07 23:00:00,19076.67,100801.86,149805.81,2,5687
2023-04-08 00:00:00,14363.9,76165.41,113142.81,1,4515
2023-04-08 01:00:00,9946.32,53955.89,81394.49,1,3522
2023-04-08 02:00:00,7588.53,40858.97,61267.78,2,2623
2023-04-08 03:00:00,5145.14,27032.85,40541.31,1,1694
2023-04-08 04:00:00,3350.01,16497.6,23675.53,1,884
2023-04-08 05:00:00,2438.43,11488.99,15569.14,1,403
2023-04-08 06:00:00,5252.56,22749.76,30379.92,1,795
2023-04-08 07:00:00,6077.2,27276.72,37538.81,1,1195
2023-04-08 08:00:00,7664.37,36858.2,51846.61,1,1932
2023-04-08 09:00:00,9687.28,50237.94,72774.99,1,2994
2023-04-08 10:00:00,13275.45,69672.38,100673.89,1,4252
2023-04-08 11:00:00,14396.3,80852.03,117215.08,1,5070
2023-04-08 12:00:00,17197.56,95610.75,137176.37,1,5670
2023-04-08 13:00:00,18468.61,105232.13,149780.94,2,5966
2023-04-08 14:00:00,19391.18,108606.31,153458.26,2,5753
2023-04-08 15:00:00,22576.77,122103.46,171901.47,2,6210
2023-04-08 16:00:00,21401.85,124166.18,174898.78,2,6677
2023-04-08 17:00:00,20074.67,119011.57,167511.56,2,6574
2023-04-08 18:00:00,18534.94,110445.19,158181.28,2,6638
2023-04-08 19:00:00,18182.77,103836.56,148521.18,2,6235
2023-04-08 20:00:00,15283.91,86497.15,129497.69,2,5327
2023-04-08 21:00:00,15929.23,86686.29,129836.81,2,5367
2023-04-08 22:00:00,18026.66,99574.2,147966.08,2,5861
2023-04-08 23:00:00,17888.62,94972.25,140555.18,2,5422
2023-04-09 00:00:00,11915.07,63386.3,94736.47,2,3913
2023-04-09 01:00:00,9496.6,50702.62,75893.19,1,3242
2023-04-09 02:00:00,19012.5,37393.5,56119.99,1,2437
2023-04-09 03:00:00,5184.29,26289.68,38693.23,1,1597
2023-04-09 04:00:00,4303.75,21135.68,29936.94,1,1032
2023-04-09 05:00:00,3018.65,13622.32,18373.02,1,476
2023-04-09 06:00:00,4559.42,19924.44,26567.25,1,722
2023-04-09 07:00:00,5814.14,26709.27,36480.01,1,1143
2023-04-09 08:00:00,7434.06,35985.37,50759.65,1,1819
2023-04-09 09:00:00,10627.05,52479.5,74810.6,1,3021
2023-04-09 10:00:00,14482.24,76091.63,109428.82,1,4475
2023-04-09 11:00:00,16345.76,85799.91,123930.5,1,5054
2023-04-09 12:00:00,18395.73,98854.01,141626.99,2,5489
2023-04-09 13:00:00,21663.46,113069.0,160008.15,2,5642
2023-04-09 14:00:00,21722.67,116975.93,164749.0,2,5588
2023-04-09 15:00:00,22180.53,118194.75,165192.85,2,5540
2023-04-09 16:00:00,24049.85,125317.56,175213.92,2,5797
2023-04-09 17:00:00,21745.11,116329.98,164523.61,2,5656
2023-04-09 18:00:00,19075.32,100044.87,141996.46,2,5069
2023-04-09 19:00:00,19415.67,97165.55,138325.52,1,4808
2023-04-09 20:00:00,19579.92,99027.4,147035.26,1,5055
2023-04-09 21:00:00,20123.82,97065.52,142928.39,1,4606
2023-04-09 22:00:00,19448.97,87306.39,124943.49,1,3618
2023-04-09 23:00:00,17227.66,74690.29,105006.36,1,2649
2023-04-10 00:00:00,7372.15,31813.98,45076.53,1,1225
2023-04-10 01:00:00,3054.2400000000002,13735.23,18918.41,1,569
2023-04-10 02:00:00,1439.41,6437.76,8979.44,1,318
2023-04-10 03:00:00,952.73,4280.07,6012.51,1,212
2023-04-10 04:00:00,1403.78,6711.11,8969.43,1,243
2023-04-10 05:00:00,3671.21,16725.59,22764.81,1,588
2023-04-10 06:00:00,85266.76,37541.26,51199.22,1,1491
2023-04-10 07:00:00,12092.21,61163.68,86750.14,1,3077
2023-04-10 08:00:00,14988.74,81650.79,116887.57,1,4367
2023-04-10 09:00:00,16137.51,88289.37,127090.03,1,4841
2023-04-10 10:00:00,16801.98,91936.2,131455.83,1,4821
2023-04-10 11:00:00,17391.88,94995.89,134766.15,1,5002
2023-04-10 12:00:00,19713.1,108497.07,152962.81,1,5351
2023-04-10 13:00:00,20757.35,111953.34,158873.4,1,5577
2023-04-10 14:00:00,23525.91,125856.6,177956.69,1,5971
2023-04-10 15:00:00,23184.08,128479.96,179871.22,1,6083
2023-04-10 16:00:00,23812.13,130602.84,198791.5,1,5878
2023-04-10 17:00:00,23576.3,129217.92,200917.39,1,6370
2023-04-10 18:00:00,21605.06,116291.01,186085.53,1,6483
2023-04-10 19:00:00,19902.64,99969.26,159207.04,1,5462
2023-04-10 20:00:00,18326.38,91051.76,138073.85,1,4948
2023-04-10 21:00:00,17835.54,86970.13,130018.97,1,4548
2023-04-10 22:00:00,17855.44,82984.26,120082.56999999999,1,3751
2023-04-10 23:00:00,14125.789999999999,63805.04,91798.75,1,2617
2023-04-11 00:00:00,7892.56,33979.56,48211.43,1,1327
2023-04-11 01:00:00,4273.53,19344.72,26053.01,1,714
2023-04-11 02:00:00,1298.79,6104.92,8193.19,1,280
2023-04-11 03:00:00,899.9,3906.72,5340.47,1,154
2023-04-11 04:00:00,1290.48,6147.28,8230.27,1,200
2023-04-11 05:00:00,2848.5,13209.46,18280.15,1,543
2023-04-11 06:00:00,7375.57,35169.26,48478.65,1,1585
2023-04-11 07:00:00,12552.54,65861.52,93393.92,1,3451
2023-04-11 08:00:00,14412.41,85418.16,122664.37,1,4714
2023-04-11 09:00:00,177148.21000000002,101019.72,143805.4,1,5305
2023-04-11 10:00:00,16890.75,100655.4,142907.4,1,5221
2023-04-11 11:00:00,17814.96,107214.61,152082.71,1,5561
2023-04-11 12:00:00,18650.58,112288.77,159655.03,1,5861
2023-04-11 13:00:00,20572.38,120112.02,169709.03,1,6071
2023-04-11 14:00:00,22857.54,130127.17,184938.07,1,6650
2023-04-11 15:00:00,24488.27,139900.47,197759.06,1,6979
2023-04-11 16:00:00,25235.02,141423.59,219177.36,1,6957
2023-04-11 17:00:00,24607.09,142413.66,222677.48,1,7399
2023-04-11 18:00:00,24219.56,137660.28,220613.87,1,7836
2023-04-11 19:00:00,25650.01,112611.55,181450.95,1,6433
2023-04-11 20:00:00,21107.47,107673.02,163439.59,1,6179
2023-04-11 21:00:00,21974.22,111775.97,169035.1,1,6335
2023-04-11 22:00:00,20899.12,103388.68,151999.69,1,5358
2023-04-11 23:00:00,16769.28,79735.89,115948.98,1,3794
2023-04-12 00:00:00,9061.9,41839.7,59758.36,1,1893
2023-04-12 01:00:00,4159.42,18748.09,26244.28,1,894
2023-04-12 02:00:00,1419.56,6694.04,9627.52,1,392
2023-04-12 03:00:00,956.41,4673.28,6538.77,2,231
2023-04-12 04:00:00,1640.43,7116.44,9928.85,1,258
2023-04-12 05:00:00,3128.06,14631.56,20286.7,1,563
2023-04-12 06:00:00,7360.16,34570.55,48156.66,1,1644
2023-04-12 07:00:00,11257.73,60123.04,86534.39,1,3443
2023-04-12 08:00:00,42371.21,84533.94,122401.47,1,4782
2023-04-12 09:00:00,16165.77,97115.25,140541.32,1,5441
2023-04-12 10:00:00,16554.38,98678.81,141298.5,1,5463
2023-04-12 11:00:00,19730.27,117616.67,167752.65,1,6123
2023-04-12 12:00:00,19000.74,116790.54,165833.6,1,6337
2023-04-12 13:00:00,22273.37,129904.48,183397.4,1,6490
2023-04-12 14:00:00,26780.85,136928.84,194660.09,1,7005
2023-04-12 15:00:00,23638.39,138843.42,196506.25,1,7112
2023-04-12 16:00:00,23499.06,137413.03,214086.52,1,7060
2023-04-12 17:00:00,25368.03,150626.57,237249.81,1,8038
2023-04-12 18:00:00,24107.81,141319.47,227106.82,1,8255
2023-04-12 19:00:00,21592.42,118230.89,191490.78,1,7150
2023-04-12 20:00:00,23535.32,122779.93,185623.53,1,7041
2023-04-12 21:00:00,25047.37,128339.79,192322.96,1,7091
2023-04-12 22:00:00,24685.61,117527.34,174422.7,1,6299
2023-04-12 23:00:00,18219.14,88562.12,129094.62,1,4278
2023-04-13 00:00:00,9095.68,43463.37,63107.64,1,2243
2023-04-13 01:00:00,4553.72,22464.62,32066.829999999998,1,1210
2023-04-13 02:00:00,2833.23,13711.08,19322.16,1,721
2023-04-13 03:00:00,1475.34,7249.79,10329.51,1,386
2023-04-13 04:00:00,2314.4,10825.29,14931.789999999999,1,408
2023-04-13 05:00:00,3517.51,16162.74,22623.95,1,619
2023-04-13 06:00:00,8800.11,40861.05,56471.01,1,1793
2023-04-13 07:00:00,12084.36,63430.61,91053.9,1,3525
2023-04-13 08:00:00,15712.48,89738.52,128318.47,1,4804
2023-04-13 09:00:00,16398.0,99443.93,141548.64,1,5288
2023-04-13 10:00:00,17319.38,104800.21,149632.51,1,5595
2023-04-13 11:00:00,18843.41,115004.51,163634.94,1,5999
2023-04-13 12:00:00,19920.29,123905.89,175782.28,1,6327
2023-04-13 13:00:00,22726.86,135226.64,191335.7,1,6735
2023-04-13 14:00:00,25527.37,150193.15,212522.1,1,7447
2023-04-13 15:00:00,25495.41,152355.86,214689.96,1,7522
2023-04-13 16:00:00,40242.63,155468.97,237800.22,1,7484
2023-04-13 17:00:00,41340.88,158669.34,247776.81,1,8245
2023-04-13 18:00:00,28718.35,170376.66,268426.73,1,9234
2023-04-13 19:00:00,25340.15,138405.62,221403.66,1,7973
2023-04-13 20:00:00,25940.18,139796.06,209586.13,1,7896
2023-04-13 21:00:00,26254.89,140375.21,210466.98,1,7746
2023-04-13 22:00:00,27141.07,141078.37,206809.0,1,7258
2023-04-13 23:00:00,20691.79,105798.16,156004.15,1,5641
2023-04-14 00:00:00,14139.29,70275.59,102766.2,1,3668
2023-04-14 01:00:00,7847.36,38599.33,56324.3,1,2164
2023-04-14 02:00:00,3520.3,19067.8,28329.15,1,1178
2023-04-14 03:00:00,2781.73,13392.03,19034.0,1,682
2023-04-14 04:00:00,3614.8,16309.29,22222.73,1,555
2023-04-14 05:00:00,4742.37,21441.21,29264.51,1,732
2023-04-14 06:00:00,8810.21,39530.37,54449.04,1,1643
2023-04-14 07:00:00,11415.55,56930.51,81000.93,1,2945
2023-04-14 08:00:00,12849.52,70529.95,101557.48,1,3988
2023-04-14 09:00:00,16500.54,91637.7,130880.05,1,4859
2023-04-14 10:00:00,17661.53,101406.2,144322.17,1,5345
2023-04-14 11:00:00,19713.27,113269.54,160564.77,1,5859
2023-04-14 12:00:00,20960.99,122674.49,173803.43,1,6205
2023-04-14 13:00:00,33857.340000000004,128610.72,181987.09,1,6352
2023-04-14 14:00:00,26233.88,153297.26,215686.32,1,7390
2023-04-14 15:00:00,34782.37,146400.64,207126.83,1,7433
2023-04-14 16:00:00,25062.33,145815.85,226453.85,1,7458
2023-04-14 17:00:00,27397.93,157467.26,249465.0,1,8605
2023-04-14 18:00:00,37784.950000000004,163130.9,262628.65,1,9738
2023-04-14 19:00:00,25381.08,144134.46,231525.01,1,8506
2023-04-14 20:00:00,23181.58,127400.82,189969.48,1,7117
2023-04-14 21:00:00,23447.28,126733.75,188144.86,1,6938
2023-04-14 22:00:00,24018.55,135280.39,200182.49,2,7459
2023-04-14 23:00:00,25662.44,138439.43,202008.94,1,7166
2023-04-15 00:00:00,20745.23,112810.66,165643.02,1,6226
2023-04-15 01:00:00,15299.62,82544.9,122821.03,1,5025
2023-04-15 02:00:00,10670.66,57577.4,86351.58,1,3700
2023-04-15 03:00:00,6758.22,34855.29,51697.26,1,2116
2023-04-15 04:00:00,5330.73,23864.11,33638.78,1,1168
2023-04-15 05:00:00,3388.14,15810.91,21770.9,1,577
2023-04-15 06:00:00,6225.49,27027.09,36750.95,1,1010
2023-04-15 07:00:00,9051.73,40572.73,55313.33,1,1569
2023-04-15 08:00:00,9458.41,46696.67,65792.33,1,2444
2023-04-15 09:00:00,13344.56,68895.08,98096.5,1,3770
2023-04-15 10:00:00,15917.56,87368.84,125636.26,1,4923
2023-04-15 11:00:00,18089.8,102281.37,146417.5,1,5887
2023-04-15 12:00:00,19649.85,113855.48,163358.07,1,6419
2023-04-15 13:00:00,21580.71,127701.98,180471.53,1,6744
2023-04-15 14:00:00,22827.89,131438.22,183912.98,1,6429
2023-04-15 15:00:00,21805.76,128130.93,177941.6,1,6285
2023-04-15 16:00:00,28477.190000000002,130391.53,182916.82,1,6581
2023-04-15 17:00:00,22841.48,138710.82,196162.59,2,7449
2023-04-15 18:00:00,35292.69,145258.56,205873.62,1,8069
2023-04-15 19:00:00,40723.11,134381.86,188705.0,1,7122
2023-04-15 20:00:00,18975.43,107637.4,157352.07,1,5869
2023-04-15 21:00:00,19668.58,106525.81,158479.57,1,5998
2023-04-15 22:00:00,189489.17,123289.35,182845.15,2,6800
2023-04-15 23:00:00,23038.14,126391.74,185126.41,2,6756
2023-04-16 00:00:00,20752.96,109109.29,159866.18,2,5990
2023-04-16 01:00:00,16332.51,84603.55,125283.34,1,4906
2023-04-16 02:00:00,11946.78,60862.17,89363.11,1,3519
2023-04-16 03:00:00,7981.25,39704.63,58001.93,2,2229
2023-04-16 04:00:00,5216.55,24251.03,34372.86,1,1160
2023-04-16 05:00:00,3260.13,15570.36,21206.02,1,540
2023-04-16 06:00:00,6340.93,26809.08,35836.02,1,840
2023-04-16 07:00:00,7586.87,33676.46,45930.4,1,1251
2023-04-16 08:00:00,10099.02,45707.82,63898.48,1,2025
2023-04-16 09:00:00,12025.04,58225.16,83014.98,1,3052
2023-04-16 10:00:00,27967.22,81863.2,118294.65,1,4446
2023-04-16 11:00:00,18971.5,96155.16,138186.13999999998,1,5171
2023-04-16 12:00:00,21397.99,112333.1,162061.98,1,5973
2023-04-16 13:00:00,23569.89,125385.98,178304.08,1,6270
2023-04-16 14:00:00,24905.09,133599.36,188704.42,1,6392
2023-04-16 15:00:00,25847.96,136975.86,191784.38,1,6117
2023-04-16 16:00:00,25915.71,132736.7,187588.86,1,6124
2023-04-16 17:00:00,24301.12,128075.26,180732.98,1,6117
2023-04-16 18:00:00,21368.07,113598.13,161152.01,1,5720
2023-04-16 19:00:00,20562.84,102488.15,146116.58,1,4986
2023-04-16 20:00:00,20370.63,100461.52,147653.43,1,5047
2023-04-16 21:00:00,20210.56,96093.89,142062.42,1,4476
2023-04-16 22:00:00,18254.26,85418.46,122055.51,1,3626
2023-04-16 23:00:00,15319.16,66806.65,94960.94,1,2551
2023-04-17 00:00:00,10648.19,45095.08,62866.06,1,1591
2023-04-17 01:00:00,5441.92,23544.12,32518.55,1,858
2023-04-17 02:00:00,1873.27,8384.65,11389.71,1,357
2023-04-17 03:00:00,1899.46,8373.6,10990.28,1,291
2023-04-17 04:00:00,2306.41,10177.16,13805.43,2,332
2023-04-17 05:00:00,3866.48,17530.72,24124.34,1,669
2023-04-17 06:00:00,8954.62,41617.97,57285.74,1,1818
2023-04-17 07:00:00,16796.81,72722.04,102515.4,1,3772
2023-04-17 08:00:00,15249.89,90026.25,128240.0,1,5108
2023-04-17 09:00:00,15499.93,90485.52,130189.48,1,5016
2023-04-17 10:00:00,25630.7,100388.11,143274.39,1,5054
2023-04-17 11:00:00,18974.51,107447.58,151010.38,1,5244
2023-04-17 12:00:00,18563.45,109780.0,156452.15,1,5699
2023-04-17 13:00:00,20470.49,114184.86,162376.34,1,5801
2023-04-17 14:00:00,23911.82,127740.06,181003.9,1,6027
2023-04-17 15:00:00,24784.89,135276.61,191337.61,1,6323
2023-04-17 16:00:00,23382.01,127879.71,198070.61,1,6067
2023-04-17 17:00:00,24284.92,131072.46,207669.23,1,6873
2023-04-17 18:00:00,25608.3,134408.44,213955.95,1,7211
2023-04-17 19:00:00,21003.5,105552.55,168121.34,1,5696
2023-04-17 20:00:00,23488.95,112291.39,167641.2,1,5693
2023-04-17 21:00:00,22026.71,104811.05,155261.32,1,5264
2023-04-17 22:00:00,21085.57,96061.78,140207.79,1,4314
2023-04-17 23:00:00,16629.18,73833.42,104382.81999999999,1,2767
2023-04-18 00:00:00,9198.0,40205.59,57099.37,1,1503
2023-04-18 01:00:00,3946.21,17271.75,23446.16,1,648
2023-04-18 02:00:00,1568.97,7031.13,9546.52,1,317
2023-04-18 03:00:00,1019.57,4437.9800000000005,6076.63,1,183
2023-04-18 04:00:00,1785.26,7913.95,10452.0,1,234
2023-04-18 05:00:00,3752.04,16892.11,23491.25,1,642
2023-04-18 06:00:00,8696.35,40468.57,55680.27,1,1799
2023-04-18 07:00:00,13333.41,71962.48,102173.52,1,3926
2023-04-18 08:00:00,16021.34,96543.37,138310.28,1,5420
2023-04-18 09:00:00,18007.72,110841.33,158931.33,1,5982
2023-04-18 10:00:00,18345.46,111582.07,159444.12,1,5839
2023-04-18 11:00:00,18793.15,118117.94,167296.96,1,6192
2023-04-18 12:00:00,19390.27,123199.06,173461.62,1,6293
2023-04-18 13:00:00,49129.85,126725.54,180738.65,1,6486
2023-04-18 14:00:00,23343.12,139518.26,197442.85,1,6801
2023-04-18 15:00:00,23985.16,143933.01,202596.31,1,6972
2023-04-18 16:00:00,24576.51,149196.41,227080.1,1,7032
2023-04-18 17:00:00,24285.06,156417.65,242093.06,1,7855
2023-04-18 18:00:00,37175.43,153704.58,245120.74,1,8480
2023-04-18 19:00:00,24149.41,129688.37,210157.68,1,7458
2023-04-18 20:00:00,24350.02,127121.54,192354.0,1,7298
2023-04-18 21:00:00,25521.91,130570.43,196703.88,1,7269
2023-04-18 22:00:00,24699.22,123291.79,182872.74,1,6520
2023-04-18 23:00:00,18137.72,86199.49,123665.19,1,3866
2023-04-19 00:00:00,8725.16,39399.34,55695.53,1,1784
2023-04-19 01:00:00,3538.56,16009.39,22356.74,1,789
2023-04-19 02:00:00,1113.62,5262.64,7699.05,1,328
2023-04-19 03:00:00,1023.36,4871.21,6623.27,1,207
2023-04-19 04:00:00,1654.82,7288.67,9926.71,1,249
2023-04-19 05:00:00,4125.69,18548.44,25640.5,1,675
2023-04-19 06:00:00,8623.39,40604.21,56835.94,1,1883
2023-04-19 07:00:00,13336.55,73469.23,105323.99,1,4157
2023-04-19 08:00:00,16436.33,100148.15,144120.69,1,5701
2023-04-19 09:00:00,17809.04,109240.07,156318.13,1,5925
2023-04-19 10:00:00,18585.69,113917.22,163949.11,1,6053
2023-04-19 11:00:00,19323.89,123126.71,174578.16,1,6237
2023-04-19 12:00:00,21396.11,134328.81,189763.58,1,6562
2023-04-19 13:00:00,34411.08,132473.92,186804.38,1,6427
2023-04-19 14:00:00,26793.85,154532.99,217237.17,1,7043
2023-04-19 15:00:00,52758.53,142260.66,201077.12,1,7043
2023-04-19 16:00:00,24530.42,150135.56,230907.25,1,7175
2023-04-19 17:00:00,24177.26,155257.29,241936.31,1,7840
2023-04-19 18:00:00,33667.12,149479.03,237627.14,1,8315
2023-04-19 19:00:00,32708.49,126089.33,203611.62,1,7333
2023-04-19 20:00:00,23977.63,126757.12,192664.64,1,7337
2023-04-19 21:00:00,40353.340000000004,137316.41,206333.58,1,7597
2023-04-19 22:00:00,25025.13,126897.99,187390.41,1,6630
2023-04-19 23:00:00,18495.02,90680.64,132236.34,1,4401
2023-04-20 00:00:00,10068.83,49368.4,70799.55,1,2414
2023-04-20 01:00:00,4624.82,21440.15,30745.94,1,1121
2023-04-20 02:00:00,1734.66,8504.76,12556.5,1,532
2023-04-20 03:00:00,1408.85,6635.46,9244.42,1,314
2023-04-20 04:00:00,2403.29,10481.36,14458.31,1,379
2023-04-20 05:00:00,4754.39,21378.6,29970.61,1,762
2023-04-20 06:00:00,32997.88,44182.82,61701.26,1,1976
2023-04-20 07:00:00,13181.32,71682.18,102771.16,1,4092
2023-04-20 08:00:00,17058.19,101682.28,146138.27,1,5638
2023-04-20 09:00:00,17815.3,109576.57,156595.47,1,5761
2023-04-20 10:00:00,17215.29,107670.44,153763.39,1,5526
2023-04-20 11:00:00,18821.84,119723.67,169571.54,1,6011
2023-04-20 12:00:00,21952.27,137346.99,194320.45,1,6603
2023-04-20 13:00:00,24160.77,145244.84,203656.41,1,6604
2023-04-20 14:00:00,27871.59,166553.35,234184.13,1,7381
2023-04-20 15:00:00,26091.65,163982.52,229076.38,1,7357
2023-04-20 16:00:00,27927.22,169687.02,258848.3,1,7676
2023-04-20 17:00:00,27152.64,173338.71,269772.46,1,8679
2023-04-20 18:00:00,28565.54,182318.67,286638.74,1,9476
2023-04-20 19:00:00,26105.1,152405.32,241641.87,1,8293
2023-04-20 20:00:00,27301.17,151517.31,225944.7,1,8059
2023-04-20 21:00:00,28143.09,151130.92,224923.88,1,7898
2023-04-20 22:00:00,26929.6,142199.01,208659.26,1,7269
2023-04-20 23:00:00,23352.27,117826.23,172668.29,1,5927
2023-04-21 00:00:00,13947.69,70013.73,102552.62,1,3666
2023-04-21 01:00:00,9031.1,43438.01,62123.5,1,2160
2023-04-21 02:00:00,3169.12,16694.88,24546.39,1,1053
2023-04-21 03:00:00,2412.12,11713.74,16955.72,1,633
2023-04-21 04:00:00,4016.48,18230.42,25022.44,1,592
2023-04-21 05:00:00,20240.100000000002,24610.19,34535.58,1,773
2023-04-21 06:00:00,8347.79,39001.41,54847.52,1,1716
2023-04-21 07:00:00,13272.49,64556.71,91185.04,1,3141
2023-04-21 08:00:00,13856.79,74183.02,106935.19,1,4068
2023-04-21 09:00:00,15716.64,85790.06,123573.44,1,4571
2023-04-21 10:00:00,16781.45,93995.45,135109.41,1,5025
2023-04-21 11:00:00,18215.67,103804.32,148455.5,1,5337
2023-04-21 12:00:00,21429.42,118907.59,169473.95,1,5907
2023-04-21 13:00:00,22708.36,125926.47,179958.98,1,6192
2023-04-21 14:00:00,25947.1,142884.99,201724.37,1,6768
2023-04-21 15:00:00,25095.73,142590.6,201515.25,1,6878
2023-04-21 16:00:00,24991.97,140990.42,218584.02,1,6925
2023-04-21 17:00:00,26831.8,153577.98,241713.31,1,8155
2023-04-21 18:00:00,26693.16,150165.52,242261.23,1,8787
2023-04-21 19:00:00,24366.3,137731.6,223428.62,1,8354
2023-04-21 20:00:00,23041.51,121943.44,182364.38999999998,1,6765
2023-04-21 21:00:00,23018.85,118733.32,176282.29,1,6445
2023-04-21 22:00:00,23468.85,124799.83,184755.77,1,6724
2023-04-21 23:00:00,23759.47,122388.46,178673.28,1,6277
2023-04-22 00:00:00,18479.82,96329.34,141109.54,1,5187
2023-04-22 01:00:00,12330.97,64746.14,95864.67,1,3944
2023-04-22 02:00:00,9706.88,50964.91,75869.75,1,3077
2023-04-22 03:00:00,6384.26,33262.36,48966.69,1,1995
2023-04-22 04:00:00,4419.21,21063.15,29848.829999999998,1,1083
2023-04-22 05:00:00,3220.05,14164.96,19419.59,1,497
2023-04-22 06:00:00,6051.2,26619.95,35703.66,1,934
2023-04-22 07:00:00,7077.14,32069.55,44251.26,1,1415
2023-04-22 08:00:00,9163.66,44760.66,63806.58,1,2398
2023-04-22 09:00:00,12048.56,62421.65,90450.66,1,3665
2023-04-22 10:00:00,14851.69,79427.36,115188.77,1,4708
2023-04-22 11:00:00,16899.06,94275.46,136338.65,1,5690
2023-04-22 12:00:00,35573.28,114566.21,164703.41,1,6454
2023-04-22 13:00:00,21062.16,119444.65,170663.37,1,6606
2023-04-22 14:00:00,22638.97,123558.49,174003.51,1,6225
2023-04-22 15:00:00,22033.08,126714.23,178324.44,1,6551
2023-04-22 16:00:00,24564.67,142192.42,199947.32,1,7318
2023-04-22 17:00:00,204466.95,162016.08,228577.29,1,8663
2023-04-22 18:00:00,38971.08,150869.62,213906.01,1,8198
2023-04-22 19:00:00,21942.29,131893.64,187248.23,1,7340
2023-04-22 20:00:00,18513.01,104548.21,153594.57,2,5872
2023-04-22 21:00:00,19584.92,114203.99,169649.38,2,6697
2023-04-22 22:00:00,21540.99,127393.26,187065.35,2,7108
2023-04-22 23:00:00,21220.11,118806.65,173989.82,1,6375
2023-04-23 00:00:00,18211.73,98688.94,144992.3,1,5305
2023-04-23 01:00:00,15103.71,77705.28,113601.11,1,4234
2023-04-23 02:00:00,10800.34,54595.63,78918.78,1,2904
2023-04-23 03:00:00,6202.56,31253.96,45265.33,1,1764
2023-04-23 04:00:00,4592.89,22055.92,30870.63,1,997
2023-04-23 05:00:00,3517.95,15498.42,21484.36,1,512
2023-04-23 06:00:00,6584.32,28949.17,39107.12,1,1007
2023-04-23 07:00:00,8732.11,39657.53,54051.17,1,1481
2023-04-23 08:00:00,10374.21,48645.01,68440.02,1,2262
2023-04-23 09:00:00,18050.59,64184.42,92593.9,1,3561
2023-04-23 10:00:00,27751.69,82405.31,119195.21,1,4484
2023-04-23 11:00:00,19826.95,103696.34,149258.01,1,5398
2023-04-23 12:00:00,22552.7,124093.12,177159.2,1,6278
2023-04-23 13:00:00,26081.23,137423.25,195070.44,1,6357
2023-04-23 14:00:00,26057.2,138731.51,196025.46,1,6295
2023-04-23 15:00:00,51116.200000000004,132032.79,185651.07,1,5835
2023-04-23 16:00:00,27694.14,144330.44,202249.1,1,6212
2023-04-23 17:00:00,25564.74,136952.97,194374.74,1,6333
2023-04-23 18:00:00,24406.2,126101.6,180403.09,1,6152
2023-04-23 19:00:00,22628.97,111769.33,158638.1,1,5255
2023-04-23 20:00:00,21176.09,101858.5,149063.16,1,4808
2023-04-23 21:00:00,20606.75,96651.98,140725.68,1,4301
2023-04-23 22:00:00,20387.41,90871.25,130160.14,1,3658
2023-04-23 23:00:00,22164.9,77595.19,109529.68,1,2667
2023-04-24 00:00:00,9869.21,42155.16,57175.49,1,1401
2023-04-24 01:00:00,3553.9,16111.91,21730.91,1,640
2023-04-24 02:00:00,1404.52,6574.37,9081.45,1,318
2023-04-24 03:00:00,1392.95,6458.27,8810.01,1,251
2023-04-24 04:00:00,2072.61,9304.32,12893.32,1,301
2023-04-24 05:00:00,4379.73,20109.14,27641.41,1,693
2023-04-24 06:00:00,9126.03,41994.26,57977.78,1,1839
2023-04-24 07:00:00,15792.34,80752.63,112956.56,1,3808
2023-04-24 08:00:00,16081.8,91922.65,130835.53,1,4800
2023-04-24 09:00:00,16591.92,95797.59,137460.06,1,4997
2023-04-24 10:00:00,17308.37,98917.88,140859.58,1,4928
2023-04-24 11:00:00,18004.31,105208.57,149736.19,1,5096
2023-04-24 12:00:00,20022.36,114286.44,163033.26,1,5508
2023-04-24 13:00:00,21190.68,118654.83,167514.34,1,5582
2023-04-24 14:00:00,24683.48,135814.54,193025.37,1,6328
2023-04-24 15:00:00,33975.659999999996,139907.26,197094.57,1,6667
2023-04-24 16:00:00,25450.91,141295.15,216809.1,1,6551
2023-04-24 17:00:00,25665.56,143438.1,226146.22,1,7473
2023-04-24 18:00:00,25024.89,139938.58,223505.86,1,7611
2023-04-24 19:00:00,21570.18,110561.59,176487.63,1,6009
2023-04-24 20:00:00,21966.26,108491.78,162057.91,1,5629
2023-04-24 21:00:00,23362.8,115439.46,171767.1,1,5826
2023-04-24 22:00:00,21037.98,100093.41,146120.62,1,4735
2023-04-24 23:00:00,15167.83,69514.25,100184.53,1,2937
2023-04-25 00:00:00,7129.11,31889.74,44577.48,1,1360
2023-04-25 01:00:00,3460.04,15132.13,20474.04,1,643
2023-04-25 02:00:00,1032.39,5235.16,7013.94,1,242
2023-04-25 03:00:00,832.84,4689.77,6236.15,1,181
2023-04-25 04:00:00,1561.26,6716.29,9265.63,1,219
2023-04-25 05:00:00,4069.62,18046.63,25189.32,1,697
2023-04-25 06:00:00,8460.0,39952.6,54885.62,1,1857
2023-04-25 07:00:00,12666.18,71247.94,101486.29,1,3963
2023-04-25 08:00:00,17085.82,103908.89,148262.44,1,5467
2023-04-25 09:00:00,17375.0,107675.16,153985.34,1,5590
2023-04-25 10:00:00,17047.58,107084.87,153287.5,1,5591
2023-04-25 11:00:00,17869.8,113079.03,160021.57,1,5657
2023-04-25 12:00:00,20076.38,124049.99,175979.25,1,6164
2023-04-25 13:00:00,21229.91,128514.73,181636.45,1,6492
2023-04-25 14:00:00,26148.4,154248.57,216152.4,1,7117
2023-04-25 15:00:00,24153.57,147731.98,208121.4,1,6914
2023-04-25 16:00:00,25344.13,153043.77,232956.77,1,7022
2023-04-25 17:00:00,25671.16,157536.83,245182.53,1,7855
2023-04-25 18:00:00,24272.95,153532.43,244001.6,1,8414
2023-04-25 19:00:00,32173.01,125313.69,201967.59,1,7127
2023-04-25 20:00:00,36842.4,120297.26,180832.9,1,6686
2023-04-25 21:00:00,24556.19,129334.34,194527.31,1,7041
2023-04-25 22:00:00,24994.51,126738.12,185437.62,1,6378
2023-04-25 23:00:00,40775.92,89953.95,129829.54,1,4196
2023-04-26 00:00:00,8291.36,39602.72,56607.72,1,1919
2023-04-26 01:00:00,3381.94,16477.5,23018.93,1,809
2023-04-26 02:00:00,1364.54,6883.76,9991.5,1,397
2023-04-26 03:00:00,1099.6,5265.18,7407.31,2,252
2023-04-26 04:00:00,1996.17,8947.91,12255.69,1,285
2023-04-26 05:00:00,4226.95,19270.24,26695.12,1,666
2023-04-26 06:00:00,8592.75,40341.46,57097.98,1,1928
2023-04-26 07:00:00,13725.9,75527.35,108849.81,1,4216
2023-04-26 08:00:00,17167.75,103607.14,148538.11,1,5604
2023-04-26 09:00:00,17227.44,106598.61,153673.53,1,5718
2023-04-26 10:00:00,17216.61,107775.14,153912.69,1,5701
2023-04-26 11:00:00,18771.2,120513.1,170806.73,1,6079
2023-04-26 12:00:00,20053.6,131479.35,185647.56,1,6492
2023-04-26 13:00:00,22112.82,137438.58,193045.17,1,6425
2023-04-26 14:00:00,26176.81,158292.77,222786.16,1,7175
2023-04-26 15:00:00,24596.77,154293.12,216667.77,1,7214
2023-04-26 16:00:00,25527.72,160190.05,243058.86,1,7322
2023-04-26 17:00:00,24997.41,162504.09,252911.61,1,8098
2023-04-26 18:00:00,33724.29,160380.47,255691.17,1,8995
2023-04-26 19:00:00,37020.07,142812.29,228804.93,1,8106
2023-04-26 20:00:00,24776.22,133642.64,201648.1,1,7548
2023-04-26 21:00:00,26112.6,139127.71,209632.61,1,7713
2023-04-26 22:00:00,24951.47,129769.95,192328.01,1,6915
2023-04-26 23:00:00,18549.55,91563.21,134260.02,1,4559
2023-04-27 00:00:00,10721.33,51317.05,74284.53,1,2538
2023-04-27 01:00:00,4367.62,20983.15,30371.03,1,1172
2023-04-27 02:00:00,1891.79,9392.35,13829.04,1,599
2023-04-27 03:00:00,1462.37,7048.54,10084.17,1,361
2023-04-27 04:00:00,2086.68,9172.69,12706.35,1,331
2023-04-27 05:00:00,4344.34,19000.55,26919.34,1,730
2023-04-27 06:00:00,8821.33,41403.68,58183.22,1,1921
2023-04-27 07:00:00,15328.01,82331.06,117410.96,1,4413
2023-04-27 08:00:00,17941.26,106356.62,152283.73,1,5874
2023-04-27 09:00:00,17874.26,109810.67,157619.66,1,5866
2023-04-27 10:00:00,17478.83,110924.18,158598.24,1,5711
2023-04-27 11:00:00,19490.68,124616.6,175310.78,1,6001
2023-04-27 12:00:00,19902.3,129592.94,183255.75,1,6380
2023-04-27 13:00:00,23522.04,144468.92,203833.0,1,6703
2023-04-27 14:00:00,26031.27,158774.73,223197.8,1,7103
2023-04-27 15:00:00,26491.2,164045.96,229722.58,1,7216
2023-04-27 16:00:00,26812.04,166006.35,252667.12,1,7427
2023-04-27 17:00:00,28224.93,177200.93,272419.59,1,8329
2023-04-27 18:00:00,29468.9,169123.43,264760.72,1,8864
2023-04-27 19:00:00,27198.22,154774.28,244267.64,1,8167
2023-04-27 20:00:00,26848.72,144750.94,215592.42,1,7639
2023-04-27 21:00:00,26773.85,143715.5,214909.06,1,7797
2023-04-27 22:00:00,29049.37,149598.74,218339.07,1,7330
2023-04-27 23:00:00,23184.079999999998,119158.77,173134.16,1,5891
2023-04-28 00:00:00,14128.41,71873.26,104635.36,1,3539
2023-04-28 01:00:00,6742.72,33123.01,48416.16,1,1864
2023-04-28 02:00:00,3327.19,16694.85,24879.39,1,1078
2023-04-28 03:00:00,2530.0,12063.79,17401.0,1,651
2023-04-28 04:00:00,2698.54,12622.62,17622.39,1,469
2023-04-28 05:00:00,4956.94,22119.49,30951.4,1,749
2023-04-28 06:00:00,8861.97,41079.54,57114.18,1,1729
2023-04-28 07:00:00,12828.16,66960.9,94787.1,1,3416
2023-04-28 08:00:00,15855.85,88408.26,126334.61,1,4677
2023-04-28 09:00:00,16820.97,97447.68,138744.59,1,5029
2023-04-28 10:00:00,17077.85,102365.73,145813.66,1,5249
2023-04-28 11:00:00,18949.95,114446.19,161831.41,1,5614
2023-04-28 12:00:00,20380.53,123312.4,174463.67,1,6052
2023-04-28 13:00:00,25679.18,134587.56,189953.65,1,6303
2023-04-28 14:00:00,25855.72,152989.05,216006.68,1,7212
2023-04-28 15:00:00,26335.03,159254.02,224688.11,1,7498
2023-04-28 16:00:00,24496.34,146434.56,224287.6,1,7037
2023-04-28 17:00:00,35370.799999999996,156694.95,247429.4,1,8202
2023-04-28 18:00:00,25972.26,153691.38,245418.28,1,8694
2023-04-28 19:00:00,26560.03,157696.39,252883.73,1,9237
2023-04-28 20:00:00,35115.64,132881.03,199704.54,1,7573
2023-04-28 21:00:00,21885.45,124939.88,187225.71,1,7149
2023-04-28 22:00:00,25793.55,145081.49,214375.8,1,7725
2023-04-28 23:00:00,22184.01,120703.33,176954.91,1,6435
2023-04-29 00:00:00,16359.39,89705.47,133085.48,1,5176
2023-04-29 01:00:00,22415.329999999998,64726.24,96386.42,1,3936
2023-04-29 02:00:00,8248.64,45357.14,68178.19,1,2938
2023-04-29 03:00:00,5189.59,26926.2,40276.21,1,1781
2023-04-29 04:00:00,3378.55,16268.04,23746.19,1,873
2023-04-29 05:00:00,2980.33,13054.95,17897.82,1,448
2023-04-29 06:00:00,4771.57,21530.96,29266.31,1,858
2023-04-29 07:00:00,6807.48,31337.18,43143.86,1,1364
2023-04-29 08:00:00,9109.91,44835.66,63717.2,1,2440
2023-04-29 09:00:00,12100.53,65973.98,95627.56,1,3986
2023-04-29 10:00:00,14356.16,82277.06,119164.35,1,4963
2023-04-29 11:00:00,17555.84,106870.82,153114.85,1,6143
2023-04-29 12:00:00,19488.06,127854.59,181318.61,1,6840
2023-04-29 13:00:00,19319.01,126261.09,176199.49,1,6268
2023-04-29 14:00:00,20263.1,128702.92,179531.32,1,6156
2023-04-29 15:00:00,22826.97,138333.01,192737.26,1,6629
2023-04-29 16:00:00,23285.2,141758.26,197882.77,1,6899
2023-04-29 17:00:00,22792.28,142498.33,198840.93,1,7042
2023-04-29 18:00:00,20633.52,132588.52,184352.78,1,7023
2023-04-29 19:00:00,19624.43,124516.09,172831.1,1,6522
2023-04-29 20:00:00,16715.58,96459.93,140413.75,1,5060
2023-04-29 21:00:00,17265.86,95784.06,140990.53,1,5287
2023-04-29 22:00:00,21381.91,108396.16,159280.9,1,5777
2023-04-29 23:00:00,21580.51,118306.12,171791.41,1,6121
2023-04-30 00:00:00,17724.46,95198.94,140231.59,1,5381
2023-04-30 01:00:00,13770.47,72008.19,106740.19,1,4262
2023-04-30 02:00:00,9532.33,50037.67,75041.49,1,3184
2023-04-30 03:00:00,6737.79,34731.09,51380.34,1,2135
2023-04-30 04:00:00,4686.45,22778.78,32607.02,1,1118
2023-04-30 05:00:00,28892.670000000002,14666.3,19807.71,1,457
2023-04-30 06:00:00,5675.52,25080.23,33995.409999999996,1,864
2023-04-30 07:00:00,9211.61,40214.44,55356.27,1,1495
2023-04-30 08:00:00,9104.47,41589.28,58237.4,1,1917
2023-04-30 09:00:00,11592.289999999999,56966.63,81439.64,1,3065
2023-04-30 10:00:00,14621.21,76115.31,110482.36,1,4302
2023-04-30 11:00:00,19950.49,111641.4,161907.0,1,6430
2023-04-30 12:00:00,34536.12,130206.37,183827.84,1,6408
2023-04-30 13:00:00,21325.46,125941.1,175026.78,1,5765
2023-04-30 14:00:00,24252.1,141172.01,196025.38,1,6052
2023-04-30 15:00:00,47960.91,144466.92,201084.6,1,6043
2023-04-30 16:00:00,23227.31,136833.19,191977.41,1,6318
2023-04-30 17:00:00,22679.58,134274.33,187487.8,1,6156
2023-04-30 18:00:00,313687.89,100961.83,143726.2,1,5338
2023-04-30 19:00:00,17544.38,90162.14,127574.87,1,4187
2023-04-30 20:00:00,33567.9,85286.37,123225.33,1,3823
2023-04-30 21:00:00,18267.33,87182.09,127105.53,1,3763
2023-04-30 22:00:00,19495.45,89280.49,127246.49,1,3351
2023-04-30 23:00:00,16781.77,72599.29,102805.76,1,2380
2023-05-01 00:00:00,1.54,9.3,17.16,1,1
2023-05-02 09:00:00,10.37,58.3,93.72,1,1
2023-05-02 10:00:00,1.91,20.5,25.5,1,1
2023-05-02 11:00:00,18.200000000000003,100.5,126.00999999999999,1,3
2023-05-02 13:00:00,16.96,70.0,98.76,1,1
2023-05-02 14:00:00,2.02,25.6,42.72,1,2
2023-05-02 15:00:00,4.53,39.6,59.52,1,2
2023-05-02 17:00:00,8.93,60.8,84.3,2,3
2023-05-02 18:00:00,1.97,12.1,17.1,2,1
2023-05-02 19:00:00,1.71,12.8,20.47,1,1
2023-05-02 20:00:00,6.26,47.7,75.19,1,4
2023-05-02 21:00:00,7.09,42.6,58.989999999999995,1,3
2023-05-02 22:00:00,6.8,33.8,52.35,1,1
2023-05-03 11:00:00,10.16,51.3,78.56,1,1
2023-05-03 13:00:00,1.48,19.8,34.8,1,1
2023-05-03 14:00:00,2.04,27.7,45.24,1,2
2023-05-03 15:00:00,3.7,30.5,43.92,2,2
2023-05-03 16:00:00,7.539999999999999,41.0,56.94,1,2
2023-05-03 17:00:00,9.78,45.0,63.6,1,1
2023-05-03 19:00:00,6.14,39.1,58.120000000000005,1,3
2023-05-03 20:00:00,6.16,39.1,57.4,2,3
2023-05-03 21:00:00,9.7,51.900000000000006,79.21,2,4
2023-05-03 22:00:00,7.34,43.8,60.5,2,2
2023-05-03 23:00:00,1.3,7.9,13.09,2,1
2023-04-30 23:00:00,57.7,235.9,332.6,2,8
2023-05-01 00:00:00,14490.26,59906.39,83954.63,1,1728
2023-05-01 01:00:00,12754.06,51352.99,69950.89,1,1304
2023-05-01 02:00:00,5000.3,20100.84,27188.81,1,562
2023-05-01 03:00:00,2043.87,9210.24,12593.19,1,326
2023-05-01 04:00:00,2100.75,9377.61,12835.84,1,315
2023-05-01 05:00:00,4384.71,19543.59,26746.74,1,672
2023-05-01 06:00:00,8539.82,40415.21,55896.37,1,1779
2023-05-01 07:00:00,14086.81,73492.64,103736.45,1,3681
2023-05-01 08:00:00,15415.92,90370.67,129789.71,1,4803
2023-05-01 09:00:00,47943.67,97167.22,138484.42,1,4880
2023-05-01 10:00:00,18054.6,100882.54,143227.29,1,4920
2023-05-01 11:00:00,19130.47,110262.28,155775.56,1,5337
2023-05-01 12:00:00,20599.83,118191.2,166896.44,1,5825
2023-05-01 13:00:00,21876.85,121409.16,171850.31,1,5819
2023-05-01 14:00:00,42190.009999999995,139690.63,197068.56,1,6387
2023-05-01 15:00:00,24371.2,139963.88,196104.15,1,6435
2023-05-01 16:00:00,25073.67,141222.16,215497.94,1,6323
2023-05-01 17:00:00,25031.79,143720.65,224583.05,1,7086
2023-05-01 18:00:00,23678.9,136135.93,215975.6,1,7316
2023-05-01 19:00:00,20761.92,108332.26,172635.73,1,5936
2023-05-01 20:00:00,20755.42,103269.64,153229.67,1,5289
2023-05-01 21:00:00,36231.92,104530.04,155443.19,1,5357
2023-05-01 22:00:00,20463.41,96420.03,140201.29,1,4508
2023-05-01 23:00:00,16982.48,77594.07,110263.15,1,3105
2023-05-02 00:00:00,8606.04,38724.06,54939.57,1,1657
2023-05-02 01:00:00,4133.37,19029.23,25842.91,1,778
2023-05-02 02:00:00,1839.68,8982.0,12481.75,1,426
2023-05-02 03:00:00,1028.65,4796.11,7038.56,2,259
2023-05-02 04:00:00,1750.18,7573.69,10501.289999999999,1,281
2023-05-02 05:00:00,4179.33,18796.04,25734.95,1,677
2023-05-02 06:00:00,8125.35,40070.6,55789.39,1,1966
2023-05-02 07:00:00,14076.73,80203.45,115374.25,1,4782
2023-05-02 08:00:00,16744.93,103546.37,148112.59,1,5819
2023-05-02 09:00:00,17770.3,112941.03,162651.63,1,6126
2023-05-02 10:00:00,18519.01,119000.69,169368.12,1,6224
2023-05-02 11:00:00,18931.2,124320.55,174940.96,1,6105
2023-05-02 12:00:00,19672.84,127496.61,179716.88,1,6373
2023-05-02 13:00:00,21389.91,129899.31,182342.48,1,6146
2023-05-02 14:00:00,24429.49,149518.15,209723.42,1,6819
2023-05-02 15:00:00,23881.98,145136.92,204385.44,1,6832
2023-05-02 16:00:00,24650.87,146980.28,225920.87,1,7097
2023-05-02 17:00:00,24996.24,150664.48,235752.4,1,7737
2023-05-02 18:00:00,24535.88,150617.86,241951.87,1,8620
2023-05-02 19:00:00,21491.09,121734.72,195281.9,1,6956
2023-05-02 20:00:00,21427.98,113487.77,172860.73,1,6578
2023-05-02 21:00:00,23364.44,120462.83,181227.77,1,6665
2023-05-02 22:00:00,22224.21,115863.73,171841.4,1,6233
2023-05-02 23:00:00,16870.78,81510.78,119206.05,1,3883
2023-05-03 00:00:00,7431.61,35061.92,50588.8,1,1865
2023-05-03 01:00:00,3065.35,14578.51,21248.24,1,804
2023-05-03 02:00:00,1519.98,7367.89,10549.71,1,416
2023-05-03 03:00:00,1015.65,5091.93,7271.51,1,247
2023-05-03 04:00:00,1804.42,7813.48,10820.94,1,291
2023-05-03 05:00:00,3439.97,16086.16,22604.53,1,658
2023-05-03 06:00:00,8376.23,38978.94,54258.73,1,1853
2023-05-03 07:00:00,12999.87,73992.75,105676.96,1,4076
2023-05-03 08:00:00,16369.38,101132.63,145627.43,1,5565
2023-05-03 09:00:00,17422.05,106499.09,153279.27,1,5778
2023-05-03 10:00:00,16453.16,104376.79,150168.76,1,5662
2023-05-03 11:00:00,19028.07,120062.27,170283.81,1,6009
2023-05-03 12:00:00,19139.47,123214.66,173782.16,1,6257
2023-05-03 13:00:00,21019.59,130743.42,184925.87,1,6476
2023-05-03 14:00:00,24892.91,149921.7,211159.98,1,6970
2023-05-03 15:00:00,24902.57,150091.84,211711.11,1,7181
2023-05-03 16:00:00,26206.65,158429.12,243101.87,1,7327
2023-05-03 17:00:00,27825.69,179415.44,278021.53,1,8722
2023-05-03 18:00:00,26316.77,166458.28,263967.12,1,9072
2023-05-03 19:00:00,25995.83,147656.45,236007.03,1,8306
2023-05-03 20:00:00,24694.09,131988.49,200253.21,1,7522
2023-05-03 21:00:00,25503.74,136493.04,205826.24,1,7735
2023-05-03 22:00:00,23896.88,124119.64,184161.44,1,6678
2023-05-03 23:00:00,17094.34,82658.15,121166.29,1,4092
2023-05-04 00:00:00,8477.48,40778.41,58656.1,1,2057
2023-05-04 01:00:00,3896.89,18948.68,27233.11,1,1054
2023-05-04 02:00:00,1563.26,8109.02,11831.99,1,487
2023-05-04 03:00:00,1282.93,6076.45,8670.92,1,302
2023-05-04 04:00:00,2165.3,9445.71,13428.57,1,378
2023-05-04 05:00:00,4804.75,21072.85,29746.64,1,761
2023-05-04 06:00:00,10178.11,48699.38,67678.43,1,2188
2023-05-04 07:00:00,14595.73,81082.89,115572.9,1,4480
2023-05-04 08:00:00,18153.43,108532.54,156388.54,1,6099
2023-05-04 09:00:00,17305.58,108983.57,157481.51,1,6035
2023-05-04 10:00:00,19046.79,120671.93,171457.12,1,6178
2023-05-04 11:00:00,18745.08,128378.97,182383.13,1,6542
2023-05-04 12:00:00,20652.55,134715.34,190664.86,1,6475
2023-05-04 13:00:00,23514.99,142253.45,200445.55,1,6519
2023-05-04 14:00:00,101517.37000000001,162700.09,228143.86,1,7143
2023-05-04 15:00:00,27405.1,175019.53,245512.38,1,8081
2023-05-04 16:00:00,26136.92,161320.13,247446.84,1,7512
2023-05-04 17:00:00,27638.42,173764.56,270235.95,1,8690
2023-05-04 18:00:00,27107.97,170108.78,271126.94,1,9460
2023-05-04 19:00:00,26406.24,150996.1,239663.47,1,8270
2023-05-04 20:00:00,23214.0,128949.68,193806.03,1,7104
2023-05-04 21:00:00,25005.21,136742.25,205029.8,1,7592
2023-05-04 22:00:00,25611.88,137565.99,204762.98,1,7547
2023-05-04 23:00:00,21581.72,111310.43,164276.61,1,5755
2023-05-05 00:00:00,12479.68,62452.04,91589.23,1,3347
2023-05-05 01:00:00,6340.31,31562.81,46495.52,1,1841
2023-05-05 02:00:00,3485.78,17700.83,26611.36,1,1119
2023-05-05 03:00:00,2422.53,11762.16,17123.96,1,631
2023-05-05 04:00:00,3325.25,15717.64,22002.56,1,551
2023-05-05 05:00:00,5489.23,24293.39,34174.96,1,811
2023-05-05 06:00:00,9204.19,43172.13,60441.0,1,1837
2023-05-05 07:00:00,202827.93,71396.78,101310.16,1,3583
2023-05-05 08:00:00,15352.92,85134.29,121810.54,1,4482
2023-05-05 09:00:00,17126.85,95999.36,136949.53,1,4855
2023-05-05 10:00:00,18044.4,103819.61,148414.74,1,5212
2023-05-05 11:00:00,19278.27,112042.26,160084.66,1,5678
2023-05-05 12:00:00,20916.72,119929.24,171165.44,1,6038
2023-05-05 13:00:00,21779.97,122918.49,175174.3,1,6179
2023-05-05 14:00:00,40642.58,152581.77,216546.93,1,7323
2023-05-05 15:00:00,35176.72,153431.01,215562.29,1,7430
2023-05-05 16:00:00,24729.37,149301.49,228358.48,1,7134
2023-05-05 17:00:00,25098.08,152070.3,238926.31,1,8011
2023-05-05 18:00:00,38059.01,153604.5,247619.74,1,9108
2023-05-05 19:00:00,34637.81,146312.0,234229.21,1,8557
2023-05-05 20:00:00,21180.36,119939.82,178534.17,1,6665
2023-05-05 21:00:00,22234.98,123333.23,183772.78,1,6774
2023-05-05 22:00:00,24176.72,137402.09,201918.94,1,7410
2023-05-05 23:00:00,23791.29,136898.46,199072.27,1,7086
2023-05-06 00:00:00,33291.99,109876.58,160995.99,1,6069
2023-05-06 01:00:00,15132.6,83959.06,123761.54,1,4985
2023-05-06 02:00:00,11583.21,62540.72,93174.73,1,3858
2023-05-06 03:00:00,7757.34,40464.69,60077.69,1,2495
2023-05-06 04:00:00,5047.14,24239.96,35057.49,1,1271
2023-05-06 05:00:00,3376.27,15214.35,21339.58,1,591
2023-05-06 06:00:00,5488.12,24236.18,33234.72,1,957
2023-05-06 07:00:00,7475.93,35534.12,49205.65,1,1534
2023-05-06 08:00:00,8873.79,43588.6,61949.24,1,2316
2023-05-06 09:00:00,12233.91,63945.08,92088.91,1,3693
2023-05-06 10:00:00,15427.42,82783.21,119263.81,1,4800
2023-05-06 11:00:00,17215.43,98019.25,141329.52,1,5644
2023-05-06 12:00:00,38734.04,116118.79,165278.67,1,6316
2023-05-06 13:00:00,20930.79,121970.34,172906.1,1,6598
2023-05-06 14:00:00,22515.19,129876.61,183396.4,1,6575
2023-05-06 15:00:00,22582.41,132999.42,187299.68,1,6987
2023-05-06 16:00:00,24303.19,143239.32,200833.62,1,7350
2023-05-06 17:00:00,23680.1,140556.21,197681.83,1,7433
2023-05-06 18:00:00,22006.67,136346.91,192967.62,1,7706
2023-05-06 19:00:00,21709.91,134102.5,190635.44,1,7617
2023-05-06 20:00:00,20708.72,118373.41,172808.48,1,6319
2023-05-06 21:00:00,18944.88,111508.68,163815.51,1,6233
2023-05-06 22:00:00,21877.55,126833.87,186705.26,1,7048
2023-05-06 23:00:00,31242.9,134643.06,196090.54,1,7185
2023-05-07 00:00:00,19075.5,105237.39,155347.18,1,6039
2023-05-07 01:00:00,14301.62,77636.0,115356.92,1,4739
2023-05-07 02:00:00,10525.74,55777.07,83042.07,1,3501
2023-05-07 03:00:00,6971.92,36711.38,54135.09,1,2193
2023-05-07 04:00:00,5187.62,24871.24,35637.05,1,1249
2023-05-07 05:00:00,4063.42,17542.84,24043.73,1,592
2023-05-07 06:00:00,5773.26,25425.74,34162.01,1,876
2023-05-07 07:00:00,8771.03,38786.4,52727.8,1,1432
2023-05-07 08:00:00,10711.22,50991.86,71318.15,1,2321
2023-05-07 09:00:00,13942.51,72023.84,101158.21,1,3479
2023-05-07 10:00:00,16831.78,92103.12,129231.66,1,4381
2023-05-07 11:00:00,19183.63,105692.69,149067.95,1,4862
2023-05-07 12:00:00,23391.83,124662.48,175162.51,1,5806
2023-05-07 13:00:00,34502.31,132715.78,186887.66,1,6123
2023-05-07 14:00:00,50836.59,144476.15,204716.05,1,6574
2023-05-07 15:00:00,26648.35,139649.19,196412.16,1,6228
2023-05-07 16:00:00,26009.4,134942.72,190622.0,1,6217
2023-05-07 17:00:00,26082.63,136981.53,194308.16,1,6538
2023-05-07 18:00:00,22467.38,120500.73,172147.22,1,6157
2023-05-07 19:00:00,23198.97,118067.94,167106.27,1,5747
2023-05-07 20:00:00,22122.94,108592.99,159264.53,1,5188
2023-05-07 21:00:00,19306.54,95299.36,141916.59,1,4843
2023-05-07 22:00:00,18923.99,86517.66,124865.79,1,3700
2023-05-07 23:00:00,16178.63,70220.27,100709.81,1,2541
2023-05-08 00:00:00,9954.06,42016.12,58502.97,1,1473
2023-05-08 01:00:00,4700.33,20275.27,27141.23,1,704
2023-05-08 02:00:00,1469.23,6570.18,9117.82,1,327
2023-05-08 03:00:00,1718.71,7369.91,10020.89,1,258
2023-05-08 04:00:00,2406.84,11012.07,14867.5,1,327
2023-05-08 05:00:00,4009.19,17788.28,24546.62,1,620
2023-05-08 06:00:00,8639.49,40303.02,55676.38,1,1690
2023-05-08 07:00:00,13028.61,68504.58,97273.6,1,3516
2023-05-08 08:00:00,15823.57,92024.18,130947.05,1,4657
2023-05-08 09:00:00,16177.79,93603.86,133822.8,1,4772
2023-05-08 10:00:00,17780.21,101477.5,144398.28,1,5038
2023-05-08 11:00:00,18133.33,106152.53,150479.03,1,5154
2023-05-08 12:00:00,62541.46,117658.68,166182.21,1,5584
2023-05-08 13:00:00,19267.87,110126.18,156734.07,1,5509
2023-05-08 14:00:00,22011.47,126650.45,180463.99,1,6247
2023-05-08 15:00:00,60555.72,128822.77,183757.67,1,6324
2023-05-08 16:00:00,38626.91,136486.38,208840.15,1,6377
2023-05-08 17:00:00,31793.88,139362.73,218560.31,1,7052
2023-05-08 18:00:00,33228.72,131602.86,210509.32,1,7406
2023-05-08 19:00:00,21463.03,111790.59,180506.24,1,6238
2023-05-08 20:00:00,21016.07,105134.66,158096.67,1,5604
2023-05-08 21:00:00,22088.96,108625.34,161538.5,1,5609
2023-05-08 22:00:00,22928.84,110127.68,160671.83,1,5183
2023-05-08 23:00:00,15653.28,72896.79,105378.01,1,3160
2023-05-09 00:00:00,7246.05,33305.63,47027.659999999996,1,1441
2023-05-09 01:00:00,2447.96,11369.14,16129.1,1,604
2023-05-09 02:00:00,1313.24,6116.96,8620.31,1,298
2023-05-09 03:00:00,1044.65,5443.07,7378.69,1,232
2023-05-09 04:00:00,1212.03,5510.54,7510.16,1,217
2023-05-09 05:00:00,3336.1,14821.45,20778.73,1,594
2023-05-09 06:00:00,8851.7,40913.28,56018.24,1,1871
2023-05-09 07:00:00,28030.26,69856.31,99979.78,1,3879
2023-05-09 08:00:00,16229.65,98178.42,141083.61,1,5397
2023-05-09 09:00:00,16425.96,102795.26,147323.88,1,5545
2023-05-09 10:00:00,17389.51,108603.38,154928.5,1,5534
2023-05-09 11:00:00,18167.04,116972.95,165759.58,1,5956
2023-05-09 12:00:00,19326.69,122539.26,172735.98,1,6007
2023-05-09 13:00:00,22126.74,131502.79,185164.75,1,6180
2023-05-09 14:00:00,25092.17,149820.4,211635.12,1,7079
2023-05-09 15:00:00,34090.32,149580.86,210700.84,1,7121
2023-05-09 16:00:00,24409.27,150249.55,231579.07,1,7345
2023-05-09 17:00:00,218465.25,158110.34,248063.29,1,8327
2023-05-09 18:00:00,28705.62,168496.69,269073.02,1,9308
2023-05-09 19:00:00,34531.8,137889.36,220690.96,1,7733
2023-05-09 20:00:00,22447.35,121520.95,185117.38,1,6959
2023-05-09 21:00:00,25288.96,132287.56,199627.46,1,7467
2023-05-09 22:00:00,23125.08,119602.97,177418.31,1,6368
2023-05-09 23:00:00,19026.63,92435.28,134861.12,1,4419
2023-05-10 00:00:00,7878.81,37954.67,54241.86,1,1859
2023-05-10 01:00:00,3791.52,17986.08,25284.14,1,916
2023-05-10 02:00:00,1277.25,6135.97,9046.9,1,390
2023-05-10 03:00:00,938.03,4752.29,6894.3,1,266
2023-05-10 04:00:00,1753.17,7984.7,11180.28,1,289
2023-05-10 05:00:00,3834.09,17607.02,24157.85,1,645
2023-05-10 06:00:00,8942.0,41695.77,58296.1,1,1969
2023-05-10 07:00:00,13165.57,72899.63,105730.01,1,4184
2023-05-10 08:00:00,16990.0,102889.37,147681.74,1,5683
2023-05-10 09:00:00,16799.53,104742.07,150687.0,1,5777
2023-05-10 10:00:00,18167.86,112467.9,159470.77,1,5712
2023-05-10 11:00:00,40095.079999999994,122576.02,173290.19,1,6026
2023-05-10 12:00:00,36406.36,135331.58,190036.13,1,6443
2023-05-10 13:00:00,31413.15,139144.49,194349.57,1,6450
2023-05-10 14:00:00,25855.68,162434.51,227123.18,1,7116
2023-05-10 15:00:00,34880.72,164187.37,229262.03,1,7338
2023-05-10 16:00:00,24272.96,166565.11,249395.72,1,7157
2023-05-10 17:00:00,25240.94,178954.81,271003.74,1,8013
2023-05-10 18:00:00,25084.93,180185.11,277595.67,1,8871
2023-05-10 19:00:00,42796.22,147036.12,229865.2,1,7779
2023-05-10 20:00:00,24722.74,135375.65,204669.84,1,7472
2023-05-10 21:00:00,26291.03,141937.32,213104.21,1,7894
2023-05-10 22:00:00,28102.57,146571.73,214482.21,1,7324
2023-05-10 23:00:00,20913.69,106660.86,156210.98,1,5332
2023-05-11 00:00:00,9766.88,49161.5,71782.6,1,2667
2023-05-11 01:00:00,4721.94,22791.44,33164.46,1,1275
2023-05-11 02:00:00,2011.34,10433.58,15473.06,1,661
2023-05-11 03:00:00,1956.91,9080.67,12955.460000000001,1,462
2023-05-11 04:00:00,2146.89,9907.08,13971.73,1,391
2023-05-11 05:00:00,4050.97,18395.12,25578.39,1,685
2023-05-11 06:00:00,9099.25,42817.54,59298.43,1,1984
2023-05-11 07:00:00,14662.82,78025.86,111225.61,1,4168
2023-05-11 08:00:00,17015.84,101716.43,146082.11,1,5578
2023-05-11 10:00:00,18461.17,114440.41,162959.29,1,5800
2023-05-11 11:00:00,35316.04,126382.8,178984.93,1,6254
2023-05-11 12:00:00,21592.76,137419.08,194243.54,1,6637
2023-05-11 13:00:00,23370.04,143586.47,202403.02,1,6683
2023-05-11 14:00:00,26456.63,163404.92,229652.74,1,7435
2023-05-11 15:00:00,29225.54,182350.38,253536.75,1,7946
2023-05-11 16:00:00,30242.28,178830.41,271468.02,1,8014
2023-05-11 17:00:00,40703.46,189554.31,291836.52,1,9061
2023-05-11 18:00:00,30223.18,188313.0,298325.96,1,10351
2023-05-11 19:00:00,34771.47,146643.85,235020.4,1,8457
2023-05-11 20:00:00,27250.85,146771.87,220516.59,1,7903
2023-05-11 21:00:00,27426.98,149404.64,223013.4,1,8086
2023-05-11 22:00:00,47748.73,151723.59,222850.5,1,7889
2023-05-11 23:00:00,23416.9,119922.08,174300.53,1,5916
2023-05-12 00:00:00,13909.62,70306.23,103154.25,1,3763
2023-05-12 01:00:00,6847.38,34191.84,50355.95,1,2035
2023-05-12 02:00:00,3826.44,19705.8,28851.36,1,1189
2023-05-12 03:00:00,2854.14,13924.6,20034.96,1,743
2023-05-12 04:00:00,3159.01,14029.7,20080.77,1,571
2023-05-12 05:00:00,4847.54,21432.0,30119.02,1,776
2023-05-12 06:00:00,8950.75,42146.71,58449.48,1,1768
2023-05-12 07:00:00,27348.65,70100.94,100180.55,1,3655
2023-05-12 08:00:00,16251.92,91467.42,130597.69,1,4789
2023-05-12 09:00:00,17201.99,99504.83,141868.13,1,5181
2023-05-12 10:00:00,35535.31,108348.03,154109.26,1,5501
2023-05-12 11:00:00,20125.88,124013.7,175008.35,1,6023
2023-05-12 12:00:00,20090.38,130350.43,182419.57,1,6206
2023-05-12 13:00:00,24362.13,146670.61,204065.98,1,6508
2023-05-12 14:00:00,27983.98,168238.15,236276.68,1,7665
2023-05-12 15:00:00,37494.85,173022.57,241607.07,1,7821
2023-05-12 16:00:00,26903.43,171593.48,259149.15,1,7726
2023-05-12 17:00:00,26414.89,165527.39,257635.77,1,8374
2023-05-12 18:00:00,26212.86,156895.86,250537.55,1,8941
2023-05-12 19:00:00,24602.75,142954.81,228995.82,1,8438
2023-05-12 20:00:00,22969.29,126353.79,188291.65,1,7030
2023-05-12 21:00:00,21232.85,120577.92,178999.06,1,6663
2023-05-12 22:00:00,24876.41,138897.05,203222.48,1,7391
2023-05-12 23:00:00,27357.16,146297.76,212815.83,1,7260
2023-05-13 00:00:00,18182.05,102348.75,149382.59,1,5510
2023-05-13 01:00:00,13542.38,75433.98,112263.05,1,4612
2023-05-13 02:00:00,9716.81,52851.35,79087.5,1,3362
2023-05-13 03:00:00,6936.69,36304.28,54397.36,1,2281
2023-05-13 04:00:00,4024.24,20365.89,29571.71,1,1120
2023-05-13 05:00:00,3015.29,13880.38,19411.36,1,517
2023-05-13 06:00:00,5888.4,26708.33,36731.71,1,1010
2023-05-13 07:00:00,6924.96,32402.36,45128.76,1,1429
2023-05-13 08:00:00,9734.68,48659.96,69395.69,1,2618
2023-05-13 09:00:00,13214.77,69250.73,99735.0,1,3974
2023-05-13 10:00:00,15747.62,87226.9,125597.31999999999,1,5107
2023-05-13 11:00:00,19467.77,111535.31,160423.72,1,6336
2023-05-13 12:00:00,20355.1,120674.94,172619.18,1,6735
2023-05-13 13:00:00,23596.85,138887.72,196795.42,1,7253
2023-05-13 14:00:00,25096.65,143246.07,200526.52,1,7019
2023-05-13 15:00:00,24939.73,145735.99,203882.43,1,7223
2023-05-13 16:00:00,26785.7,156908.99,218767.46,1,7775
2023-05-13 17:00:00,24855.68,150241.03,212036.82,1,7978
2023-05-13 18:00:00,22752.07,138154.76,194594.27,1,7605
2023-05-13 19:00:00,31967.38,127083.53,180213.1,2,7034
2023-05-13 20:00:00,19916.15,112491.43,163627.13,1,5959
2023-05-13 21:00:00,22212.9,122247.99,177684.27,2,6301
2023-05-13 22:00:00,22084.93,125352.53,182806.48,2,6587
2023-05-13 23:00:00,24108.68,133098.82,192275.53,1,6716
2023-05-14 00:00:00,18366.91,98929.59,144202.21,1,5425
2023-05-14 01:00:00,13362.58,71718.62,106492.33,1,4407
2023-05-14 02:00:00,9359.82,49996.3,74819.76,1,3230
2023-05-14 03:00:00,7085.64,36513.08,53989.14,1,2212
2023-05-14 04:00:00,5208.3,25401.47,35813.56,1,1279
2023-05-14 05:00:00,3840.78,17055.52,23274.05,1,584
2023-05-14 06:00:00,5817.37,25594.15,34619.11,1,898
2023-05-14 07:00:00,8076.43,35770.58,48695.38,1,1411
2023-05-14 08:00:00,9519.09,45114.89,62864.31,1,2180
2023-05-14 09:00:00,11899.96,59487.72,85672.97,1,3373
2023-05-14 10:00:00,41201.75,89187.67,128538.62,1,5055
2023-05-14 11:00:00,19657.47,105051.29,152015.5,1,6048
2023-05-14 12:00:00,23887.61,127008.33,181475.6,1,6689
2023-05-14 13:00:00,27514.63,143031.15,203224.3,1,6898
2023-05-14 14:00:00,28165.27,151004.74,213034.32,2,7111
2023-05-14 15:00:00,28518.87,149711.74,210107.74,1,6831
2023-05-14 16:00:00,28285.11,150644.09,211979.26,1,6914
2023-05-14 17:00:00,43235.49,146289.4,205947.13,2,7104
2023-05-14 18:00:00,39152.99,140786.58,198852.28,1,7032
2023-05-14 19:00:00,49110.99,122509.02,173329.83,1,5902
2023-05-14 20:00:00,24696.47,123664.3,181846.65,1,5908
2023-05-14 21:00:00,24084.16,118432.91,173232.31,1,5596
2023-05-14 22:00:00,22581.15,104797.61,151713.25,1,4353
2023-05-14 23:00:00,20526.19,89863.16,127023.68,1,3178
2023-05-15 00:00:00,9187.6,39801.24,54435.58,1,1384
2023-05-15 01:00:00,3848.63,16576.17,22911.17,1,688
2023-05-15 02:00:00,1521.82,7137.98,10057.55,1,357
2023-05-15 03:00:00,1150.07,5207.86,7274.95,1,234
2023-05-15 04:00:00,2264.63,10339.61,14431.31,1,336
2023-05-15 05:00:00,4120.88,18043.29,24842.579999999998,1,669
2023-05-15 06:00:00,9735.33,45002.52,61925.03,1,1913
2023-05-15 07:00:00,13839.26,73433.94,104696.31999999999,1,3859
2023-05-15 08:00:00,17379.4,97303.43,139585.33,1,5038
2023-05-15 09:00:00,18040.17,103494.4,148119.28,1,5251
2023-05-15 10:00:00,22414.54,103458.26,147351.29,1,5121
2023-05-15 11:00:00,20681.13,119926.66,169860.23,1,5669
2023-05-15 12:00:00,22603.98,130022.41,183011.52,1,6047
2023-05-15 13:00:00,23192.51,131920.3,185260.54,1,6159
2023-05-15 14:00:00,26483.07,149889.64,211255.04,1,6816
2023-05-15 15:00:00,36683.63,154086.07,217348.98,1,7228
2023-05-15 16:00:00,25975.3,151811.03,233294.1,1,7139
2023-05-15 17:00:00,26756.58,159053.8,249187.32,1,8103
2023-05-15 18:00:00,26065.31,152028.08,243638.58,1,8584
2023-05-15 19:00:00,34675.01,130350.72,207528.89,1,6979
2023-05-15 20:00:00,24143.19,121252.61,182768.98,1,6439
2023-05-15 21:00:00,24226.66,121558.29,181141.04,1,6362
2023-05-15 22:00:00,22609.12,109907.36,161492.9,1,5406
2023-05-15 23:00:00,17370.65,78778.81,112802.49,1,3229
2023-05-16 00:00:00,8826.96,39730.08,56023.05,1,1623
2023-05-16 01:00:00,3189.53,14470.22,20068.19,1,683
2023-05-16 02:00:00,1288.4,6121.84,8650.61,1,342
2023-05-16 03:00:00,1431.57,6127.11,8393.33,1,240
2023-05-16 04:00:00,1803.87,8082.79,10905.85,1,269
2023-05-16 05:00:00,4100.82,18394.59,25223.77,1,709
2023-05-16 06:00:00,8318.57,39952.0,56020.52,1,1977
2023-05-16 07:00:00,15012.54,83298.51,118726.44,1,4446
2023-05-16 08:00:00,18753.13,112995.42,159936.65,1,5765
2023-05-16 09:00:00,38436.61,113858.5,162315.88,1,5803
2023-05-16 10:00:00,18885.69,123849.04,173395.77,1,5832
2023-05-16 11:00:00,18960.25,124081.41,176034.34,1,6170
2023-05-16 12:00:00,20935.74,136328.13,191333.92,1,6573
2023-05-16 13:00:00,21948.34,141233.92,198316.16,1,6616
2023-05-16 14:00:00,27018.17,167683.84,235268.16,1,7702
2023-05-16 15:00:00,25840.84,166506.13,233015.7,1,7855
2023-05-16 16:00:00,34531.82,172492.57,262682.38,1,7942
2023-05-16 17:00:00,25414.46,175276.13,272078.91,1,8843
2023-05-16 18:00:00,26430.03,172177.37,272408.72,1,9292
2023-05-16 19:00:00,25050.79,143490.79,229510.15,1,8142
2023-05-16 20:00:00,26064.81,138411.31,208745.59,1,7680
2023-05-16 21:00:00,28429.44,147856.96,221071.26,1,8146
2023-05-16 22:00:00,26224.16,132849.37,195707.31,1,6911
2023-05-16 23:00:00,20916.22,103202.86,151026.09,1,5074
2023-05-17 00:00:00,10421.95,49652.2,71219.89,1,2349
2023-05-17 01:00:00,4011.11,18880.23,26869.56,1,969
2023-05-17 02:00:00,1643.37,7857.08,11312.35,1,438
2023-05-17 03:00:00,1164.83,5600.33,7905.51,1,303
2023-05-17 04:00:00,87209.87000000001,8790.06,12369.35,1,304
2023-05-17 05:00:00,3918.43,17474.82,24863.239999999998,1,677
2023-05-17 06:00:00,7457.85,35923.96,50985.4,1,1887
2023-05-17 07:00:00,14998.43,81756.07,117590.96,1,4496
2023-05-17 08:00:00,36905.96,114272.05,164286.9,1,6150
2023-05-17 09:00:00,18970.73,118042.06,168778.63999999998,1,6256
2023-05-17 10:00:00,19022.36,118683.84,169947.77,1,6116
2023-05-17 11:00:00,21568.56,136469.25,194095.9,1,6623
2023-05-17 12:00:00,21478.32,139693.48,196270.61,1,6743
2023-05-17 13:00:00,24357.54,155846.53,218644.3,1,7114
2023-05-17 14:00:00,27081.6,171849.76,240424.72,1,7654
2023-05-17 15:00:00,57427.25,183177.21,253713.75,1,7895
2023-05-17 16:00:00,42239.83,188738.55,282753.89,1,7904
2023-05-17 17:00:00,27347.61,185122.85,284593.02,1,8755
2023-05-17 18:00:00,38081.63,184212.46,289834.93,1,9795
2023-05-17 19:00:00,35452.28,156110.36,249421.67,1,8934
2023-05-17 20:00:00,28878.4,156611.36,234321.2,1,8521
2023-05-17 21:00:00,31571.37,165787.0,247928.72,1,8911
2023-05-17 22:00:00,27929.23,147452.61,219024.63,1,7918
2023-05-17 23:00:00,23081.99,116312.7,168480.79,1,5591
2023-05-18 00:00:00,11900.78,58595.93,83885.8,1,2912
2023-05-18 01:00:00,4714.17,23616.56,34224.86,1,1270
2023-05-18 02:00:00,2481.31,11778.1,17197.45,1,713
2023-05-18 03:00:00,1812.85,8744.48,12631.76,1,451
2023-05-18 04:00:00,2883.67,12746.09,18000.3,1,447
2023-05-18 05:00:00,4307.94,18889.59,27125.07,1,746
2023-05-18 06:00:00,40866.91,47612.15,67185.27,1,2226
2023-05-18 07:00:00,15956.64,85942.0,123530.23,1,4660
2023-05-18 08:00:00,42003.64,117398.34,168046.27,1,6229
2023-05-18 09:00:00,18571.68,116693.19,166978.98,1,6175
2023-05-18 10:00:00,19503.67,122368.09,174471.7,1,6149
2023-05-18 11:00:00,21066.21,133187.72,188414.19,1,6430
2023-05-18 12:00:00,22793.44,147465.14,207396.71,1,6948
2023-05-18 13:00:00,24594.43,156226.5,218408.32,1,7019
2023-05-18 14:00:00,29215.14,186510.33,258451.84,1,7545
2023-05-18 15:00:00,28720.73,185373.99,256632.61,1,7594
2023-05-18 16:00:00,28526.62,184560.47,276731.69,1,7738
2023-05-18 17:00:00,34940.11,194094.3,296697.99,1,8949
2023-05-18 18:00:00,29214.2,191242.25,297788.4,1,9766
2023-05-18 19:00:00,27636.81,165630.15,262400.67,1,9027
2023-05-18 20:00:00,28254.43,160255.74,238792.76,1,8481
2023-05-18 21:00:00,31585.37,171698.18,254751.96,1,8893
2023-05-18 22:00:00,27511.47,149086.09,219220.09,1,7833
2023-05-18 23:00:00,26392.6,133039.73,193521.5,1,6465
2023-05-19 00:00:00,13855.68,71860.9,106190.0,1,3858
2023-05-19 01:00:00,7606.84,37647.0,55385.68,1,2154
2023-05-19 02:00:00,3624.77,19246.52,28352.52,1,1191
2023-05-19 03:00:00,2827.2599999999998,13589.1,19565.0,1,726
2023-05-19 04:00:00,3918.2,17395.21,24230.69,1,637
2023-05-19 05:00:00,30986.109999999997,24932.26,35288.88,1,885
2023-05-19 06:00:00,28807.769999999997,46408.15,64497.52,1,1907
2023-05-19 07:00:00,13392.68,70347.52,100284.62,1,3664
2023-05-19 08:00:00,16954.4,93026.35,133442.01,1,4826
2023-05-19 09:00:00,81824.9,99155.7,142370.52,1,5241
2023-05-19 10:00:00,19394.8,111580.72,159112.66,1,5638
2023-05-19 11:00:00,19170.11,114177.7,163043.11,1,5896
2023-05-19 12:00:00,22043.35,129334.62,184019.19,1,6394
2023-05-19 13:00:00,24274.43,139984.41,198029.55,1,6574
2023-05-19 14:00:00,28482.46,169390.81,236923.92,1,7661
2023-05-19 15:00:00,36999.94,167730.81,234070.11,1,7624
2023-05-19 16:00:00,26157.26,159836.28,244421.6,1,7513
2023-05-19 17:00:00,26629.83,159286.81,249352.05,1,8256
2023-05-19 18:00:00,25040.36,154764.1,248765.97,1,9217
2023-05-19 19:00:00,35161.86,147896.46,236510.0,1,8706
2023-05-19 20:00:00,21672.84,122024.07,183483.51,1,6992
2023-05-19 21:00:00,23815.55,134111.51,199456.48,1,7490
2023-05-19 22:00:00,24407.79,136488.8,201450.96,1,7517
2023-05-19 23:00:00,25488.39,141306.25,207627.83,1,7497
2023-05-20 00:00:00,19728.33,110980.66,162506.43,1,6092
2023-05-20 01:00:00,13863.05,78767.16,118287.4,1,4832
2023-05-20 02:00:00,10824.89,59675.19,88892.68,1,3723
2023-05-20 03:00:00,7804.1,41766.2,61510.09,1,2534
2023-05-20 04:00:00,5509.99,25961.47,36850.11,1,1247
2023-05-20 05:00:00,5860.04,25827.21,35161.01,1,820
2023-05-20 06:00:00,8318.76,36335.16,48963.62,1,1242
2023-05-20 07:00:00,7826.54,35909.87,49624.77,1,1531
2023-05-20 08:00:00,10359.64,50187.01,70425.16,1,2480
2023-05-20 09:00:00,13140.19,68953.08,100357.23,1,4123
2023-05-20 10:00:00,16844.53,94579.01,136890.06,1,5576
2023-05-20 11:00:00,18453.32,113368.95,162326.24,1,6302
2023-05-20 12:00:00,21425.86,138527.41,194157.52,1,7002
2023-05-20 13:00:00,22398.74,144106.51,198622.14,1,6632
2023-05-20 14:00:00,24224.06,148734.23,206175.62,1,6727
2023-05-20 15:00:00,26075.69,159446.29,219920.48,1,7124
2023-05-20 16:00:00,22353.89,137375.41,190371.61,1,6409
2023-05-20 17:00:00,22636.99,142014.04,198801.45,1,7107
2023-05-20 18:00:00,21718.68,133267.12,187251.83,1,6944
2023-05-20 19:00:00,20000.26,121292.3,171769.34,1,6700
2023-05-20 20:00:00,18229.75,100144.27,146715.63,1,5446
2023-05-20 21:00:00,18821.7,103215.41,152170.86,1,5712
2023-05-20 22:00:00,21638.4,116260.09,170251.77,1,6295
2023-05-20 23:00:00,23469.96,124722.61,182604.81,1,6645
2023-05-21 00:00:00,19873.5,102841.63,151643.23,1,5866
2023-05-21 01:00:00,13947.6,75147.84,112278.31,1,4753
2023-05-21 02:00:00,10067.44,54126.7,81135.42,1,3481
2023-05-21 03:00:00,7380.26,37672.9,55816.3,1,2329
2023-05-21 04:00:00,5501.69,25757.18,36514.29,1,1241
2023-05-21 05:00:00,4010.39,17354.59,23943.73,1,574
2023-05-21 06:00:00,20151.44,26234.81,35319.11,1,875
2023-05-21 07:00:00,7350.06,32580.81,44569.15,1,1318
2023-05-21 08:00:00,10797.81,49903.26,69730.29,1,2223
2023-05-21 09:00:00,12864.83,65221.77,93104.41,1,3426
2023-05-21 10:00:00,18074.83,95793.3,136593.43,1,4930
2023-05-21 11:00:00,20516.97,117174.48,164633.32,1,5641
2023-05-21 12:00:00,24950.69,138690.49,193985.92,1,6296
2023-05-21 13:00:00,26240.23,149583.68,208869.32,1,6214
2023-05-21 14:00:00,28612.9,160324.73,222149.08,1,6340
2023-05-21 15:00:00,27749.99,152650.89,212160.26,1,6192
2023-05-21 16:00:00,27289.83,149352.58,209118.81,1,6292
2023-05-21 17:00:00,25287.39,143218.0,200925.54,1,6364
2023-05-21 18:00:00,24440.86,133109.83,187579.47,1,6189
2023-05-21 19:00:00,21507.04,113429.14,159862.05,1,5393
2023-05-21 20:00:00,22958.32,114192.09,167041.36,1,5114
2023-05-21 21:00:00,22101.38,106363.25,155326.69,1,4771
2023-05-21 22:00:00,20339.91,94736.43,136822.77,1,4101
2023-05-21 23:00:00,17978.52,79236.28,112335.85,1,2908
2023-05-22 00:00:00,9269.75,39916.3,55997.32,1,1567
2023-05-22 01:00:00,4108.76,18037.7,24936.81,1,758
2023-05-22 02:00:00,2313.74,10236.85,14089.31,1,443
2023-05-22 03:00:00,1521.21,7639.04,10839.56,1,324
2023-05-22 04:00:00,3405.98,14497.48,19666.93,1,433
2023-05-22 05:00:00,4261.76,19342.11,26814.61,1,703
2023-05-22 06:00:00,9003.18,41482.82,57638.42,1,1851
2023-05-22 07:00:00,124817.54000000001,74593.24,106074.65,1,3776
2023-05-22 08:00:00,16728.22,93745.34,133776.58,1,4855
2023-05-22 09:00:00,16090.24,92696.2,133937.14,1,4879
2023-05-22 10:00:00,17286.16,98543.16,141295.73,1,5094
2023-05-22 11:00:00,19192.85,109281.39,156559.49,1,5316
2023-05-22 12:00:00,108403.09,118409.62,167293.9,1,5766
2023-05-22 13:00:00,24815.7,134846.23,190250.44,1,6164
2023-05-22 14:00:00,24972.31,138622.85,196785.84,1,6616
2023-05-22 15:00:00,35012.55,144821.66,204986.92,1,6801
2023-05-22 16:00:00,28314.9,154016.76,236024.63,1,6921
2023-05-22 17:00:00,24954.71,144408.42,227567.46,1,7466
2023-05-22 18:00:00,24205.57,134564.13,217657.59,1,7915
2023-05-22 19:00:00,22022.37,116205.5,186796.41,1,6663
2023-05-22 20:00:00,20884.09,105259.04,159951.01,1,5848
2023-05-22 21:00:00,22779.63,111354.42,166513.38999999998,1,5879
2023-05-22 22:00:00,19517.88,95222.2,140435.42,1,4797
2023-05-22 23:00:00,14689.99,67870.51,98867.84,1,3109
2023-05-23 00:00:00,7889.24,36230.18,51092.35,1,1571
2023-05-23 01:00:00,4082.94,18126.78,24681.63,1,720
2023-05-23 02:00:00,2211.63,9001.44,12045.97,1,372
2023-05-23 03:00:00,1229.65,5369.35,7184.68,2,199
2023-05-23 04:00:00,1853.44,7645.41,10678.78,1,269
2023-05-23 05:00:00,3221.01,14578.33,20593.42,1,617
2023-05-23 06:00:00,8013.66,38341.3,53825.95,1,1806
2023-05-23 07:00:00,13105.43,72260.23,103926.63,1,4002
2023-05-23 08:00:00,17361.54,102319.2,146706.9,1,5458
2023-05-23 09:00:00,17299.22,106765.3,152949.06,1,5628
2023-05-23 10:00:00,17279.79,108689.45,155494.87,1,5739
2023-05-23 11:00:00,19405.7,120939.57,170448.38999999998,1,5915
2023-05-23 12:00:00,18879.05,121167.87,171941.26,1,6079
2023-05-23 13:00:00,22512.28,133829.73,189683.57,1,6408
2023-05-23 14:00:00,24823.36,149323.59,209848.92,1,6985
2023-05-23 15:00:00,33992.29,149210.94,210409.65,1,7180
2023-05-23 16:00:00,23918.26,146655.94,226480.63,1,7146
2023-05-23 17:00:00,23727.21,150567.83,237879.73,1,8081
2023-05-23 18:00:00,25254.83,154545.14,250125.97,1,8984
2023-05-23 19:00:00,23197.52,127501.7,205858.03,1,7475
2023-05-23 20:00:00,24181.52,127357.32,192643.8,1,7268
2023-05-23 21:00:00,23688.03,128001.37,193995.57,1,7498
2023-05-23 22:00:00,24513.18,125436.82,185975.88,1,6705
2023-05-23 23:00:00,18426.31,90281.24,131110.97,1,4420
2023-05-24 00:00:00,10215.38,47408.27,67262.07,1,2135
2023-05-24 01:00:00,4824.75,22634.42,31888.98,1,1067
2023-05-24 02:00:00,1678.98,9137.35,12670.9,1,475
2023-05-24 03:00:00,1120.89,5581.67,7854.79,1,260
2023-05-24 04:00:00,1832.59,8117.29,11441.32,1,299
2023-05-24 05:00:00,4223.04,18778.08,26597.5,1,687
2023-05-24 06:00:00,8365.55,39179.91,55290.1,1,1897
2023-05-24 07:00:00,43279.28,76399.43,109489.59,1,4149
2023-05-24 08:00:00,16574.25,98899.06,142761.01,1,5594
2023-05-24 09:00:00,17463.62,107291.14,154056.96,1,5726
2023-05-24 10:00:00,17727.11,110560.22,157213.42,1,5672
2023-05-24 11:00:00,32156.51,121515.0,172019.95,1,6102
2023-05-24 12:00:00,20852.37,130955.86,185429.11,1,6575
2023-05-24 13:00:00,23627.78,143741.65,201706.13999999998,1,6728
2023-05-24 14:00:00,24985.31,153020.03,215435.44,1,7289
2023-05-24 15:00:00,33999.07,151447.06,214470.39,1,7353
2023-05-24 16:00:00,25128.51,157949.27,241455.66,1,7440
2023-05-24 17:00:00,24439.02,159472.69,249287.69,1,8212
2023-05-24 18:00:00,26605.19,168442.51,268546.59,1,9467
2023-05-24 19:00:00,26713.72,166946.45,274252.3,1,10725
2023-05-24 20:00:00,24558.6,137459.45,208072.96,1,7853
2023-05-24 21:00:00,41652.55,143937.95,215930.97,1,7929
2023-05-24 22:00:00,26730.76,137641.89,203750.56,1,7166
2023-05-24 23:00:00,19468.63,94880.68,139392.25,1,4729
2023-05-25 00:00:00,11269.6,54527.14,79396.77,1,2674
2023-05-25 01:00:00,5505.76,25833.35,36793.63,1,1256
2023-05-25 02:00:00,3097.62,14532.94,20830.64,1,734
2023-05-25 03:00:00,1963.98,9195.28,13196.89,1,443
2023-05-25 04:00:00,2624.43,11808.08,16569.25,1,412
2023-05-25 05:00:00,4241.11,18345.49,26292.82,1,761
2023-05-25 06:00:00,8849.35,40725.94,57022.46,1,1894
2023-05-25 07:00:00,57542.57,77090.94,110724.44,1,4173
2023-05-25 08:00:00,17790.59,103596.07,147219.27,1,5447
2023-05-25 09:00:00,17167.05,103257.04,147939.63999999998,1,5580
2023-05-25 10:00:00,17265.26,104900.25,149735.85,1,5590
2023-05-25 11:00:00,29241.1,118060.35,167511.24,1,5912
2023-05-25 12:00:00,20708.77,129764.97,182598.45,1,6288
2023-05-25 13:00:00,23320.28,140166.0,197061.06,1,6502
2023-05-25 14:00:00,26076.07,156329.83,218781.88,1,7097
2023-05-25 15:00:00,26592.99,165373.15,230802.19,1,7287
2023-05-25 16:00:00,26240.92,162919.7,246901.43,1,7154
2023-05-25 17:00:00,24335.07,154810.59,240059.38,1,7790
2023-05-25 18:00:00,260658.1,151727.78,239231.33,1,8275
2023-05-25 19:00:00,50859.43,125307.25,199948.54,1,7106
2023-05-25 20:00:00,21487.8,115281.09,172866.11,1,6350
2023-05-25 21:00:00,26858.54,136442.77,202188.12,1,7018
2023-05-25 22:00:00,25154.83,128074.15,187144.37,1,6437
2023-05-25 23:00:00,21914.95,106621.46,155154.66,1,5102
2023-05-26 00:00:00,11654.48,58914.37,86430.12,1,3090
2023-05-26 01:00:00,7012.59,34664.29,50498.909999999996,1,1922
2023-05-26 02:00:00,3774.42,19558.4,28546.47,1,1196
2023-05-26 03:00:00,2891.26,13723.34,19951.67,1,745
2023-05-26 04:00:00,3944.47,17407.47,24051.3,1,636
2023-05-26 05:00:00,5218.12,22872.64,31817.21,1,751
2023-05-26 06:00:00,129515.40999999999,37633.22,52250.83,1,1497
2023-05-26 07:00:00,17876.35,57693.01,82290.28,1,2948
2023-05-26 08:00:00,14392.56,75529.3,108146.13,1,3889
2023-05-26 09:00:00,14946.01,82507.91,117772.29,1,4292
2023-05-26 10:00:00,17208.11,96308.52,137879.61,1,4958
2023-05-26 11:00:00,17681.35,100451.6,142863.66,1,5141
2023-05-26 12:00:00,20362.84,113387.48,161024.63,1,5742
2023-05-26 13:00:00,20825.33,116429.05,165553.15,1,5843
2023-05-26 14:00:00,23747.21,134274.02,189949.74,1,6554
2023-05-26 15:00:00,24320.51,141752.03,199599.82,1,6816
2023-05-26 16:00:00,51944.78,136383.12,208748.86,1,6354
2023-05-26 17:00:00,22102.84,125488.08,195442.37,1,6621
2023-05-26 18:00:00,22438.58,122440.53,193289.88,1,6707
2023-05-26 19:00:00,43893.1,107499.82,169941.0,1,6049
2023-05-26 20:00:00,19721.14,100434.68,147884.51,1,5058
2023-05-26 21:00:00,18890.42,99835.43,146401.88,1,5258
2023-05-26 22:00:00,20321.37,107593.18,156643.81,2,5481
2023-05-26 23:00:00,19618.69,101543.65,147336.21,1,5089
2023-05-27 00:00:00,15850.24,83359.86,121754.51,1,4441
2023-05-27 01:00:00,13343.37,68913.17,101626.31,1,3937
2023-05-27 02:00:00,7992.55,41072.96,61085.05,1,2539
2023-05-27 03:00:00,5635.24,28603.94,41968.17,1,1743
2023-05-27 04:00:00,3829.28,18912.29,26798.95,1,948
2023-05-27 05:00:00,3090.58,13445.27,18525.98,1,486
2023-05-27 06:00:00,4805.93,20367.16,27992.23,1,796
2023-05-27 07:00:00,5418.85,25354.99,35375.56,1,1168
2023-05-27 08:00:00,8538.56,39336.69,54965.26,1,1931
2023-05-27 09:00:00,11470.65,56473.54,81184.25,1,3060
2023-05-27 10:00:00,13370.02,69084.4,99526.85,1,3900
2023-05-27 11:00:00,16302.46,87767.12,124581.9,1,4722
2023-05-27 12:00:00,17479.59,96707.88,137345.44,1,5336
2023-05-27 13:00:00,35607.63,103140.75,144885.5,2,5404
2023-05-27 14:00:00,19682.3,104396.67,146495.71,2,5348
2023-05-27 15:00:00,20776.86,114493.01,159656.7,2,5605
2023-05-27 16:00:00,20657.21,116464.39,161647.9,2,5795
2023-05-27 17:00:00,21007.79,118174.78,163861.44,2,5863
2023-05-27 18:00:00,18994.35,110174.05,153838.79,2,5829
2023-05-27 19:00:00,17258.57,101072.56,142562.04,2,5749
2023-05-27 20:00:00,16261.03,86021.51,124689.8,2,4651
2023-05-27 21:00:00,17241.41,91391.04,132622.64,2,4823
2023-05-27 22:00:00,18566.34,98016.81,141521.54,2,5082
2023-05-27 23:00:00,17765.51,92437.14,134123.35,2,4895
2023-05-28 00:00:00,13852.85,72409.71,105781.58,2,4024
2023-05-28 01:00:00,10189.73,52855.77,78479.35,2,3174
2023-05-28 02:00:00,10330.15,35873.39,52582.69,2,2183
2023-05-28 03:00:00,5348.43,26788.32,38941.18,1,1545
2023-05-28 04:00:00,4186.91,20207.03,28070.24,1,944
2023-05-28 05:00:00,2995.3,12986.42,17683.35,1,430
2023-05-28 06:00:00,4859.02,21647.9,28539.41,1,770
2023-05-28 07:00:00,4905.76,22187.56,30588.7,1,941
2023-05-28 08:00:00,7543.14,34482.34,47311.79,1,1621
2023-05-28 09:00:00,9703.78,48307.73,68099.42,1,2533
2023-05-28 10:00:00,12016.4,61278.34,87470.07,2,3434
2023-05-28 11:00:00,14825.07,75844.1,107972.75,2,4086
2023-05-28 12:00:00,32042.510000000002,94728.63,133267.52,2,4867
2023-05-28 13:00:00,19779.1,103208.35,145232.82,2,5119
2023-05-28 14:00:00,22097.92,118012.48,165151.43,2,5664
2023-05-28 15:00:00,21588.66,113571.14,157732.95,2,5296
2023-05-28 16:00:00,21374.49,113309.17,158256.2,2,5447
2023-05-28 17:00:00,20308.63,110718.5,154598.38,2,5375
2023-05-28 18:00:00,19885.11,107785.57,150353.99,2,5328
2023-05-28 19:00:00,18851.69,96861.47,134778.19,2,4745
2023-05-28 20:00:00,19105.81,94990.26,135923.05,2,4325
2023-05-28 21:00:00,16648.3,83181.22,120454.81,2,4065
2023-05-28 22:00:00,17869.48,86264.16,124039.75,1,3987
2023-05-28 23:00:00,18328.01,85428.12,120042.36,1,3695
2023-05-29 00:00:00,10267.77,51655.54,74272.05,1,2669
2023-05-29 01:00:00,6091.52,30985.96,45588.29,2,1874
2023-05-29 02:00:00,3556.14,18006.97,25698.75,2,1025
2023-05-29 03:00:00,2662.1,12570.19,17973.58,1,654
2023-05-29 04:00:00,3075.94,13694.01,19192.99,1,507
2023-05-29 05:00:00,3482.87,14599.06,19640.89,1,391
2023-05-29 06:00:00,5896.11,25510.81,34052.07,1,757
2023-05-29 07:00:00,7343.22,31952.04,43701.02,1,1131
2023-05-29 08:00:00,8653.49,38759.53,53889.69,1,1541
2023-05-29 09:00:00,10145.11,47021.79,66361.61,1,2218
2023-05-29 10:00:00,13313.35,62368.71,88786.25,1,2955
2023-05-29 11:00:00,29201.75,74355.09,105718.36,1,3666
2023-05-29 12:00:00,17913.98,88074.32,124427.98,1,4273
2023-05-29 13:00:00,147463.55,101017.02,143504.33,1,4705
2023-05-29 14:00:00,23534.8,114658.66,161919.71,2,5211
2023-05-29 15:00:00,24006.49,116527.48,163604.92,1,5269
2023-05-29 16:00:00,23203.89,114862.7,162541.73,1,5304
2023-05-29 17:00:00,22274.21,109680.63,154917.8,1,5144
2023-05-29 18:00:00,21509.05,105785.31,150753.19,1,5328
2023-05-29 19:00:00,20924.52,103226.24,147726.14,1,5022
2023-05-29 20:00:00,20304.84,97380.34,143785.59,1,4760
2023-05-29 21:00:00,19646.4,94197.32,137147.85,1,4447
2023-05-29 22:00:00,21324.48,95714.86,136258.78,1,3766
2023-05-29 23:00:00,18647.35,78219.09,108921.93,1,2711
2023-05-30 00:00:00,9852.01,42223.66,58122.29,1,1407
2023-05-30 01:00:00,2684.32,11934.76,16086.15,1,492
2023-05-30 02:00:00,1408.68,6063.58,8412.44,1,270
2023-05-30 03:00:00,1072.05,4935.34,6899.12,1,194
2023-05-30 04:00:00,2111.73,9020.69,12019.67,1,269
2023-05-30 05:00:00,3621.39,16211.36,22408.1,1,600
2023-05-30 06:00:00,8874.8,41440.0,56540.159999999996,1,1762
2023-05-30 07:00:00,12400.35,66856.6,95464.84,1,3654
2023-05-30 08:00:00,16678.42,96157.24,137581.36,1,5062
2023-05-30 09:00:00,15819.69,92575.13,133038.72,1,5024
2023-05-30 10:00:00,18006.11,100860.11,142842.54,1,5131
2023-05-30 11:00:00,18010.67,105388.06,147932.18,1,5191
2023-05-30 12:00:00,19030.08,113446.62,159083.28,1,5608
2023-05-30 13:00:00,21759.09,125456.45,176510.62,1,5895
2023-05-30 14:00:00,33606.520000000004,137346.29,192297.46,1,6399
2023-05-30 15:00:00,23749.69,141395.71,197656.38999999998,1,6677
2023-05-30 16:00:00,23157.56,139923.0,214158.48,1,6614
2023-05-30 17:00:00,24590.24,145885.81,225165.27,1,7241
2023-05-30 18:00:00,23725.4,138075.43,217421.55,1,7365
2023-05-30 19:00:00,20513.47,111291.85,177197.58,1,6195
2023-05-30 20:00:00,20391.95,103996.74,155161.81,1,5510
2023-05-30 21:00:00,22425.16,111231.29,165109.88,1,5880
2023-05-30 22:00:00,19043.95,93386.22,137351.36,1,4750
2023-05-30 23:00:00,14759.94,69196.09,99674.27,1,3065
2023-05-31 00:00:00,8690.84,38588.34,54206.1,1,1511
2023-05-31 01:00:00,3342.99,16285.49,22933.17,1,736
2023-05-31 02:00:00,1861.21,8352.73,11705.7,1,384
2023-05-31 03:00:00,1136.89,5348.1,7484.91,1,252
2023-05-31 04:00:00,2247.55,9305.84,12412.09,1,296
2023-05-31 05:00:00,19435.11,14713.36,20695.45,1,614
2023-05-31 06:00:00,7557.36,36199.32,50459.49,1,1787
2023-05-31 07:00:00,12076.82,66750.68,96278.43,1,3856
2023-05-31 08:00:00,15533.46,92451.36,132430.7,1,5109
2023-05-31 09:00:00,16764.61,104968.57,149840.04,1,5615
2023-05-31 10:00:00,17136.01,106631.78,152150.96,1,5527
2023-05-31 11:00:00,17897.25,114411.18,161352.61,1,5795
2023-05-31 12:00:00,20305.71,130012.22,182050.43,1,6335
2023-05-31 13:00:00,22067.77,136146.04,190560.51,1,6385
2023-05-31 14:00:00,33209.2,146380.04,203582.92,1,6867
2023-05-31 15:00:00,23304.98,148878.48,207475.2,1,6989
2023-05-31 16:00:00,23804.96,147258.07,225450.3,1,7016
2023-05-31 17:00:00,23830.6,151175.78,235782.23,1,7907
2023-05-31 18:00:00,23350.52,146146.7,234908.58,1,8551
2023-05-31 19:00:00,33926.39,136157.48,217965.33,1,7706
2023-05-31 20:00:00,23854.24,126368.82,189690.69,1,7018
2023-05-31 21:00:00,25976.27,135492.39,203176.3,1,7412
2023-05-31 22:00:00,24536.02,127541.93,187535.26,1,6653
2023-05-31 23:00:00,30956.33,88283.35,128630.65,1,4317
2023-06-01 00:00:00,41.14,142.1,201.32,1,7
2023-06-01 07:00:00,17.4,70.0,80.0,1,1
2023-06-01 10:00:00,18.52,70.0,95.3,1,1
2023-06-01 11:00:00,2.23,26.1,39.12,1,1
2023-06-01 12:00:00,1.1,8.6,16.91,1,1
2023-06-01 14:00:00,3.8099999999999996,40.3,54.44,1,2
2023-06-01 15:00:00,1.22,10.0,15.0,1,1
2023-06-01 16:00:00,0.41,8.6,16.32,1,1
2023-06-01 23:00:00,0.88,7.2,14.64,1,1
2023-06-10 12:00:00,1.06,82.8,113.46,1,2
2023-06-12 10:00:00,17.08,70.0,96.9,1,1
2023-06-14 10:00:00,1.91,16.3,28.5,1,1
2023-06-14 14:00:00,1.29,8.6,15.6,1,1
2023-06-14 15:00:00,3.96,23.5,40.2,1,2
2023-06-17 08:00:00,0.95,7.9,14.28,1,1
2023-06-17 09:00:00,17.77,70.0,88.8,1,1
2023-07-02 01:00:00,3.9,19.1,28.92,1,1
2023-07-05 17:00:00,0.74,9.3,18.96,1,1
2023-07-05 18:00:00,1.21,11.4,21.48,1,1
2023-07-05 23:00:00,4.68,27.9,50.67,1,3
2023-07-25 03:00:00,1.29,8.6,16.32,1,1
2023-07-27 01:00:00,0.48,5.1,11.83,1,1
2023-07-27 02:00:00,3.77,25.4,38.28,1,1
2023-08-15 10:00:00,6.0,33.3,51.36,1,2
2023-09-05 18:00:00,0.45,5.8,12.96,1,1
2023-05-31 20:00:00,4.42,26.8,35.8,2,1
2023-05-31 23:00:00,96.16,451.4,702.56,1,18
2023-06-01 00:00:00,8732.12,41650.19,60124.81,1,2107
2023-06-01 01:00:00,4953.68,22791.66,32496.67,1,1125
2023-06-01 02:00:00,1599.09,8050.27,11659.1,1,481
2023-06-01 03:00:00,1382.59,6702.34,9365.93,1,332
2023-06-01 04:00:00,2332.8,9818.35,13457.21,1,327
2023-06-01 05:00:00,4290.71,18730.89,25882.18,1,723
2023-06-01 06:00:00,8558.91,40534.26,56208.69,1,1875
2023-06-01 07:00:00,158000.39,72823.88,103622.02,1,3968
2023-06-01 08:00:00,16580.98,103790.53,146069.34,1,5366
2023-06-01 09:00:00,16737.33,107965.49,152655.27,1,5547
2023-06-01 10:00:00,17593.55,111307.51,157450.17,1,5648
2023-06-01 11:00:00,18565.58,118798.64,168220.87,1,5954
2023-06-01 12:00:00,21257.34,136364.67,191905.36,1,6512
2023-06-01 13:00:00,23087.11,142298.06,199823.76,1,6680
2023-06-01 14:00:00,34942.22,162756.85,227683.86,1,7500
2023-06-01 15:00:00,26967.93,171017.41,238236.2,1,7826
2023-06-01 16:00:00,26464.05,171945.49,258864.64,1,7603
2023-06-01 17:00:00,26389.92,176673.66,270152.0,1,8477
2023-06-01 18:00:00,25736.33,168635.35,265940.43,1,9178
2023-06-01 19:00:00,24503.58,142476.9,225533.5,1,7820
2023-06-01 20:00:00,23885.98,131995.27,197995.66,1,7421
2023-06-01 21:00:00,27145.54,147229.83,218746.63999999998,1,7868
2023-06-01 22:00:00,27716.41,145192.62,212466.45,1,7483
2023-06-01 23:00:00,20357.3,105437.21,154529.11,1,5437
2023-06-02 00:00:00,12473.57,63114.3,92206.41,1,3308
2023-06-02 01:00:00,6563.64,32911.29,47623.12,1,1852
2023-06-02 02:00:00,3438.88,17031.33,25100.56,1,1050
2023-06-02 03:00:00,2421.27,11553.52,16599.69,1,604
2023-06-02 04:00:00,90935.93,13399.53,18551.26,1,488
2023-06-02 05:00:00,4257.24,19007.35,26798.11,1,719
2023-06-02 06:00:00,8031.93,37476.54,51759.58,1,1644
2023-06-02 07:00:00,11509.44,60999.33,86676.47,1,3275
2023-06-02 08:00:00,14142.96,80330.91,114756.6,1,4413
2023-06-02 09:00:00,16690.33,94487.67,135668.54,1,4969
2023-06-02 10:00:00,17720.31,103880.17,148113.17,1,5439
2023-06-02 11:00:00,19489.09,115748.4,164176.55,1,5717
2023-06-02 12:00:00,40616.98,124754.03,175950.27,1,6181
2023-06-02 13:00:00,37805.34,126315.87,178764.08,1,6292
2023-06-02 14:00:00,25255.98,149659.75,210914.73,1,7091
2023-06-02 15:00:00,24315.51,149130.19,209650.05,1,7346
2023-06-02 16:00:00,25583.92,154200.18,235629.75,1,7239
2023-06-02 17:00:00,23141.33,145176.99,227939.76,1,7845
2023-06-02 18:00:00,25789.4,171619.2,278841.43,1,11035
2023-06-02 19:00:00,42221.94,137268.66,217783.12,1,8059
2023-06-02 20:00:00,16939.18,95847.88,143054.08,1,5442
2023-06-02 21:00:00,18462.31,103594.75,154807.46,1,5974
2023-06-02 22:00:00,23120.64,127544.92,186955.61,1,6574
2023-06-02 23:00:00,24593.68,130752.53,189540.7,1,6415
2023-06-03 00:00:00,21739.48,113786.85,166405.17,1,6021
2023-06-03 01:00:00,15746.63,82625.59,122027.23,1,4770
2023-06-03 02:00:00,10113.13,53788.2,80260.64,1,3333
2023-06-03 03:00:00,6460.33,32871.58,48550.01,1,2018
2023-06-03 04:00:00,4248.95,19864.53,28606.3,1,1023
2023-06-03 05:00:00,3368.51,15158.14,20840.67,1,575
2023-06-03 06:00:00,31287.539999999997,22579.79,30748.71,1,896
2023-06-03 07:00:00,6681.15,31473.77,43989.54,1,1503
2023-06-03 08:00:00,9210.61,45600.51,65192.01,1,2381
2023-06-03 09:00:00,12228.91,64548.43,93326.59,1,3759
2023-06-03 10:00:00,15754.83,85574.55,123332.34,1,4799
2023-06-03 11:00:00,18312.34,102500.15,145616.05,1,5581
2023-06-03 12:00:00,18503.21,109045.6,156053.83,1,6188
2023-06-03 13:00:00,22442.81,127877.49,179922.26,1,6623
2023-06-03 14:00:00,22322.38,126784.76,178209.63,1,6367
2023-06-03 15:00:00,23563.92,134862.04,189959.13,1,6871
2023-06-03 16:00:00,25024.62,143418.96,200716.38999999998,1,7228
2023-06-03 17:00:00,23690.42,135104.34,190649.47,1,7223
2023-06-03 18:00:00,22359.57,133370.23,188946.53,1,7454
2023-06-03 19:00:00,20305.3,123227.55,175546.51,2,7006
2023-06-03 20:00:00,20541.24,112453.66,164109.24,1,5990
2023-06-03 21:00:00,22349.18,120169.68,175849.7,2,6454
2023-06-03 22:00:00,24107.0,133457.08,196203.5,2,7191
2023-06-03 23:00:00,39108.75,126703.83,184917.61,1,6905
2023-06-04 00:00:00,18790.69,101392.9,149243.5,1,5792
2023-06-04 01:00:00,13886.67,75218.18,111916.37,1,4557
2023-06-04 02:00:00,51790.96000000001,58796.88,87388.68,1,3600
2023-06-04 03:00:00,7430.26,38543.09,57032.08,1,2286
2023-06-04 04:00:00,5333.77,25897.92,36676.81,1,1280
2023-06-04 05:00:00,4046.23,18192.04,24793.5,1,619
2023-06-04 06:00:00,5959.2,24978.93,33823.37,1,839
2023-06-04 07:00:00,7143.93,32154.64,44402.62,1,1296
2023-06-04 08:00:00,9997.18,45994.57,64134.43,1,2032
2023-06-04 09:00:00,12812.52,62608.22,88573.53,1,3226
2023-06-04 10:00:00,15660.71,82561.99,118402.08,1,4326
2023-06-04 11:00:00,18075.14,99636.67,141597.8,1,4913
2023-06-04 12:00:00,21475.21,120374.59,169285.38,1,5481
2023-06-04 13:00:00,25046.4,136981.23,190956.13,1,5742
2023-06-04 14:00:00,25667.44,142456.13,197407.63,1,5788
2023-06-04 15:00:00,26292.01,144600.01,201041.04,1,6006
2023-06-04 16:00:00,27761.65,147502.29,206382.37,1,6229
2023-06-04 17:00:00,25359.01,139460.85,196921.17,1,6748
2023-06-04 18:00:00,23799.49,129772.64,184197.32,1,6591
2023-06-04 19:00:00,23727.81,121582.86,171815.9,1,5612
2023-06-04 20:00:00,22075.08,109455.21,160965.93,1,5133
2023-06-04 21:00:00,23117.06,110816.83,161379.96,1,5001
2023-06-04 22:00:00,22788.86,105108.46,149695.44,1,4349
2023-06-04 23:00:00,18585.49,81227.39,114118.31999999999,1,2847
2023-06-05 00:00:00,9746.41,42354.44,60010.4,1,1592
2023-06-05 01:00:00,3769.15,17233.09,23546.73,1,713
2023-06-05 02:00:00,2082.16,9599.11,12491.82,1,376
2023-06-05 03:00:00,1557.34,6818.76,9369.05,1,277
2023-06-05 04:00:00,1822.31,8330.45,11456.52,1,307
2023-06-05 05:00:00,4087.71,17522.41,24694.84,1,688
2023-06-05 06:00:00,8034.98,37103.93,51266.67,1,1716
2023-06-05 07:00:00,98435.95999999999,72425.84,102871.66,1,3762
2023-06-05 08:00:00,17644.27,99313.22,141788.67,1,5081
2023-06-05 09:00:00,17023.95,99290.18,142852.51,1,5112
2023-06-05 10:00:00,18156.32,103504.02,148279.79,1,5057
2023-06-05 11:00:00,19203.84,108996.24,155383.69,1,5351
2023-06-05 12:00:00,19753.17,114397.95,162393.04,1,5718
2023-06-05 13:00:00,20477.46,115247.22,163556.76,1,5686
2023-06-05 14:00:00,25031.33,140348.63,198402.75,1,6583
2023-06-05 15:00:00,23476.11,135449.65,192535.1,1,6663
2023-06-05 16:00:00,26855.58,146936.12,226605.83,1,6831
2023-06-05 17:00:00,23855.78,141506.62,223048.37,1,7555
2023-06-05 18:00:00,24283.98,135512.99,218400.62,1,7696
2023-06-05 19:00:00,30740.7,110780.78,178941.33,1,6441
2023-06-05 20:00:00,22160.62,109565.9,164806.98,1,5759
2023-06-05 21:00:00,23648.29,117270.85,175257.28,1,6076
2023-06-05 22:00:00,22379.08,108888.64,157835.54,1,5097
2023-06-05 23:00:00,17476.58,79802.76,114503.79,1,3333
2023-06-06 00:00:00,7973.82,34954.62,49271.24,1,1496
2023-06-06 01:00:00,20770.52,19691.05,26384.69,1,740
2023-06-06 02:00:00,1231.59,6176.11,8390.21,1,309
2023-06-06 03:00:00,869.93,4007.77,5714.11,1,198
2023-06-06 04:00:00,1719.88,7824.51,10431.84,1,264
2023-06-06 05:00:00,3874.08,17133.56,23533.57,1,663
2023-06-06 06:00:00,7675.29,37326.59,52146.62,1,1729
2023-06-06 07:00:00,12152.4,68825.45,99734.87,1,4062
2023-06-06 08:00:00,17910.55,108074.51,153849.99,1,5689
2023-06-06 09:00:00,33033.75,117609.04,168468.62,1,6478
2023-06-06 10:00:00,18823.77,117807.86,167156.98,1,5753
2023-06-06 11:00:00,19600.18,123766.69,174348.58,1,5933
2023-06-06 12:00:00,18917.33,123862.43,175123.63999999998,1,6196
2023-06-06 13:00:00,22361.82,136395.48,192527.44,1,6453
2023-06-06 14:00:00,25206.26,158087.75,222896.62,1,7699
2023-06-06 15:00:00,24258.72,154324.1,217720.04,1,7266
2023-06-06 16:00:00,24760.99,155845.83,240808.69,1,7596
2023-06-06 17:00:00,24480.72,157831.74,248180.07,1,8257
2023-06-06 18:00:00,26590.72,167921.11,270111.15,1,9682
2023-06-06 19:00:00,23146.65,132383.01,216208.28,1,8052
2023-06-06 20:00:00,24320.5,129918.02,197886.8,1,7376
2023-06-06 21:00:00,26321.24,139551.78,208767.42,1,7725
2023-06-06 22:00:00,27433.65,138625.09,204842.59,1,6957
2023-06-06 23:00:00,20085.36,96981.21,140672.64,1,4598
2023-06-07 00:00:00,11250.93,52248.38,75508.66,1,2319
2023-06-07 01:00:00,4962.71,22546.57,31562.9,1,1017
2023-06-07 02:00:00,2589.56,11707.72,15906.83,1,492
2023-06-07 03:00:00,1149.15,5463.29,7568.85,1,277
2023-06-07 04:00:00,1798.27,8034.22,10966.6,1,264
2023-06-07 05:00:00,3505.33,15564.81,22264.11,1,640
2023-06-07 06:00:00,8006.61,38268.87,53769.84,1,1886
2023-06-07 07:00:00,14924.39,81107.62,116453.8,1,4470
2023-06-07 08:00:00,17572.64,108433.84,155716.28,1,5989
2023-06-07 09:00:00,17145.35,108388.77,156208.42,1,5912
2023-06-07 10:00:00,17707.65,114349.29,163495.19,1,6002
2023-06-07 11:00:00,20121.5,129773.79,183569.53,1,6505
2023-06-07 12:00:00,21905.32,146204.86,206883.13,1,7170
2023-06-07 13:00:00,21143.33,144159.67,203284.21,1,7238
2023-06-07 14:00:00,27918.46,179168.33,250734.13,1,8098
2023-06-07 15:00:00,36762.25,173245.77,243346.66,1,7914
2023-06-07 16:00:00,26350.65,164586.44,251364.73,1,7512
2023-06-07 17:00:00,26033.24,166808.63,259201.3,1,8318
2023-06-07 18:00:00,33925.33,155466.55,249557.66,1,8876
2023-06-07 19:00:00,24703.87,138760.51,222122.73,1,7789
2023-06-07 20:00:00,22688.15,121209.63,183341.5,1,6838
2023-06-07 21:00:00,23730.01,124821.51,187916.2,1,7044
2023-06-07 22:00:00,24242.25,125747.7,187425.75,1,6636
2023-06-07 23:00:00,19717.2,96229.32,140471.6,1,4571
2023-06-08 00:00:00,10259.41,48519.0,69762.97,1,2296
2023-06-08 01:00:00,4586.12,22326.14,32206.75,1,1086
2023-06-08 02:00:00,2846.3,13224.88,18864.71,1,647
2023-06-08 03:00:00,1330.67,7000.7,10241.36,1,332
2023-06-08 04:00:00,2468.93,12533.55,16929.04,1,366
2023-06-08 05:00:00,4277.25,18880.23,26686.48,1,702
2023-06-08 06:00:00,8194.79,38247.16,54246.61,1,1861
2023-06-08 07:00:00,12749.87,67901.68,97873.47,1,3817
2023-06-08 08:00:00,16790.84,98766.74,142067.25,1,5439
2023-06-08 09:00:00,16351.0,100382.45,143928.06,1,5315
2023-06-08 10:00:00,16703.6,103947.57,149113.6,1,5519
2023-06-08 11:00:00,18253.35,115771.37,164594.68,1,5914
2023-06-08 12:00:00,40836.5,128149.59,182117.12,1,6281
2023-06-08 13:00:00,21633.85,129619.28,183928.21,1,6392
2023-06-08 14:00:00,46432.95,149116.13,211288.56,1,7063
2023-06-08 15:00:00,62533.52,151314.19,216274.2,1,7495
2023-06-08 16:00:00,26369.02,154826.33,240189.24,1,7523
2023-06-08 17:00:00,24940.57,150248.29,237844.61,1,8098
2023-06-08 18:00:00,46245.86,157096.77,252090.92,1,8904
2023-06-08 19:00:00,33396.59,133227.34,212600.8,1,7512
2023-06-08 20:00:00,21915.93,117548.06,176838.92,1,6548
2023-06-08 21:00:00,27453.7,145416.14,215895.62,1,7613
2023-06-08 22:00:00,26459.96,140164.62,207385.46,1,7336
2023-06-08 23:00:00,21700.26,112039.54,164509.55,1,5648
2023-06-09 00:00:00,12377.2,63131.08,92763.19,1,3392
2023-06-09 01:00:00,8250.7,40549.65,59002.79,1,2133
2023-06-09 02:00:00,4213.53,21575.3,31484.66,1,1246
2023-06-09 03:00:00,2412.36,11957.8,17428.08,1,668
2023-06-09 04:00:00,2941.84,13290.28,18867.38,1,531
2023-06-09 05:00:00,4927.23,21561.89,30001.77,1,739
2023-06-09 06:00:00,32063.960000000003,38000.15,52986.2,1,1607
2023-06-09 07:00:00,11719.81,60406.02,86229.78,1,3097
2023-06-09 08:00:00,14593.64,80416.44,115468.92,1,4190
2023-06-09 09:00:00,14996.12,86693.65,124887.62,1,4621
2023-06-09 10:00:00,16636.49,97564.63,139129.24,1,5034
2023-06-09 11:00:00,19584.14,112781.26,160820.75,1,5596
2023-06-09 12:00:00,36413.58,118550.61,168813.59,1,5965
2023-06-09 13:00:00,23817.98,133801.17,189322.66,1,6308
2023-06-09 14:00:00,34072.73,141041.54,198718.48,1,6609
2023-06-09 15:00:00,52598.94,139850.73,198245.44,1,6847
2023-06-09 16:00:00,23987.49,140479.1,215855.26,1,6795
2023-06-09 17:00:00,22717.58,137103.97,218275.32,1,7782
2023-06-09 18:00:00,21806.05,128231.98,207185.91,1,7758
2023-06-09 19:00:00,32587.920000000002,132299.48,211268.81,1,7762
2023-06-09 20:00:00,21274.6,114826.48,169980.84,1,6130
2023-06-09 21:00:00,21876.98,117898.75,174209.52,1,6289
2023-06-09 22:00:00,24533.68,135255.93,198284.07,1,7129
2023-06-09 23:00:00,25309.39,133452.75,196252.84,1,7046
2023-06-10 00:00:00,18628.57,101575.22,149256.26,1,5710
2023-06-10 01:00:00,13896.69,75595.77,112927.04,1,4685
2023-06-10 02:00:00,10544.74,57927.03,86665.25,1,3675
2023-06-10 03:00:00,6921.77,36140.78,54519.34,1,2290
2023-06-10 04:00:00,3866.09,19251.98,28073.63,1,1117
2023-06-10 05:00:00,31631.97,16608.3,22889.48,1,586
2023-06-10 06:00:00,5625.19,25398.17,34994.43,1,980
2023-06-10 07:00:00,7696.69,35550.08,49727.91,1,1615
2023-06-10 08:00:00,34025.76,44477.48,63067.57,1,2249
2023-06-10 09:00:00,12381.91,65197.32,92977.69,1,3496
2023-06-10 10:00:00,13916.55,77796.13,112423.38,1,4501
2023-06-10 11:00:00,34311.229999999996,90910.53,129596.25,1,5110
2023-06-10 12:00:00,18068.91,109743.35,154981.73,1,5724
2023-06-10 13:00:00,18860.96,114845.97,161160.25,1,5873
2023-06-10 14:00:00,20957.44,119200.18,168489.8,1,5997
2023-06-10 15:00:00,23692.81,132340.3,185603.77,1,6548
2023-06-10 16:00:00,23104.59,128820.57,180547.63,1,6443
2023-06-10 17:00:00,21456.99,127503.18,179275.1,1,6842
2023-06-10 18:00:00,21222.49,124635.95,176704.17,1,6910
2023-06-10 19:00:00,20909.66,120723.41,170655.75,1,6658
2023-06-10 20:00:00,17860.41,98744.33,144830.06,1,5442
2023-06-10 21:00:00,19867.33,107624.39,158822.81,1,5984
2023-06-10 22:00:00,23325.42,126433.35,184834.25,2,6747
2023-06-10 23:00:00,39069.55,139207.15,203166.58,2,7477
2023-06-11 00:00:00,20306.13,112374.92,163890.73,1,6143
2023-06-11 01:00:00,14379.11,78292.98,115587.86,1,4718
2023-06-11 02:00:00,11451.98,60976.73,89914.66,1,3689
2023-06-11 03:00:00,7888.63,40558.1,59945.24,1,2402
2023-06-11 04:00:00,5372.63,25995.45,36697.42,1,1259
2023-06-11 05:00:00,3996.08,17379.4,23417.75,1,570
2023-06-11 06:00:00,5813.61,25346.78,33885.24,1,813
2023-06-11 07:00:00,7390.91,33012.86,45192.13,1,1242
2023-06-11 08:00:00,27522.510000000002,44851.6,62457.36,1,1935
2023-06-11 09:00:00,13316.79,59333.5,83564.17,1,3000
2023-06-11 10:00:00,15035.25,77617.49,110517.51,1,4009
2023-06-11 11:00:00,17338.37,91152.57,130386.67,1,4740
2023-06-11 12:00:00,20319.23,108917.94,155153.68,1,5322
2023-06-11 13:00:00,24203.03,127674.22,178800.85,1,5598
2023-06-11 14:00:00,26404.38,138596.99,193643.23,1,5930
2023-06-11 15:00:00,26608.35,141871.6,198057.75,1,5949
2023-06-11 16:00:00,27475.82,146347.71,203533.35,1,6085
2023-06-11 17:00:00,25525.99,135225.81,190145.7,1,6203
2023-06-11 18:00:00,23283.03,120366.73,171003.47,1,5776
2023-06-11 19:00:00,20529.92,103209.3,146940.01,1,5007
2023-06-11 20:00:00,22130.01,104500.87,153428.62,1,4738
2023-06-11 21:00:00,22948.36,108580.18,156412.52,1,4610
2023-06-11 22:00:00,21650.27,100116.04,143310.63,1,3982
2023-06-11 23:00:00,20053.18,90869.2,127220.13,1,3466
2023-06-12 00:00:00,9516.53,42863.73,60127.59,1,1791
2023-06-12 01:00:00,4500.28,20321.7,28012.35,1,879
2023-06-12 02:00:00,2450.84,10846.83,15072.91,1,486
2023-06-12 03:00:00,1617.93,7387.68,10214.6,1,304
2023-06-12 04:00:00,2835.55,12588.22,17034.45,1,405
2023-06-12 05:00:00,5424.26,23215.67,31907.71,1,784
2023-06-12 06:00:00,9145.42,42797.76,59150.51,1,1915
2023-06-12 07:00:00,40284.72,69943.41,99184.21,1,3595
2023-06-12 08:00:00,17145.57,97639.99,139679.72,1,5262
2023-06-12 09:00:00,16444.91,94823.34,137383.41,1,5179
2023-06-12 10:00:00,17708.05,101488.14,146149.88,1,5324
2023-06-12 11:00:00,19082.05,109203.11,156045.36,1,5545
2023-06-12 12:00:00,21050.87,118306.95,168589.45,1,5911
2023-06-12 14:00:00,24879.71,139614.73,196575.81,1,6773
2023-06-12 15:00:00,34091.84,139611.13,197466.29,1,6700
2023-06-12 16:00:00,25350.66,137040.46,211985.74,1,6661
2023-06-12 17:00:00,24921.35,146950.82,229593.75,1,7551
2023-06-12 18:00:00,22597.6,129934.98,208476.71,1,7440
2023-06-12 19:00:00,33635.09,129589.31,210612.9,1,7722
2023-06-12 20:00:00,24522.07,129981.97,197114.74,1,7444
2023-06-12 21:00:00,22390.99,116476.08,173954.5,1,6332
2023-06-12 22:00:00,19845.02,92972.22,135224.64,1,4193
2023-06-12 23:00:00,17495.3,78998.44,113178.72,1,3109
2023-06-13 00:00:00,11893.83,51123.93,72215.12,1,1771
2023-06-13 01:00:00,7151.96,30132.06,40290.65,1,928
2023-06-13 02:00:00,2260.58,9930.44,13215.21,1,391
2023-06-13 03:00:00,877.73,3911.28,5542.33,1,194
2023-06-13 04:00:00,2121.34,8938.49,12316.69,1,289
2023-06-13 05:00:00,4336.52,19095.32,26034.35,1,692
2023-06-13 06:00:00,41025.0,34289.85,47881.4,1,1752
2023-06-13 07:00:00,13489.92,72706.01,105255.15,1,3998
2023-06-13 08:00:00,15726.63,98300.01,141802.93,1,5533
2023-06-13 09:00:00,40120.200000000004,110526.24,157587.15,1,5646
2023-06-13 10:00:00,17318.64,109256.62,155842.99,1,5617
2023-06-13 11:00:00,18936.68,120553.93,170510.69,1,5970
2023-06-13 12:00:00,20494.29,129446.73,183051.71,1,6489
2023-06-13 13:00:00,21661.59,132706.48,187888.59,1,6560
2023-06-13 14:00:00,25130.15,151620.7,214624.33,1,7411
2023-06-13 15:00:00,33370.46,149406.94,210743.08,1,7415
2023-06-13 16:00:00,24172.83,149750.38,231687.11,1,7372
2023-06-13 17:00:00,24290.88,153962.78,241058.99,1,8016
2023-06-13 18:00:00,24005.65,150766.26,241228.92,1,8621
2023-06-13 19:00:00,23031.51,127365.31,205760.16,1,7443
2023-06-13 20:00:00,23468.17,122276.32,185028.11,1,6908
2023-06-13 21:00:00,24987.44,133510.21,201229.84,1,7567
2023-06-13 22:00:00,24031.9,123586.37,182131.3,1,6492
2023-06-13 23:00:00,21026.06,100821.37,145905.56,1,4755
2023-06-14 00:00:00,10636.17,50733.48,72111.21,1,2279
2023-06-14 01:00:00,4146.98,20280.76,28779.76,1,1055
2023-06-14 02:00:00,1982.76,10124.89,13905.41,1,514
2023-06-14 03:00:00,1552.99,7001.24,9869.69,1,329
2023-06-14 04:00:00,2148.05,9613.3,13287.89,1,336
2023-06-14 05:00:00,4045.47,18484.12,26151.579999999998,1,674
2023-06-14 06:00:00,30203.220000000005,37308.44,52470.96,1,1860
2023-06-14 07:00:00,12326.79,67490.9,98282.05,1,3909
2023-06-14 08:00:00,17197.3,101893.45,147100.63,1,5678
2023-06-14 09:00:00,17543.56,107689.21,155375.03,1,5858
2023-06-14 10:00:00,16940.37,105888.1,152812.5,1,5916
2023-06-14 11:00:00,18366.85,118229.42,168792.94,1,6119
2023-06-14 12:00:00,21310.31,140363.97,198618.92,1,7002
2023-06-14 13:00:00,21031.45,144107.11,203027.56,1,7342
2023-06-14 14:00:00,21388.22,140680.88,197437.0,1,7048
2023-06-14 15:00:00,42485.8,146342.15,206563.04,1,6891
2023-06-14 16:00:00,22532.04,144700.8,221006.51,1,6931
2023-06-14 17:00:00,56852.130000000005,156849.48,242577.59,1,7798
2023-06-14 18:00:00,25569.43,162925.64,260086.76,1,9196
2023-06-14 19:00:00,33068.9,134045.73,215128.09,1,7540
2023-06-14 20:00:00,25504.86,136451.2,204937.12,1,7161
2023-06-14 21:00:00,28321.79,148226.99,222162.68,1,7991
2023-06-14 22:00:00,30035.94,153804.87,227587.35,1,7716
2023-06-14 23:00:00,24635.79,121507.58,177015.94,1,5527
2023-06-15 00:00:00,15292.73,72173.85,103253.53,1,3097
2023-06-15 01:00:00,7948.87,36363.42,50746.78,1,1488
2023-06-15 02:00:00,2899.36,14280.41,20372.32,1,715
2023-06-15 03:00:00,1660.07,8235.62,11890.45,1,424
2023-06-15 04:00:00,2925.44,12835.37,18090.32,1,443
2023-06-15 05:00:00,4106.57,17959.91,25384.19,1,677
2023-06-15 06:00:00,9936.66,44687.26,61909.94,1,1941
2023-06-15 07:00:00,28785.59,75345.78,107614.72,1,3908
2023-06-15 08:00:00,17572.81,102085.87,146924.66,1,5589
2023-06-15 09:00:00,46176.22,103878.23,149316.89,1,5731
2023-06-15 10:00:00,17810.17,111851.34,160107.52,1,5916
2023-06-15 11:00:00,19465.03,122741.79,174343.64,1,6291
2023-06-15 12:00:00,20738.81,132310.79,187734.23,1,6750
2023-06-15 13:00:00,24237.79,147345.9,208198.11,1,6997
2023-06-15 14:00:00,26629.33,161679.16,228171.13,1,7606
2023-06-15 15:00:00,26686.61,164160.35,230734.42,1,7679
2023-06-15 16:00:00,34860.47,169398.36,257313.09,1,7728
2023-06-15 17:00:00,27770.22,175015.96,271348.69,1,8700
2023-06-15 18:00:00,27605.05,169831.39,269525.79,1,9340
2023-06-15 19:00:00,24310.25,141348.06,224783.05,1,7952
2023-06-15 20:00:00,24939.66,136236.69,204490.73,1,7315
2023-06-15 21:00:00,28881.54,154570.41,229242.1,1,8051
2023-06-15 22:00:00,29832.55,155652.65,226684.82,1,7683
2023-06-15 23:00:00,23540.23,119804.6,174261.8,1,5929
2023-06-16 00:00:00,16108.04,81832.95,118252.6,1,4045
2023-06-16 01:00:00,8734.32,43306.13,62740.94,1,2355
2023-06-16 02:00:00,4497.97,22676.01,33412.41,1,1360
2023-06-16 03:00:00,2803.47,14375.76,20717.36,1,757
2023-06-16 04:00:00,4300.69,19251.36,26795.28,1,666
2023-06-16 05:00:00,5701.09,25043.75,34961.26,1,808
2023-06-16 06:00:00,8873.2,40227.68,56025.88,1,1732
2023-06-16 07:00:00,27726.47,58995.5,84243.62,1,3061
2023-06-16 08:00:00,15201.39,83093.62,118725.25,1,4423
2023-06-16 09:00:00,17858.35,99790.06,141292.09,1,5048
2023-06-16 10:00:00,17636.94,101079.9,144216.66,1,5226
2023-06-16 11:00:00,17765.89,105601.13,150999.04,1,5627
2023-06-16 12:00:00,19633.32,118458.94,168951.51,1,6191
2023-06-16 13:00:00,23555.78,144196.43,203648.96,1,7345
2023-06-16 14:00:00,60193.17999999999,163766.46,228591.65,1,7710
2023-06-16 15:00:00,32205.78,139127.15,193430.52,1,6245
2023-06-16 16:00:00,24329.19,141449.57,212350.93,1,5910
2023-06-16 17:00:00,24582.9,132121.72,203800.02,1,6354
2023-06-16 18:00:00,20660.88,120328.55,190667.73,1,6714
2023-06-16 19:00:00,32031.78,122718.44,194464.06,1,6660
2023-06-16 20:00:00,20841.11,108405.03,159626.45,1,5441
2023-06-16 21:00:00,21470.13,112309.97,164102.85,1,5713
2023-06-16 22:00:00,23226.11,122841.16,180120.95,1,6210
2023-06-16 23:00:00,22451.59,117241.18,170679.19,1,5837
2023-06-17 00:00:00,18660.86,96793.94,141032.72,1,5120
2023-06-17 01:00:00,13656.34,72457.57,107423.85,1,4267
2023-06-17 02:00:00,25868.99,53513.45,79732.23,1,3291
2023-06-17 03:00:00,6864.13,36549.24,54315.77,1,2212
2023-06-17 04:00:00,4922.95,22556.53,32516.09,1,1139
2023-06-17 05:00:00,2711.4,12336.18,17162.0,1,467
2023-06-17 06:00:00,6109.6,26172.33,35360.77,1,928
2023-06-17 07:00:00,6787.05,30444.92,42262.81,1,1295
2023-06-17 08:00:00,8876.61,42108.26,59071.12,1,2038
2023-06-17 09:00:00,11866.83,60921.38,87177.98,1,3307
2023-06-17 10:00:00,13966.27,74764.41,107561.13,1,4346
2023-06-17 11:00:00,14816.74,84293.8,121539.83,1,4881
2023-06-17 12:00:00,17716.31,100370.37,143620.42,1,5498
2023-06-17 13:00:00,18569.39,108640.24,154538.53,1,5997
2023-06-17 14:00:00,20803.5,115152.83,162655.29,1,5815
2023-06-17 15:00:00,21386.98,119962.02,168656.66,1,6040
2023-06-17 16:00:00,22829.14,126753.26,177309.0,1,6318
2023-06-17 17:00:00,21525.89,123236.22,172850.51,1,6388
2023-06-17 18:00:00,22059.09,132113.06,188760.41,1,7903
2023-06-17 19:00:00,18357.24,110953.44,157450.85,1,6208
2023-06-17 20:00:00,17469.55,97194.9,141000.07,2,5095
2023-06-17 21:00:00,18717.66,102869.55,149187.09,2,5402
2023-06-17 22:00:00,39469.57,116251.33,168924.95,2,6110
2023-06-17 23:00:00,22055.92,120538.23,173904.31,1,6113
2023-06-18 00:00:00,16610.44,89355.84,129726.36,1,4807
2023-06-18 01:00:00,12993.23,69524.48,102665.85,1,4180
2023-06-18 02:00:00,9854.24,53060.79,77891.79,1,3180
2023-06-18 03:00:00,7792.03,40192.61,57897.45,1,2265
2023-06-18 04:00:00,33186.63,25354.61,35767.09,1,1238
2023-06-18 05:00:00,3853.76,17684.78,23704.76,1,548
2023-06-18 06:00:00,5973.32,25320.0,33986.57,1,817
2023-06-18 07:00:00,6458.96,29839.66,40273.0,1,1119
2023-06-18 08:00:00,8954.98,40420.73,55806.01,1,1755
2023-06-18 09:00:00,11538.31,55367.27,78248.2,1,2832
2023-06-18 10:00:00,13476.91,68330.79,98009.39,1,3789
2023-06-18 11:00:00,15894.79,82114.21,117501.99,1,4466
2023-06-18 12:00:00,17875.71,94147.31,134634.44,1,4971
2023-06-18 13:00:00,22025.07,111715.27,158507.63,2,5427
2023-06-18 14:00:00,24324.22,125092.86,176954.07,2,5864
2023-06-18 15:00:00,23090.0,116377.91,163475.04,2,5449
2023-06-18 16:00:00,23844.79,121627.73,169866.24,1,5532
2023-06-18 17:00:00,23558.09,122222.95,171620.79,2,5786
2023-06-18 18:00:00,22012.43,114705.88,163366.45,1,5869
2023-06-18 19:00:00,20378.36,106224.2,148982.54,1,5203
2023-06-18 20:00:00,20602.69,101702.66,148461.13,1,4902
2023-06-18 21:00:00,18905.3,94370.98,138085.4,1,4619
2023-06-18 22:00:00,19330.87,93289.65,132661.53,1,4134
2023-06-18 23:00:00,20744.25,93740.55,131755.18,1,3578
2023-06-19 00:00:00,11136.49,51484.71,70893.33,1,2075
2023-06-19 01:00:00,5338.31,25259.43,35160.33,1,1180
2023-06-19 02:00:00,2983.04,13782.83,19429.91,1,741
2023-06-19 03:00:00,2179.87,10353.77,14752.44,1,497
2023-06-19 04:00:00,23839.59,12152.83,16989.69,1,451
2023-06-19 05:00:00,3594.56,15593.89,21523.25,1,543
2023-06-19 06:00:00,6940.92,30689.25,41448.43,1,1094
2023-06-19 07:00:00,8470.23,38613.06,54087.59,1,1710
2023-06-19 08:00:00,10530.93,51749.36,74280.1,1,2547
2023-06-19 09:00:00,13052.93,66323.19,95278.07,1,3447
2023-06-19 10:00:00,32451.859999999997,77368.24,111233.27,1,4076
2023-06-19 11:00:00,16551.43,89201.15,127724.19,1,4573
2023-06-19 12:00:00,19000.1,100432.96,144015.23,1,5142
2023-06-19 13:00:00,20961.55,110542.01,158271.31,1,5465
2023-06-19 14:00:00,23148.9,124320.99,176389.14,1,5979
2023-06-19 15:00:00,25714.88,134314.06,190459.05,1,6351
2023-06-19 16:00:00,41174.61,122900.27,190319.24,1,5853
2023-06-19 17:00:00,23057.94,121168.56,190371.4,1,6114
2023-06-19 18:00:00,24177.5,125087.3,198317.07,1,6525
2023-06-19 19:00:00,20996.6,105111.93,166550.99,1,5375
2023-06-19 20:00:00,21489.92,103224.22,153054.21,1,4967
2023-06-19 21:00:00,22586.12,108226.54,158580.54,1,5030
2023-06-19 22:00:00,20873.73,96865.9,138588.76,1,4084
2023-06-19 23:00:00,16283.54,69808.62,98952.36,1,2653
2023-06-20 00:00:00,8413.98,37570.43,53074.03,1,1427
2023-06-20 01:00:00,5274.02,22610.52,30452.04,1,700
2023-06-20 02:00:00,2528.55,11152.66,14995.82,1,415
2023-06-20 03:00:00,1019.4,4490.08,6271.7699999999995,1,203
2023-06-20 04:00:00,1925.75,8296.5,11085.03,1,274
2023-06-20 05:00:00,4635.53,20001.35,27098.29,1,682
2023-06-20 06:00:00,8822.29,41114.22,56564.79,1,1880
2023-06-20 07:00:00,13585.74,70273.88,99936.64,1,3628
2023-06-20 08:00:00,16315.17,97457.17,139712.55,1,5331
2023-06-20 09:00:00,17710.53,108137.86,154158.25,1,5560
2023-06-20 10:00:00,17203.73,109151.17,155300.66,1,5475
2023-06-20 11:00:00,18174.6,115279.57,161731.1,1,5644
2023-06-20 12:00:00,19243.39,120081.78,170335.91,1,5874
2023-06-20 13:00:00,21114.82,128467.57,181161.08,1,6153
2023-06-20 14:00:00,23843.08,146542.73,204609.63,1,6716
2023-06-20 15:00:00,23958.12,151202.1,209342.77,1,6638
2023-06-20 16:00:00,23754.56,147235.91,223353.63999999998,1,6596
2023-06-20 17:00:00,23068.23,148864.87,229243.51,1,7199
2023-06-20 18:00:00,24595.94,154517.66,243163.43,1,8137
2023-06-20 19:00:00,32269.82,124817.41,197980.8,1,6807
2023-06-20 20:00:00,22296.05,117038.74,176482.39,1,6322
2023-06-20 21:00:00,23317.34,123004.73,184722.11,1,6847
2023-06-20 22:00:00,22617.8,115023.96,169025.12,1,5827
2023-06-20 23:00:00,17834.43,84683.26,122290.1,1,3973
2023-06-21 00:00:00,11638.21,55850.76,79208.81999999999,1,2466
2023-06-21 01:00:00,4994.52,22845.12,31704.17,1,1023
2023-06-21 02:00:00,3094.14,13445.24,18256.23,1,569
2023-06-21 03:00:00,1872.1100000000001,8783.26,11679.47,1,320
2023-06-21 04:00:00,2011.3700000000001,9746.86,13284.22,1,321
2023-06-21 05:00:00,187662.63,15827.43,22409.05,1,648
2023-06-21 06:00:00,25675.26,40484.89,55606.44,1,1858
2023-06-21 07:00:00,44526.43,64606.46,93221.85,1,3650
2023-06-21 08:00:00,16737.19,99311.06,142385.81,1,5417
2023-06-21 09:00:00,16433.54,103354.21,148772.72,1,5560
2023-06-21 10:00:00,16611.56,107071.88,152378.84,1,5535
2023-06-21 11:00:00,39146.450000000004,117473.2,166032.06,1,5764
2023-06-21 12:00:00,20658.51,131284.85,184562.86,1,6341
2023-06-21 13:00:00,21838.33,135042.51,190390.95,1,6574
2023-06-21 14:00:00,24063.04,146422.8,206238.27,1,6854
2023-06-21 15:00:00,23682.33,144300.11,203234.68,1,6861
2023-06-21 16:00:00,25181.88,156213.27,237566.16,1,6998
2023-06-21 17:00:00,23424.07,154807.8,238954.09,1,7599
2023-06-21 18:00:00,24651.6,155935.48,246439.48,1,8504
2023-06-21 19:00:00,33191.64,138782.74,219884.57,1,7682
2023-06-21 20:00:00,23294.09,126545.16,189809.91,1,6836
2023-06-21 21:00:00,26459.88,139858.61,207680.43,1,7420
2023-06-21 22:00:00,24783.94,129261.43,190389.42,1,6686
2023-06-21 23:00:00,21104.33,102741.97,148999.15,1,4896
2023-06-22 00:00:00,14844.6,72157.06,104430.96,1,3453
2023-06-22 01:00:00,6495.87,31040.82,43710.44,1,1446
2023-06-22 02:00:00,2665.92,13023.61,18983.73,1,764
2023-06-22 03:00:00,1753.57,8564.31,12449.19,1,456
2023-06-22 04:00:00,2674.13,11500.89,16031.56,1,416
2023-06-22 05:00:00,79992.77999999998,17456.92,24633.84,1,660
2023-06-22 06:00:00,30771.94,39013.48,55004.17,1,1901
2023-06-22 07:00:00,14421.26,76931.14,110609.48,1,4245
2023-06-22 08:00:00,19087.65,111733.09,160101.08,1,6009
2023-06-22 09:00:00,17641.77,109486.74,157369.81,1,6063
2023-06-22 10:00:00,17557.97,109975.97,157118.14,1,5827
2023-06-22 11:00:00,19231.55,121831.58,173322.23,1,6220
2023-06-22 12:00:00,21359.25,131661.88,187134.83,1,6558
2023-06-22 13:00:00,23208.9,137339.56,194871.23,1,6605
2023-06-22 14:00:00,24418.53,147461.74,209293.73,1,6902
2023-06-22 15:00:00,35057.64,154030.69,215812.04,1,6969
2023-06-22 16:00:00,24379.58,149433.69,228818.42,1,6946
2023-06-22 17:00:00,54944.98,153503.38,238971.15,1,7676
2023-06-22 18:00:00,25558.7,153422.1,242277.92,1,8257
2023-06-22 19:00:00,34185.4,139185.52,220446.0,1,7611
2023-06-22 20:00:00,23528.64,124721.69,186373.69,1,6634
2023-06-22 21:00:00,24611.06,131648.2,196393.68,1,7201
2023-06-22 22:00:00,24548.95,129909.85,193092.74,1,6925
2023-06-22 23:00:00,23616.87,118763.64,174259.24,1,5895
2023-06-23 00:00:00,17815.89,92320.84,134674.37,1,4750
2023-06-23 01:00:00,8689.6,45022.78,65838.03,1,2484
2023-06-23 02:00:00,5002.06,25342.84,37118.91,1,1519
2023-06-23 03:00:00,3208.37,16305.34,23513.4,1,844
2023-06-23 04:00:00,3846.35,17802.829999999998,24678.92,1,618
2023-06-23 05:00:00,4251.06,19375.83,27570.2,1,712
2023-06-23 06:00:00,7961.43,36509.31,50671.02,1,1545
2023-06-23 07:00:00,11611.11,57159.9,81557.38,1,2802
2023-06-23 08:00:00,15045.0,80455.31,115482.38,1,4261
2023-06-23 09:00:00,30218.2,84426.58,121518.84,1,4607
2023-06-23 10:00:00,27177.899999999998,107740.39,155289.83,1,5918
2023-06-23 11:00:00,18059.72,110250.17,157157.25,1,5768
2023-06-23 12:00:00,20367.23,117095.38,165969.46,1,5762
2023-06-23 13:00:00,21646.21,122087.63,172787.17,1,5923
2023-06-23 14:00:00,33717.22,138959.98,197445.83,1,6746
2023-06-23 15:00:00,33658.91,142868.82,202334.34,1,6969
2023-06-23 16:00:00,62816.189999999995,141470.34,215423.53,1,6571
2023-06-23 17:00:00,61713.090000000004,136561.89,213523.23,1,7195
2023-06-23 18:00:00,23510.91,136732.59,216972.71,1,7706
2023-06-23 19:00:00,21433.52,121891.49,194263.49,1,6987
2023-06-23 20:00:00,19886.79,106903.84,158337.59,1,5616
2023-06-23 21:00:00,23502.03,122230.96,179456.22,1,5977
2023-06-23 22:00:00,24921.05,132969.72,194516.63,1,6774
2023-06-23 23:00:00,25816.66,133566.34,193702.23,1,6566
2023-06-24 00:00:00,21095.76,111868.99,162409.24,1,5794
2023-06-24 01:00:00,15257.82,81573.6,121065.4,1,4843
2023-06-24 02:00:00,11424.78,60564.13,89872.67,1,3784
2023-06-24 03:00:00,8388.08,42863.03,63122.92,1,2512
2023-06-24 04:00:00,5259.91,25257.02,35962.52,1,1257
2023-06-24 05:00:00,3596.7,15425.22,21464.75,1,553
2023-06-24 06:00:00,5696.5,24209.12,33093.3,1,879
2023-06-24 07:00:00,33733.88,30235.48,41870.88,1,1338
2023-06-24 08:00:00,8866.27,43025.44,61124.17,1,2180
2023-06-24 09:00:00,11618.17,59540.54,85452.7,1,3208
2023-06-24 10:00:00,13798.14,73553.82,106470.24,1,4166
2023-06-24 11:00:00,14806.06,84542.73,122341.33,1,4923
2023-06-24 12:00:00,17796.31,102573.7,146373.33,1,5670
2023-06-24 13:00:00,19025.26,110863.76,157107.59,1,6061
2023-06-24 14:00:00,21013.54,119927.25,170037.13,1,6188
2023-06-24 15:00:00,22323.43,125443.7,175516.82,1,5994
2023-06-24 16:00:00,22325.89,127038.9,178127.48,1,6230
2023-06-24 17:00:00,20645.34,125782.34,175660.37,1,6370
2023-06-24 18:00:00,47050.74,126237.65,176287.96,1,6382
2023-06-24 19:00:00,20346.02,126132.87,177267.28,2,6697
2023-06-24 20:00:00,18886.63,103732.78,151355.1,1,5435
2023-06-24 21:00:00,21247.0,112973.06,164271.65,2,5773
2023-06-24 22:00:00,23975.55,130681.39,188994.27,2,6571
2023-06-24 23:00:00,23183.51,127383.36,185631.06,1,6559
2023-06-25 00:00:00,19138.11,106216.89,155453.25,1,5848
2023-06-25 01:00:00,16217.96,88352.83,129785.58,1,5107
2023-06-25 02:00:00,13675.6,72171.88,105393.05,1,4058
2023-06-25 03:00:00,10746.45,54411.65,78348.24,1,2879
2023-06-25 04:00:00,6653.26,32569.35,46235.94,1,1593
2023-06-25 05:00:00,4078.7599999999998,19022.4,26185.42,1,690
2023-06-25 06:00:00,6770.91,29419.079999999998,39001.69,1,966
2023-06-25 07:00:00,6869.56,32676.64,44976.53,1,1361
2023-06-25 08:00:00,8036.73,38337.17,54371.87,1,1873
2023-06-25 09:00:00,11998.13,60340.32,86084.11,1,3105
2023-06-25 10:00:00,13895.66,72997.17,105135.83,1,3959
2023-06-25 11:00:00,17125.27,90528.23,129897.55,1,4677
2023-06-25 12:00:00,18534.58,101293.27,144205.01,1,5082
2023-06-25 13:00:00,21207.39,112507.46,158805.38999999998,1,5209
2023-06-25 14:00:00,21540.72,116869.39,162703.61,1,5175
2023-06-25 15:00:00,21220.9,111802.1,153974.3,1,4739
2023-06-25 16:00:00,21241.19,113825.75,158340.76,1,4867
2023-06-25 17:00:00,20678.42,112839.15,157211.71,1,4982
2023-06-25 18:00:00,20631.72,116134.39,160537.17,1,5167
2023-06-25 19:00:00,21251.06,114639.62,160206.23,1,5019
2023-06-25 20:00:00,23417.97,117236.91,167557.81,1,4861
2023-06-25 21:00:00,23250.83,115947.44,167834.31,1,5036
2023-06-25 22:00:00,24923.83,119456.62,170600.51,1,4776
2023-06-25 23:00:00,20769.06,95649.81,136218.32,1,3586
2023-06-26 00:00:00,16012.65,70242.48,98834.5,1,2482
2023-06-26 01:00:00,37913.729999999996,46563.96,63455.17,1,1568
2023-06-26 02:00:00,4735.55,21878.98,29590.48,1,851
2023-06-26 03:00:00,2573.09,12336.48,16944.52,1,530
2023-06-26 04:00:00,3823.69,17337.11,23123.06,1,570
2023-06-26 05:00:00,4552.52,21378.49,29468.56,1,766
2023-06-26 06:00:00,9770.64,44429.44,61230.74,1,1821
2023-06-26 07:00:00,13023.78,64979.12,92295.71,1,3202
2023-06-26 08:00:00,15901.56,88418.55,126352.1,1,4704
2023-06-26 09:00:00,17296.6,98871.56,141942.83,1,5051
2023-06-26 10:00:00,16531.53,102415.56,146380.76,1,5615
2023-06-26 11:00:00,40520.17,99515.54,142388.18,1,5113
2023-06-26 12:00:00,18759.96,108751.09,153545.35,1,5371
2023-06-26 13:00:00,28868.92,128529.24,181809.28,1,6259
2023-06-26 14:00:00,22921.07,128506.77,180844.02,1,6026
2023-06-26 15:00:00,22232.35,127950.96,179262.82,1,6152
2023-06-26 16:00:00,22768.96,129419.57,198291.42,1,6215
2023-06-26 17:00:00,41165.56,140825.85,219252.8,1,7125
2023-06-26 18:00:00,23719.38,130996.43,206757.76,1,7077
2023-06-26 19:00:00,20917.34,109616.95,172832.33,1,5989
2023-06-26 20:00:00,20774.6,103027.6,152522.95,1,5203
2023-06-26 21:00:00,19112.75,95161.59,140994.01,1,4856
2023-06-26 22:00:00,20473.05,99722.21,144001.67,1,4527
2023-06-26 23:00:00,16351.71,76169.47,106883.05,1,3026
2023-06-27 00:00:00,8797.13,39775.46,54933.24,1,1562
2023-06-27 01:00:00,6876.7,29671.24,39787.58,1,854
2023-06-27 02:00:00,40175.19,21067.11,27481.84,1,558
2023-06-27 03:00:00,3407.9,14587.77,18808.48,1,350
2023-06-27 04:00:00,3627.1,15318.09,20401.78,1,476
2023-06-27 05:00:00,4862.71,21729.27,30614.07,1,786
2023-06-27 06:00:00,48297.46,38766.4,53685.33,1,1750
2023-06-27 07:00:00,13282.85,67918.13,96903.67,1,3559
2023-06-27 08:00:00,36854.15,100938.73,145320.72,1,5485
2023-06-27 09:00:00,17237.29,106883.36,152351.56,1,5595
2023-06-27 10:00:00,17806.24,110828.92,157445.22,1,5547
2023-06-27 11:00:00,18015.59,115382.33,162915.59,1,5882
2023-06-27 12:00:00,19366.96,123094.63,173749.42,1,6139
2023-06-27 13:00:00,22338.98,131641.06,186370.36,1,6137
2023-06-27 14:00:00,23540.95,138856.57,195365.78,1,6646
2023-06-27 15:00:00,22499.44,135110.63,189725.67,1,6580
2023-06-27 16:00:00,23413.31,136864.18,209602.66,1,6516
2023-06-27 17:00:00,22172.16,138789.9,216354.99,1,7127
2023-06-27 18:00:00,24991.42,147109.12,234487.81,1,8215
2023-06-27 19:00:00,22934.79,125035.46,200697.3,1,7218
2023-06-27 20:00:00,23087.94,116783.88,173963.29,1,6316
2023-06-27 21:00:00,24430.33,129432.21,192006.22,1,7183
2023-06-27 22:00:00,22702.43,114122.35,166338.8,1,5689
2023-06-27 23:00:00,15745.45,75752.8,107746.54,1,3395
2023-06-28 00:00:00,11787.55,50505.44,72804.86,1,2139
2023-06-28 01:00:00,6602.09,29018.96,40188.53,1,1089
2023-06-28 02:00:00,4432.41,19273.91,25941.31,1,632
2023-06-28 03:00:00,1826.76,9571.48,12778.6,1,335
2023-06-28 04:00:00,2879.46,12481.7,16900.59,1,378
2023-06-28 05:00:00,26669.59,18303.84,25721.74,1,673
2023-06-28 06:00:00,7889.68,36873.89,52051.35,1,1712
2023-06-28 07:00:00,11355.77,58797.12,84414.76,1,3160
2023-06-28 08:00:00,14820.64,82496.26,117865.22,1,4306
2023-06-28 09:00:00,14627.8,85455.94,122111.87,1,4553
2023-06-28 10:00:00,16379.45,96228.28,137103.77,1,4937
2023-06-28 11:00:00,16807.38,101297.39,144844.67,1,5183
2023-06-28 12:00:00,18497.61,111421.75,158757.28,1,5763
2023-06-28 13:00:00,20653.47,122950.44,173745.1,1,6098
2023-06-28 14:00:00,32305.12,129131.91,182064.2,1,6216
2023-06-28 15:00:00,33050.23,136938.43,194226.28,1,6715
2023-06-28 16:00:00,61409.65,139615.11,213163.76,1,6476
2023-06-28 17:00:00,24315.72,143439.47,223409.41,1,7454
2023-06-28 18:00:00,26775.76,150894.16,241557.12,1,8407
2023-06-28 19:00:00,22225.3,122025.21,197483.49,1,7250
2023-06-28 20:00:00,22296.03,115541.54,173835.57,1,6360
2023-06-28 21:00:00,23407.57,119791.06,176514.25,1,6184
2023-06-28 22:00:00,22412.0,113030.81,164531.67,1,5486
2023-06-28 23:00:00,20864.97,99902.31,143151.74,1,4466
2023-06-29 00:00:00,13918.36,63412.29,88988.31999999999,1,2696
2023-06-29 01:00:00,6984.02,31323.98,43663.75,1,1391
2023-06-29 02:00:00,2760.07,13519.69,19088.27,1,676
2023-06-29 03:00:00,2230.15,9673.41,13928.06,1,431
2023-06-29 04:00:00,231386.91999999998,16410.33,22728.27,1,505
2023-06-29 05:00:00,5749.55,24662.0,34258.87,1,818
2023-06-29 06:00:00,8778.22,39612.67,54465.1,1,1763
2023-06-29 07:00:00,11916.05,60694.06,86675.19,1,3151
2023-06-29 08:00:00,199971.99000000002,84227.4,120619.21,1,4601
2023-06-29 09:00:00,15499.05,93045.4,132482.42,1,4902
2023-06-29 10:00:00,15391.67,95168.44,134772.9,1,4979
2023-06-29 11:00:00,17391.8,107534.73,152274.39,1,5400
2023-06-29 12:00:00,19713.66,118220.76,166156.1,1,5766
2023-06-29 13:00:00,20901.81,127545.39,178521.37,1,5965
2023-06-29 14:00:00,21594.74,139032.66,192691.88,1,6072
2023-06-29 15:00:00,33489.5,149744.07,206222.63,1,6149
2023-06-29 16:00:00,22850.8,145301.17,213109.69,1,5693
2023-06-29 17:00:00,61030.86,149047.84,226237.42,1,6729
2023-06-29 18:00:00,23223.1,145225.32,225745.7,1,7578
2023-06-29 19:00:00,22558.2,126976.11,199335.75,1,6879
2023-06-29 20:00:00,22140.25,120909.05,178526.58,1,6106
2023-06-29 21:00:00,23359.56,123116.38,181493.25,1,6298
2023-06-29 22:00:00,21764.13,114778.45,167864.0,1,5909
2023-06-29 23:00:00,22181.95,106042.47,152481.5,1,4877
2023-06-30 00:00:00,13966.2,67089.59,96345.31,1,3258
2023-06-30 01:00:00,8144.92,39278.54,56273.909999999996,1,2026
2023-06-30 02:00:00,4692.09,23774.19,34013.04,1,1226
2023-06-30 03:00:00,3557.97,16725.56,23376.2,1,780
2023-06-30 04:00:00,4616.87,20245.26,27884.82,1,685
2023-06-30 05:00:00,5015.25,22202.07,30918.8,1,745
2023-06-30 06:00:00,8951.97,41723.72,57471.18,1,1647
2023-06-30 07:00:00,10719.89,51910.19,73678.27,1,2566
2023-06-30 08:00:00,12305.73,65331.87,93595.96,1,3428
2023-06-30 09:00:00,13557.21,75805.88,108540.52,1,4043
2023-06-30 10:00:00,15346.45,85986.21,122877.71,1,4479
2023-06-30 11:00:00,16420.48,93049.64,132069.09,1,4773
2023-06-30 12:00:00,17573.56,100559.62,143190.99,1,5239
2023-06-30 13:00:00,20929.47,116226.08,163151.03,1,5540
2023-06-30 14:00:00,22482.42,125646.39,177082.45,1,6083
2023-06-30 15:00:00,23143.51,129639.8,182404.56,1,6222
2023-06-30 16:00:00,21612.04,121114.68,185899.05,1,5935
2023-06-30 17:00:00,21533.39,120137.05,186735.58,1,6177
2023-06-30 18:00:00,38028.86,112498.86,177403.65,1,6134
2023-06-30 19:00:00,28632.399999999998,102503.03,159840.33,1,5494
2023-06-30 20:00:00,17134.67,88804.19,129007.65,1,4494
2023-06-30 21:00:00,16445.99,89223.14,130772.21,1,4760
2023-06-30 22:00:00,17527.13,94468.63,139118.72,1,4909
2023-06-30 23:00:00,39394.19,94235.3,135857.24,1,4577
2023-07-01 00:00:00,109.85,460.8,619.0,1,16
2023-06-30 14:00:00,3.8899999999999997,32.8,54.27,1,3
2023-06-30 15:00:00,4.23,32.8,60.6,1,3
2023-06-30 16:00:00,0.61,6.5,13.22,1,1
2023-06-30 21:00:00,9.99,70.0,116.86,1,7
2023-06-30 23:00:00,101.53,490.8,759.67,2,27
2023-07-01 00:00:00,14726.45,73353.49,106858.13,1,3882
2023-07-01 01:00:00,10966.01,56529.86,83154.26,1,3278
2023-07-01 02:00:00,8274.53,41989.27,61128.09,1,2408
2023-07-01 03:00:00,6162.65,30759.22,44234.71,1,1717
2023-07-01 04:00:00,5080.7,23768.11,33446.45,1,1028
2023-07-01 05:00:00,3277.43,14455.87,19883.47,1,502
2023-07-01 06:00:00,5163.58,23341.05,31853.53,1,892
2023-07-01 07:00:00,5986.65,27568.99,38644.1,1,1189
2023-07-01 08:00:00,8143.03,38149.96,53305.99,1,1798
2023-07-01 09:00:00,10382.68,51335.01,73241.68,1,2702
2023-07-01 10:00:00,11725.59,61047.35,87950.2,1,3364
2023-07-01 11:00:00,12687.95,69654.01,100003.44,1,3947
2023-07-01 12:00:00,14189.51,77839.73,111141.23,1,4412
2023-07-01 13:00:00,16127.65,89475.11,125885.12,1,4620
2023-07-01 14:00:00,18638.0,96687.13,135370.15,2,4586
2023-07-01 15:00:00,18656.55,98561.07,136560.56,2,4716
2023-07-01 16:00:00,18855.75,101873.44,142280.06,2,5009
2023-07-01 17:00:00,43274.81,96675.89,135465.97,2,5037
2023-07-01 18:00:00,16532.22,92113.26,129614.62,2,4974
2023-07-01 19:00:00,15115.43,85889.63,121258.37,2,4887
2023-07-01 20:00:00,14188.82,73680.03,106589.06999999999,2,3869
2023-07-01 21:00:00,14743.65,76715.74,111496.01,2,4023
2023-07-01 22:00:00,15609.62,82664.01,119483.8,2,4283
2023-07-01 23:00:00,17266.71,85427.06,121944.9,2,4123
2023-07-02 00:00:00,11874.92,59322.4,86495.78,2,3226
2023-07-02 01:00:00,8777.95,44179.41,64539.97,1,2567
2023-07-02 02:00:00,7702.83,38732.72,56101.54,1,2214
2023-07-02 03:00:00,5481.97,26864.32,38897.12,1,1536
2023-07-02 04:00:00,3724.11,17632.18,24538.23,1,856
2023-07-02 05:00:00,2881.36,12910.08,17460.78,1,416
2023-07-02 06:00:00,4129.44,18181.22,24270.9,1,651
2023-07-02 07:00:00,5247.42,23245.92,31328.32,1,887
2023-07-02 08:00:00,7804.12,34423.59,46852.31,1,1386
2023-07-02 09:00:00,9155.79,43028.92,59511.72,1,2131
2023-07-02 10:00:00,10383.4,52021.28,74005.04,1,2886
2023-07-02 11:00:00,11885.3,61025.1,87754.0,2,3507
2023-07-02 12:00:00,14018.05,73415.32,105070.67,2,3981
2023-07-02 13:00:00,15828.44,84303.55,119428.63,2,4370
2023-07-02 14:00:00,17960.87,94512.42,132238.26,2,4632
2023-07-02 15:00:00,16692.2,87895.83,122540.77,2,4212
2023-07-02 16:00:00,17523.48,90606.46,126068.34,2,4330
2023-07-02 17:00:00,17478.23,97705.56,137647.74,2,5237
2023-07-02 18:00:00,32388.75,83686.15,117083.51,2,4306
2023-07-02 19:00:00,13255.64,68486.26,96502.65,2,3565
2023-07-02 20:00:00,12860.88,63469.02,92870.41,2,3164
2023-07-02 21:00:00,12930.13,63932.34,93446.5,2,3244
2023-07-02 22:00:00,13228.27,63073.79,91562.93,1,3027
2023-07-02 23:00:00,12251.7,55545.11,77006.34,1,2153
2023-07-03 00:00:00,8445.1,37559.14,52162.7,1,1571
2023-07-03 01:00:00,5705.92,24918.71,33552.24,1,861
2023-07-03 02:00:00,2614.34,11115.36,15162.59,1,498
2023-07-03 03:00:00,1327.89,6418.58,8943.24,2,303
2023-07-03 04:00:00,1794.6,8082.6,11103.5,1,284
2023-07-03 05:00:00,2718.14,12024.4,16169.38,1,399
2023-07-03 06:00:00,4890.6,21900.08,29481.079999999998,1,916
2023-07-03 07:00:00,21895.8,30732.5,42643.94,1,1468
2023-07-03 08:00:00,8222.47,39296.94,55691.57,1,1968
2023-07-03 09:00:00,21792.6,45488.52,64527.96,1,2514
2023-07-03 10:00:00,11273.02,58386.09,82506.3,1,3107
2023-07-03 11:00:00,31358.71,61565.22,87785.47,1,3420
2023-07-03 12:00:00,14154.45,74264.46,105230.72,1,4053
2023-07-03 13:00:00,14891.14,78597.51,110948.8,1,4234
2023-07-03 14:00:00,16965.84,88808.67,124888.49,1,4702
2023-07-03 15:00:00,18709.29,95776.17,133628.25,1,4773
2023-07-03 16:00:00,18771.16,96298.43,146688.27,1,4657
2023-07-03 17:00:00,21450.79,83879.59,129602.22,2,4361
2023-07-03 18:00:00,15757.54,82008.79,128720.12,2,4513
2023-07-03 19:00:00,13436.35,67280.63,106018.95,2,3792
2023-07-03 20:00:00,13226.5,66654.32,98404.05,2,3603
2023-07-03 21:00:00,11495.02,58865.31,86055.57,2,3234
2023-07-03 22:00:00,11621.41,56153.63,81222.89,2,2838
2023-07-03 23:00:00,12362.23,56896.08,79975.17,2,2476
2023-07-04 00:00:00,9391.95,43114.6,60499.2,1,1957
2023-07-04 01:00:00,5234.26,25328.82,35982.26,1,1328
2023-07-04 02:00:00,2758.5299999999997,13068.74,18753.94,1,725
2023-07-04 03:00:00,1684.72,7802.81,11268.91,2,433
2023-07-04 04:00:00,1787.64,7899.66,10801.34,1,310
2023-07-04 05:00:00,2291.52,9873.81,13226.91,1,296
2023-07-04 06:00:00,4085.59,17374.65,23541.77,1,576
2023-07-04 07:00:00,4087.48,18331.22,24990.13,1,700
2023-07-04 08:00:00,4945.3,22299.95,31197.27,1,955
2023-07-04 09:00:00,7322.71,33276.96,46971.31,1,1528
2023-07-04 10:00:00,8978.26,44684.45,64018.06,2,2419
2023-07-04 11:00:00,11334.59,58897.6,85442.28,2,3681
2023-07-04 12:00:00,27925.88,51765.08,74125.72,2,2753
2023-07-04 13:00:00,36316.39,61513.45,87826.29,2,3125
2023-07-04 14:00:00,17815.95,86337.39,121215.48,2,4260
2023-07-04 15:00:00,15218.36,75898.08,106061.53,2,3547
2023-07-04 16:00:00,17057.8,83169.55,115579.64,2,3707
2023-07-04 17:00:00,15227.31,75752.44,106981.7,2,3637
2023-07-04 18:00:00,16488.72,81954.19,116673.11,2,3924
2023-07-04 19:00:00,15556.19,76524.98,107715.19,2,3608
2023-07-04 20:00:00,15923.63,78788.42,113379.12,2,3527
2023-07-04 21:00:00,14442.18,73009.83,105149.2,2,3370
2023-07-04 22:00:00,17172.49,89503.6,126098.65,2,3863
2023-07-04 23:00:00,15695.91,76614.35,107560.26,1,3234
2023-07-05 00:00:00,11007.16,49270.29,66782.13,1,1800
2023-07-05 01:00:00,4603.89,20245.81,27430.66,1,859
2023-07-05 02:00:00,1999.01,9364.04,12922.2,1,429
2023-07-05 03:00:00,1445.55,6483.87,8744.59,2,275
2023-07-05 04:00:00,1951.05,8659.78,11642.15,1,287
2023-07-05 05:00:00,3296.1,14873.05,20067.96,1,538
2023-07-05 06:00:00,7507.01,33917.54,46194.76,1,1456
2023-07-05 07:00:00,10646.13,51711.3,72562.47,1,2603
2023-07-05 08:00:00,13248.58,71028.28,101756.54,1,3831
2023-07-05 09:00:00,14330.98,78997.68,113414.16,1,4383
2023-07-05 10:00:00,15449.03,82241.43,116966.9,1,4431
2023-07-05 11:00:00,14650.7,84897.89,120757.68,1,4657
2023-07-05 12:00:00,16501.72,95294.42,135281.81,1,5012
2023-07-05 13:00:00,17402.74,100022.74,141705.58,1,5361
2023-07-05 14:00:00,20164.08,110967.24,155987.16,1,5513
2023-07-05 15:00:00,20680.99,113185.48,159335.51,1,5702
2023-07-05 16:00:00,22047.01,120353.89,183247.9,1,5797
2023-07-05 17:00:00,20466.78,113772.33,177326.06,1,5976
2023-07-05 18:00:00,20034.98,108008.44,170932.06,1,5971
2023-07-05 19:00:00,17952.9,92326.81,146643.57,1,5067
2023-07-05 20:00:00,17804.73,87763.34,130354.36,1,4389
2023-07-05 21:00:00,15907.4,80867.3,119136.99,1,4281
2023-07-05 22:00:00,15092.56,74834.8,108188.75,1,3662
2023-07-05 23:00:00,13878.99,63766.75,88756.91,1,2577
2023-07-06 00:00:00,8426.66,37393.99,52194.7,1,1545
2023-07-06 01:00:00,3993.57,17943.0,25288.5,1,746
2023-07-06 02:00:00,2615.29,10956.28,15280.27,1,467
2023-07-06 03:00:00,1317.62,5457.04,7433.22,1,253
2023-07-06 04:00:00,1364.09,6189.69,8486.24,1,240
2023-07-06 05:00:00,3477.0,15176.56,20346.78,1,549
2023-07-06 06:00:00,7315.9800000000005,33529.2,46005.33,1,1517
2023-07-06 07:00:00,9531.68,48818.04,68998.06999999999,1,2641
2023-07-06 08:00:00,12056.79,70048.0,100667.76,1,4039
2023-07-06 09:00:00,13837.37,83823.15,119489.71,1,4633
2023-07-06 10:00:00,14567.76,91266.94,128703.86,1,4891
2023-07-06 11:00:00,15653.67,99331.48,139211.25,1,5143
2023-07-06 12:00:00,94644.94,104521.25,147232.4,1,5591
2023-07-06 13:00:00,18796.28,111732.1,157665.34,1,5778
2023-07-06 14:00:00,40753.36,121119.16,170505.99,1,6027
2023-07-06 15:00:00,30090.97,120162.97,168031.97,1,5887
2023-07-06 16:00:00,21284.5,125906.04,190547.19,1,5891
2023-07-06 17:00:00,20619.71,121333.68,188789.71,1,6312
2023-07-06 18:00:00,20741.68,121152.96,191759.53,1,6668
2023-07-06 19:00:00,18933.41,104122.07,163639.7,1,5692
2023-07-06 20:00:00,17813.13,92514.11,136756.19,1,4930
2023-07-06 21:00:00,19202.85,97513.52,143159.0,1,5158
2023-07-06 22:00:00,19316.16,98054.93,142630.49,1,4941
2023-07-06 23:00:00,14550.64,71786.71,104379.16,1,3516
2023-07-07 00:00:00,9370.62,44787.09,64169.01,1,2231
2023-07-07 01:00:00,4763.15,23822.47,34277.04,1,1317
2023-07-07 02:00:00,2571.94,13150.65,19189.45,1,777
2023-07-07 03:00:00,2331.14,9641.48,13555.1,1,469
2023-07-07 04:00:00,2459.2599999999998,10256.64,13974.55,1,400
2023-07-07 05:00:00,3589.91,15869.25,21806.81,1,574
2023-07-07 06:00:00,6187.02,29324.89,40210.19,1,1307
2023-07-07 07:00:00,9111.47,44265.29,62180.409999999996,1,2233
2023-07-07 08:00:00,11155.29,59312.45,84985.39,1,3347
2023-07-07 09:00:00,12192.17,69609.76,100109.51,1,3915
2023-07-07 10:00:00,13661.23,77844.57,111364.42,1,4297
2023-07-07 11:00:00,202077.04,90409.22,127646.76,1,4748
2023-07-07 12:00:00,16742.58,97372.8,137387.67,1,5053
2023-07-07 13:00:00,19733.34,108652.65,152859.17,1,5341
2023-07-07 14:00:00,19281.86,111274.5,156226.97,1,5639
2023-07-07 15:00:00,28943.51,110495.18,155015.05,1,5636
2023-07-07 16:00:00,18702.19,109210.11,167817.01,1,5585
2023-07-07 17:00:00,20972.43,118150.89,183329.99,1,6060
2023-07-07 18:00:00,19053.63,106542.65,169446.05,1,6133
2023-07-07 19:00:00,36724.11,96864.18,154060.89,1,5652
2023-07-07 20:00:00,17217.86,89268.65,132279.42,1,4746
2023-07-07 21:00:00,17018.2,92807.86,136378.72,1,4914
2023-07-07 22:00:00,18337.85,99869.46,145925.54,1,5190
2023-07-07 23:00:00,18296.06,98981.53,143847.05,1,4980
2023-07-08 00:00:00,16574.89,84589.44,122438.22,1,4323
2023-07-08 01:00:00,11794.5,62728.33,92929.0,1,3688
2023-07-08 02:00:00,8126.25,43850.48,64864.57,1,2715
2023-07-08 03:00:00,5731.74,30371.59,44469.19,2,1793
2023-07-08 04:00:00,4210.74,20187.96,28160.19,1,974
2023-07-08 05:00:00,3397.31,15228.87,20585.34,1,501
2023-07-08 06:00:00,66017.6,19283.65,26264.9,1,755
2023-07-08 07:00:00,6158.58,27325.02,37703.83,1,1153
2023-07-08 08:00:00,44392.23,35304.83,49614.77,1,1771
2023-07-08 09:00:00,9805.16,49421.93,70348.49,1,2652
2023-07-08 10:00:00,12316.34,65025.07,94197.43,1,3664
2023-07-08 11:00:00,13807.14,76971.87,110605.87,1,4454
2023-07-08 12:00:00,15269.14,86255.55,123405.34,1,4853
2023-07-08 13:00:00,16265.36,92038.48,129599.85,2,4905
2023-07-08 14:00:00,19099.49,102422.92,144678.64,2,5090
2023-07-08 15:00:00,19135.25,104670.56,146200.71,1,5233
2023-07-08 16:00:00,20944.46,113975.38,159354.3,2,5542
2023-07-08 17:00:00,19110.13,107978.41,151874.52,1,5596
2023-07-08 18:00:00,18465.01,106385.76,149866.67,2,5827
2023-07-08 19:00:00,36241.62,106382.4,149791.13999999998,2,5636
2023-07-08 20:00:00,16436.86,87770.9,129277.66,2,4659
2023-07-08 21:00:00,17273.59,89570.87,131998.72,2,4760
2023-07-08 22:00:00,19147.32,100510.6,146572.71,2,5176
2023-07-08 23:00:00,19568.26,102149.49,148337.78,2,5134
2023-07-09 00:00:00,16929.5,85740.44,125462.11,1,4477
2023-07-09 01:00:00,11752.24,62927.13,93429.52,1,3849
2023-07-09 02:00:00,200810.25,47185.34,70497.25,1,2965
2023-07-09 03:00:00,6858.96,34393.33,50034.39,1,1942
2023-07-09 04:00:00,4301.36,20881.93,29414.6,1,1039
2023-07-09 05:00:00,3337.56,14828.34,19968.41,1,480
2023-07-09 06:00:00,5263.72,22653.9,30044.22,1,696
2023-07-09 07:00:00,6072.07,27846.11,37794.909999999996,1,1035
2023-07-09 08:00:00,8303.96,37867.42,51947.1,1,1624
2023-07-09 09:00:00,20373.68,50928.36,71881.1,1,2493
2023-07-09 10:00:00,12724.01,63013.58,90335.44,1,3358
2023-07-09 11:00:00,14251.28,72357.8,103446.93,1,3870
2023-07-09 12:00:00,16740.18,86229.96,123379.06999999999,1,4437
2023-07-09 13:00:00,16456.51,87127.61,122403.96,1,4374
2023-07-09 14:00:00,17768.34,93176.36,131641.65,1,4608
2023-07-09 15:00:00,19556.14,103311.2,145371.72,1,5014
2023-07-09 16:00:00,20150.16,106980.32,148896.66,1,4877
2023-07-09 17:00:00,19806.17,103624.44,143887.37,1,4705
2023-07-09 18:00:00,19274.63,104495.85,146648.48,1,5468
2023-07-09 19:00:00,18547.42,95861.09,134637.42,1,4807
2023-07-09 20:00:00,15562.07,80533.31,118185.76,1,4194
2023-07-09 21:00:00,15582.36,79060.67,114699.23,1,4002
2023-07-09 22:00:00,14651.37,70555.73,101181.08,1,3034
2023-07-09 23:00:00,15589.37,68267.57,94671.35,1,2276
2023-07-10 00:00:00,9556.92,42205.47,58799.09,1,1356
2023-07-10 01:00:00,5117.46,21648.35,29284.75,1,696
2023-07-10 02:00:00,2716.79,12178.96,16271.65,1,404
2023-07-10 03:00:00,2082.15,8940.62,12110.77,1,284
2023-07-10 04:00:00,2565.41,10979.83,14881.99,1,319
2023-07-10 05:00:00,3855.89,16951.25,23286.47,1,613
2023-07-10 06:00:00,7578.02,35727.1,49203.72,1,1590
2023-07-10 07:00:00,11897.0,58435.75,82338.46,1,2854
2023-07-10 08:00:00,15632.64,87803.72,125898.04,1,4692
2023-07-10 09:00:00,15299.81,89433.98,127771.73,1,4815
2023-07-10 10:00:00,16437.26,91495.66,130031.84,1,4647
2023-07-10 11:00:00,17638.86,98744.83,140370.54,1,4797
2023-07-10 12:00:00,30253.86,94245.66,133248.11,1,4883
2023-07-10 13:00:00,18167.8,101051.47,144024.76,1,5156
2023-07-10 14:00:00,20689.39,112492.54,159201.65,1,5450
2023-07-10 15:00:00,22994.36,122506.38,171982.32,1,5634
2023-07-10 16:00:00,24290.74,128823.36,197389.41,1,5938
2023-07-10 17:00:00,41448.51,119754.76,188369.37,1,6109
2023-07-10 18:00:00,22710.9,119947.19,191799.78,1,6574
2023-07-10 19:00:00,20883.21,106428.63,169695.44,1,5815
2023-07-10 20:00:00,18236.62,90997.33,135615.4,1,4770
2023-07-10 21:00:00,21360.07,102896.13,151967.66,1,4831
2023-07-10 22:00:00,17804.6,83978.53,123133.89,1,3977
2023-07-10 23:00:00,13654.95,61858.73,88385.5,1,2504
2023-07-11 00:00:00,8595.64,38297.13,53241.01,1,1460
2023-07-11 01:00:00,4664.78,20346.18,27384.41,1,723
2023-07-11 02:00:00,2609.14,11382.66,15181.88,1,422
2023-07-11 03:00:00,1773.48,7985.5,10525.98,1,272
2023-07-11 04:00:00,2430.12,10396.35,13824.58,1,296
2023-07-11 05:00:00,4128.16,18089.98,25024.55,1,654
2023-07-11 06:00:00,19482.43,36110.45,49842.04,1,1661
2023-07-11 07:00:00,11854.3,60864.34,86997.14,1,3275
2023-07-11 08:00:00,16622.8,94478.72,135096.96,1,4905
2023-07-11 09:00:00,16118.539999999999,99015.2,140889.31,1,5086
2023-07-11 10:00:00,16284.88,99907.19,142584.95,1,5128
2023-07-11 11:00:00,17181.81,108407.89,153187.19,1,5389
2023-07-11 12:00:00,18482.01,113958.65,161255.47,1,5702
2023-07-11 13:00:00,19380.02,117783.39,166247.6,1,5904
2023-07-11 14:00:00,20433.3,122426.13,173271.03,1,6254
2023-07-11 15:00:00,39055.57,132095.16,186217.39,1,6465
2023-07-11 16:00:00,22538.32,133834.61,205499.54,1,6470
2023-07-11 17:00:00,22355.86,137121.25,215066.18,1,7168
2023-07-11 18:00:00,23712.13,141032.76,225398.81,1,8013
2023-07-11 19:00:00,21924.42,117640.18,187342.03,1,6570
2023-07-11 20:00:00,21190.78,110240.93,165595.17,1,6028
2023-07-11 21:00:00,23125.1,118304.15,175749.69,1,6363
2023-07-11 22:00:00,22445.18,111452.96,164442.76,1,5718
2023-07-11 23:00:00,15924.25,77687.26,112750.39,1,3678
2023-07-12 00:00:00,8470.72,39769.92,56863.79,1,1869
2023-07-12 01:00:00,4191.94,19536.04,27321.26,1,927
2023-07-12 02:00:00,1958.01,9784.5,13566.33,1,479
2023-07-12 03:00:00,1808.97,8071.05,10950.93,1,321
2023-07-12 04:00:00,2080.25,9147.82,12494.68,1,314
2023-07-12 05:00:00,3740.36,16365.87,22871.22,1,623
2023-07-12 06:00:00,7044.36,34099.55,47550.14,1,1711
2023-07-12 07:00:00,40838.61,59350.64,85810.6,1,3404
2023-07-12 08:00:00,14983.82,88808.23,128064.19,1,5026
2023-07-12 09:00:00,15443.49,95109.87,137607.88,1,5389
2023-07-12 10:00:00,16903.37,102390.78,145889.79,1,5519
2023-07-12 11:00:00,17341.28,109881.29,155689.96,1,5896
2023-07-12 12:00:00,18784.17,119701.25,169721.6,1,6259
2023-07-12 13:00:00,18936.43,123450.34,174550.63,1,6290
2023-07-12 14:00:00,21162.17,130917.37,184347.37,1,6452
2023-07-12 15:00:00,41649.37,134926.23,189487.01,1,6535
2023-07-12 16:00:00,22286.26,140180.61,215232.01,1,6824
2023-07-12 17:00:00,22513.71,150351.14,231700.3,1,7504
2023-07-12 18:00:00,23318.72,146585.56,232388.49,1,8132
2023-07-12 19:00:00,23910.66,136122.79,216671.71,1,7451
2023-07-12 20:00:00,20320.1,113859.5,170062.71,1,6238
2023-07-12 21:00:00,52954.16,120208.1,179627.6,1,6614
2023-07-12 22:00:00,21857.22,114959.82,169274.41,1,6075
2023-07-12 23:00:00,18731.32,92169.03,132644.23,1,4418
2023-07-13 00:00:00,8497.89,42282.48,61577.47,1,2241
2023-07-13 01:00:00,5144.77,24729.63,35026.92,1,1210
2023-07-13 02:00:00,1937.9,9428.29,13698.86,1,568
2023-07-13 03:00:00,1601.1,7281.49,10379.71,1,386
2023-07-13 04:00:00,2300.95,10381.72,14419.67,1,368
2023-07-13 05:00:00,4235.81,19017.4,26353.23,1,667
2023-07-13 06:00:00,7635.26,35819.73,50080.56,1,1759
2023-07-13 07:00:00,12356.4,64759.43,92103.13,1,3397
2023-07-13 08:00:00,15596.15,93343.22,133464.51,1,5091
2023-07-13 09:00:00,15898.8,99706.96,142082.11,1,5374
2023-07-13 10:00:00,15333.17,99516.14,141751.75,1,5365
2023-07-13 11:00:00,17943.38,116006.67,163245.97,1,5778
2023-07-13 12:00:00,18982.2,121599.08,171953.31,1,6206
2023-07-13 13:00:00,20454.59,125486.69,178292.51,1,6343
2023-07-13 14:00:00,22560.7,135983.49,192088.22,1,6750
2023-07-13 15:00:00,43220.78,143148.46,201663.03,1,6877
2023-07-13 16:00:00,21464.78,138823.13,212219.73,1,6667
2023-07-13 17:00:00,24146.86,153709.06,237339.07,1,7619
2023-07-13 18:00:00,25671.64,155751.19,246982.5,1,8687
2023-07-13 19:00:00,32873.19,130329.4,207723.34,1,7391
2023-07-13 20:00:00,20343.77,113177.46,169730.32,1,6282
2023-07-13 21:00:00,22496.88,122241.85,181749.72,1,6709
2023-07-13 22:00:00,22474.18,120040.44,176444.18,1,6318
2023-07-13 23:00:00,18978.14,97420.03,142563.96,1,4937
2023-07-14 00:00:00,12165.39,60897.25,88532.73,1,3138
2023-07-14 01:00:00,7120.33,35659.32,51239.43,1,1786
2023-07-14 02:00:00,4392.58,21629.99,30636.7,1,1134
2023-07-14 03:00:00,3085.45,14479.86,20360.07,1,667
2023-07-14 04:00:00,3349.52,15471.76,21196.96,1,528
2023-07-14 05:00:00,4320.59,19177.06,26983.87,1,726
2023-07-14 06:00:00,7112.42,33648.89,46735.92,1,1485
2023-07-14 07:00:00,10223.27,53393.65,77064.99,1,3010
2023-07-14 08:00:00,11071.38,63424.02,90603.3,1,3629
2023-07-14 09:00:00,13075.94,76060.57,107661.04,1,3970
2023-07-14 10:00:00,14820.24,84591.83,120767.0,1,4437
2023-07-14 11:00:00,16027.71,92684.06,131277.76,1,4692
2023-07-14 12:00:00,18332.05,104570.16,148413.3,1,5136
2023-07-14 13:00:00,26326.45,109570.36,155467.92,1,5613
2023-07-14 14:00:00,21455.4,122695.08,171968.52,1,5707
2023-07-14 15:00:00,31712.58,126633.89,176301.88999999998,1,5794
2023-07-14 16:00:00,21890.51,126899.29,194376.21,1,6083
2023-07-14 17:00:00,21390.7,127349.69,200603.81,1,6878
2023-07-14 18:00:00,21208.3,128968.41,204698.56,1,7388
2023-07-14 19:00:00,18788.58,107606.8,169229.89,1,5953
2023-07-14 20:00:00,37904.549999999996,89452.27,131854.07,1,4822
2023-07-14 21:00:00,17467.15,95255.81,140010.67,1,5060
2023-07-14 22:00:00,19303.1,105908.63,155858.94,2,5678
2023-07-14 23:00:00,20869.43,111780.14,161943.15,1,5782
2023-07-15 00:00:00,17823.9,91736.72,133431.95,1,4607
2023-07-15 01:00:00,14028.52,73078.61,106296.02,1,3849
2023-07-15 02:00:00,10981.77,55319.15,79780.93,1,2996
2023-07-15 03:00:00,6675.27,34029.4,49275.08,1,1887
2023-07-15 04:00:00,4118.69,20366.25,28354.51,1,980
2023-07-15 05:00:00,3288.09,15151.55,20790.95,1,513
2023-07-15 06:00:00,5461.82,23245.39,31415.8,1,903
2023-07-15 07:00:00,154581.65000000002,28356.66,39325.29,1,1265
2023-07-15 08:00:00,7799.47,37605.95,53086.48,1,1971
2023-07-15 09:00:00,11508.58,57707.44,81480.54,1,3101
2023-07-15 10:00:00,13664.68,72342.67,104245.6,1,4077
2023-07-15 11:00:00,15188.53,84644.09,120711.84,1,4721
2023-07-15 12:00:00,16322.97,94522.02,133880.54,1,5283
2023-07-15 13:00:00,19623.09,111666.86,157913.85,1,5943
2023-07-15 14:00:00,21117.37,116966.5,163625.84,1,5748
2023-07-15 15:00:00,20623.53,115024.19,160567.9,2,5734
2023-07-15 16:00:00,22097.63,123506.49,173137.69,2,6155
2023-07-15 17:00:00,20611.57,125072.34,175889.88,2,6880
2023-07-15 18:00:00,19899.12,122901.63,172308.36,2,6705
2023-07-15 19:00:00,20131.59,128988.01,182486.96,2,7381
2023-07-15 20:00:00,17570.48,98714.36,142489.53,2,4988
2023-07-15 21:00:00,17939.79,97179.07,140337.76,2,4900
2023-07-15 22:00:00,18541.0,103166.7,149457.93,2,5341
2023-07-15 23:00:00,19581.6,105240.97,151272.87,2,5193
2023-07-16 00:00:00,18745.65,97031.57,139331.06,2,4882
2023-07-16 01:00:00,13405.91,69735.99,102380.71,1,4001
2023-07-16 02:00:00,10270.41,53560.86,77832.73,1,3101
2023-07-16 03:00:00,6774.16,35511.47,51586.86,2,2008
2023-07-16 04:00:00,4876.36,23818.19,33586.49,1,1119
2023-07-16 05:00:00,3398.32,15242.67,20394.7,1,497
2023-07-16 06:00:00,5063.9,21864.19,29509.39,1,791
2023-07-16 07:00:00,6144.38,27231.44,36789.43,1,1079
2023-07-16 08:00:00,8041.27,37350.08,51392.74,1,1729
2023-07-16 09:00:00,11068.72,53167.94,74649.61,1,2671
2023-07-16 10:00:00,11845.7,61931.76,89148.72,1,3431
2023-07-16 11:00:00,14669.97,77756.88,110159.73,1,3989
2023-07-16 12:00:00,18768.91,109153.39,154293.85,1,5510
2023-07-16 13:00:00,17177.16,94983.58,133643.69,1,4532
2023-07-16 14:00:00,19310.02,103178.7,144150.88999999998,1,4636
2023-07-16 15:00:00,139989.24,106394.22,149679.41,1,4898
2023-07-16 16:00:00,18580.44,103260.07,145520.68,1,4949
2023-07-16 17:00:00,20494.46,104417.82,146002.76,1,4895
2023-07-16 18:00:00,21111.89,111233.61,156947.63999999998,1,5178
2023-07-16 19:00:00,18387.43,92448.59,130812.79,1,4386
2023-07-16 20:00:00,16598.42,81383.94,117817.62,1,3717
2023-07-16 21:00:00,16188.46,79711.35,114672.95,1,3617
2023-07-16 22:00:00,146725.34000000003,70941.42,100826.3,1,2882
2023-07-16 23:00:00,15136.35,66357.46,92893.06999999999,1,2348
2023-07-17 00:00:00,10866.15,47661.41,64972.61,1,1458
2023-07-17 01:00:00,6705.73,28398.96,38670.3,1,916
2023-07-17 02:00:00,3771.68,15440.24,20545.3,1,450
2023-07-17 03:00:00,2468.07,9816.02,13008.76,1,348
2023-07-17 04:00:00,2861.52,12569.01,16842.44,1,352
2023-07-17 05:00:00,4069.82,18294.64,25104.72,1,640
2023-07-17 06:00:00,7750.75,35977.42,49603.77,1,1633
2023-07-17 07:00:00,12053.92,60718.85,86315.67,1,3130
2023-07-17 08:00:00,16302.76,90771.97,129041.06999999999,1,4643
2023-07-17 09:00:00,30356.27,88582.73,126723.36,1,4640
2023-07-17 10:00:00,16193.91,94086.76,133045.08,1,4726
2023-07-17 11:00:00,18586.52,106773.15,151177.13,1,5106
2023-07-17 12:00:00,18397.47,106737.48,150509.59,1,5337
2023-07-17 13:00:00,20314.29,114693.73,162553.35,1,5663
2023-07-17 14:00:00,21295.86,120838.31,169843.02,1,5890
2023-07-17 15:00:00,43266.67,130422.27,183840.65,1,6079
2023-07-17 16:00:00,26646.02,132409.46,201824.07,1,6172
2023-07-17 17:00:00,24129.94,132645.59,205847.73,1,6557
2023-07-17 18:00:00,23603.1,129277.24,205017.54,1,6925
2023-07-17 19:00:00,19254.18,101983.93,163099.04,1,5790
2023-07-17 20:00:00,20067.63,98467.32,147372.44,1,5189
2023-07-17 21:00:00,20316.11,101405.53,151609.71,1,5180
2023-07-17 22:00:00,18811.67,89472.75,130234.07,1,4205
2023-07-17 23:00:00,16466.53,73352.73,102148.35,1,2753
2023-07-18 00:00:00,9507.56,42176.1,59418.58,1,1617
2023-07-18 01:00:00,4740.36,20678.46,28031.43,1,725
2023-07-18 02:00:00,4043.88,15937.9,20980.09,1,507
2023-07-18 03:00:00,1663.49,7841.16,10343.539999999999,1,244
2023-07-18 04:00:00,2323.11,9788.94,13000.47,1,272
2023-07-18 05:00:00,3917.07,17650.42,24523.59,1,648
2023-07-18 06:00:00,7430.92,34674.66,48428.45,1,1699
2023-07-18 07:00:00,11990.26,63447.96,91527.56,1,3522
2023-07-18 08:00:00,16379.74,99576.27,141499.04,1,5285
2023-07-18 09:00:00,16956.72,107381.4,152250.58,1,5430
2023-07-18 10:00:00,16489.72,103592.92,146878.24,1,5409
2023-07-18 11:00:00,18451.99,117648.05,166519.83,1,5929
2023-07-18 12:00:00,18983.11,133047.77,187638.3,1,7012
2023-07-18 13:00:00,17148.51,111308.76,155515.78,1,5530
2023-07-18 14:00:00,19170.41,121120.51,170946.41,1,5954
2023-07-18 15:00:00,48602.26,122567.79,172647.23,1,6295
2023-07-18 16:00:00,19786.88,123145.51,189963.6,1,6229
2023-07-18 17:00:00,21941.86,133963.98,207908.5,1,6789
2023-07-18 18:00:00,22369.08,135122.39,216271.35,1,7680
2023-07-18 19:00:00,22833.39,124064.79,197299.03,1,6838
2023-07-18 20:00:00,21980.88,113152.18,170218.84,1,6111
2023-07-18 21:00:00,24013.13,125213.11,186827.55,1,6704
2023-07-18 22:00:00,24321.85,121351.51,179153.79,1,6100
2023-07-18 23:00:00,17455.11,84586.7,121995.98,1,3844
2023-07-19 00:00:00,11829.75,54780.4,77188.7,1,2209
2023-07-19 01:00:00,6233.21,27385.39,37373.45,1,1018
2023-07-19 02:00:00,2925.68,14214.55,18746.44,1,527
2023-07-19 03:00:00,48225.880000000005,9090.36,12179.34,1,323
2023-07-19 04:00:00,14686.6,9282.69,12680.96,1,308
2023-07-19 05:00:00,124212.85,17217.58,23989.17,1,640
2023-07-19 06:00:00,7723.19,37028.68,51704.12,1,1829
2023-07-19 07:00:00,11029.43,58889.75,84829.25,1,3354
2023-07-19 08:00:00,16745.04,99014.77,141588.44,1,5300
2023-07-19 09:00:00,17004.46,103388.21,147665.33,1,5525
2023-07-19 10:00:00,16844.28,105750.57,149745.15,1,5499
2023-07-19 11:00:00,17644.57,112661.12,160179.53,1,5744
2023-07-19 12:00:00,18622.43,126620.52,178660.47,1,6528
2023-07-19 13:00:00,19821.52,126855.72,178555.39,1,6153
2023-07-19 14:00:00,22566.75,134951.84,189601.33,1,6224
2023-07-19 15:00:00,41163.68,131295.33,185627.58,1,6253
2023-07-19 16:00:00,22222.93,134581.46,205918.7,1,6346
2023-07-19 17:00:00,23200.8,145896.05,226051.54,1,7360
2023-07-19 18:00:00,23429.49,147622.22,233503.63,1,7994
2023-07-19 19:00:00,21838.64,129320.83,206441.88,1,7418
2023-07-19 20:00:00,23002.57,122708.08,184635.11,1,6776
2023-07-19 21:00:00,23136.3,123166.92,185338.12,1,6886
2023-07-19 22:00:00,22961.26,119985.96,177524.37,1,6382
2023-07-19 23:00:00,17751.1,87386.93,128050.78,1,4354
2023-07-20 00:00:00,10156.94,48121.64,68944.26,1,2328
2023-07-20 01:00:00,5373.69,25003.33,35394.83,1,1243
2023-07-20 02:00:00,3000.92,12967.25,17982.5,1,653
2023-07-20 03:00:00,2287.71,10745.81,14525.58,1,424
2023-07-20 04:00:00,34945.75,13001.04,17584.42,1,414
2023-07-20 05:00:00,4032.87,17879.55,24898.329999999998,1,658
2023-07-20 06:00:00,7811.22,36371.48,51038.97,1,1703
2023-07-20 07:00:00,12648.05,64331.64,91891.79,1,3419
2023-07-20 08:00:00,62907.45,90580.96,130290.0,1,5169
2023-07-20 09:00:00,16612.79,102574.34,146385.26,1,5333
2023-07-20 10:00:00,16387.27,103575.81,147016.34,1,5350
2023-07-20 11:00:00,17534.94,112646.79,158837.15,1,5594
2023-07-20 12:00:00,18211.78,118842.46,167106.75,1,5930
2023-07-20 13:00:00,21376.84,129623.29,182290.69,1,6149
2023-07-20 14:00:00,35500.25,134200.34,188576.63,1,6472
2023-07-20 15:00:00,21674.46,135298.61,189837.67,1,6454
2023-07-20 16:00:00,22391.48,139872.66,212688.57,1,6504
2023-07-20 17:00:00,26127.31,148716.95,231077.35,1,7548
2023-07-20 18:00:00,24782.71,149406.69,236927.15,1,8138
2023-07-20 19:00:00,31859.08,125969.58,200639.92,1,7086
2023-07-20 20:00:00,22709.07,122476.08,182526.48,1,6598
2023-07-20 21:00:00,23503.78,127168.73,187583.71,1,6744
2023-07-20 22:00:00,22920.69,122628.32,181274.79,1,6449
2023-07-20 23:00:00,21322.07,107440.7,156524.96,1,5262
2023-07-21 00:00:00,12689.67,66068.06,96347.25,1,3508
2023-07-21 01:00:00,8541.82,41578.25,60281.54,1,2150
2023-07-21 02:00:00,4488.94,22119.29,31968.19,1,1232
2023-07-21 03:00:00,2813.55,13757.56,19723.52,1,708
2023-07-21 04:00:00,3339.85,15042.75,20913.05,1,564
2023-07-21 05:00:00,4293.35,19266.33,26872.38,1,738
2023-07-21 06:00:00,6143.71,30155.21,42721.57,1,1568
2023-07-21 07:00:00,10337.48,51084.68,72268.13,1,2575
2023-07-21 08:00:00,12762.34,72057.26,104145.15,1,4084
2023-07-21 09:00:00,13666.53,78030.93,111065.62,1,4125
2023-07-21 10:00:00,16390.07,89434.1,127924.22,1,4508
2023-07-21 11:00:00,17260.83,98318.44,139660.91,1,4934
2023-07-21 12:00:00,17289.95,99785.29,142402.46,1,5270
2023-07-21 13:00:00,19161.51,108453.76,153712.24,1,5326
2023-07-21 14:00:00,19675.21,113001.63,159398.58,1,5669
2023-07-21 15:00:00,30629.75,122133.91,172011.16,1,6030
2023-07-21 16:00:00,20668.31,118416.53,182287.37,1,5885
2023-07-21 17:00:00,27484.79,119474.04,188090.89,1,6399
2023-07-21 18:00:00,20331.03,115149.23,182517.5,1,6554
2023-07-21 19:00:00,19820.67,112005.99,177606.13,1,6240
2023-07-21 20:00:00,19081.78,102474.05,151978.14,1,5380
2023-07-21 21:00:00,20097.98,105693.72,154313.69,1,5351
2023-07-21 22:00:00,21030.05,113973.19,165531.13999999998,1,5785
2023-07-21 23:00:00,22538.98,120170.88,173125.65,2,5929
2023-07-22 00:00:00,18759.91,99065.53,143400.77,1,5162
2023-07-22 01:00:00,13816.21,75383.56,110543.18,1,4389
2023-07-22 02:00:00,9406.89,52409.15,77947.7,1,3302
2023-07-22 03:00:00,6360.11,33510.51,49337.76,1,2062
2023-07-22 04:00:00,4284.0199999999995,21258.23,30441.75,1,1138
2023-07-22 05:00:00,3239.14,14492.54,19776.03,1,526
2023-07-22 06:00:00,5352.67,23071.66,31111.62,1,832
2023-07-22 07:00:00,7806.88,35524.18,48569.95,1,1369
2023-07-22 08:00:00,7682.29,36740.47,51735.89,1,1867
2023-07-22 09:00:00,10917.97,56299.6,80333.74,1,2993
2023-07-22 10:00:00,12639.93,67457.7,96374.38,1,3686
2023-07-22 11:00:00,15470.64,85913.86,122729.27,1,4713
2023-07-22 12:00:00,16322.19,93034.37,131736.18,1,5087
2023-07-22 13:00:00,17317.87,99974.06,140837.72,1,5440
2023-07-22 14:00:00,18937.69,105952.62,148995.25,1,5333
2023-07-22 15:00:00,19904.9,113850.08,158943.07,2,5569
2023-07-22 16:00:00,20734.26,121868.36,168698.56,2,5719
2023-07-22 17:00:00,19759.76,116451.96,161614.16,2,5906
2023-07-22 18:00:00,19372.84,113222.57,159291.27,1,6149
2023-07-22 19:00:00,19206.83,110437.76,153978.9,2,5929
2023-07-22 20:00:00,19742.71,109225.01,157897.33,2,5754
2023-07-22 21:00:00,18533.95,101205.67,146669.35,2,5416
2023-07-22 22:00:00,46827.17,113779.64,164536.39,2,5772
2023-07-22 23:00:00,20112.46,111185.32,161274.04,2,5742
2023-07-23 00:00:00,16674.84,90678.1,132175.27,1,4981
2023-07-23 01:00:00,11989.57,66604.12,98903.71,1,4115
2023-07-23 02:00:00,9744.5,53042.63,78676.41,1,3317
2023-07-23 03:00:00,7243.19,38289.34,56188.46,1,2248
2023-07-23 04:00:00,4989.25,24628.96,34665.58,1,1176
2023-07-23 05:00:00,26737.8,17823.1,23779.66,1,573
2023-07-23 06:00:00,5325.78,22357.42,29633.73,1,769
2023-07-23 07:00:00,6902.69,30449.95,41421.76,1,1124
2023-07-23 08:00:00,8370.11,38373.52,53599.68,1,1709
2023-07-23 09:00:00,10267.31,50459.15,71586.23,1,2587
2023-07-23 10:00:00,13264.26,66224.51,94584.84,1,3577
2023-07-23 11:00:00,14757.18,77737.16,112357.71,1,4264
2023-07-23 12:00:00,17510.83,91902.11,131547.43,1,4839
2023-07-23 13:00:00,20551.16,105528.33,150194.34,2,5216
2023-07-23 14:00:00,20575.94,110189.89,156479.18,2,5376
2023-07-23 15:00:00,21277.6,112985.85,158498.77,1,5228
2023-07-23 16:00:00,21593.58,115843.61,162064.96,1,5217
2023-07-23 17:00:00,20437.39,110562.67,155495.19,1,5198
2023-07-23 18:00:00,20327.87,109194.87,153938.12,1,5384
2023-07-23 19:00:00,23157.71,93512.31,132398.36,1,4753
2023-07-23 20:00:00,18953.67,93462.22,136644.05,1,4384
2023-07-23 21:00:00,21175.81,102096.77,147606.24,1,4454
2023-07-23 22:00:00,18592.62,86966.43,123290.4,1,3447
2023-07-23 23:00:00,17180.83,78844.42,110350.12,1,2964
2023-07-24 00:00:00,11219.11,50383.13,69939.3,1,1804
2023-07-24 01:00:00,4092.33,18805.73,25498.86,1,790
2023-07-24 02:00:00,1550.54,7496.08,10382.89,1,362
2023-07-24 03:00:00,1615.09,7200.21,9879.79,1,301
2023-07-24 04:00:00,2356.78,10319.21,13987.31,1,338
2023-07-24 05:00:00,19830.37,19337.35,26302.829999999998,1,676
2023-07-24 06:00:00,22774.71,35859.19,49466.409999999996,1,1610
2023-07-24 07:00:00,11262.76,56253.47,79924.76,1,2915
2023-07-24 08:00:00,15434.44,83048.0,118414.61,1,4351
2023-07-24 09:00:00,15157.29,84442.14,121102.81,1,4523
2023-07-24 10:00:00,15447.71,86737.22,123851.43,1,4573
2023-07-24 11:00:00,15928.37,90503.46,129157.1,1,4694
2023-07-24 12:00:00,17070.72,98706.1,141050.79,1,5142
2023-07-24 13:00:00,34890.42,103969.37,148738.84,1,5423
2023-07-24 14:00:00,20230.17,111277.82,157201.85,1,5580
2023-07-24 15:00:00,31500.29,120827.12,170612.31,1,5910
2023-07-24 16:00:00,21872.46,118050.04,182801.63,1,5794
2023-07-24 17:00:00,22023.79,120982.26,189359.47,1,6352
2023-07-24 18:00:00,20344.49,113253.53,182092.63,1,6577
2023-07-24 19:00:00,48915.73,103086.59,164694.31,1,5607
2023-07-24 20:00:00,17472.53,87516.19,130342.53,1,4587
2023-07-24 21:00:00,19401.95,97684.19,143607.01,1,4942
2023-07-24 22:00:00,15801.22,78475.78,114970.14,1,3987
2023-07-24 23:00:00,15470.78,71218.7,102332.95,1,3066
2023-07-25 00:00:00,10100.59,43744.58,60759.159999999996,1,1583
2023-07-25 01:00:00,3190.98,13997.33,19259.94,1,655
2023-07-25 02:00:00,1720.23,7901.75,10674.13,1,342
2023-07-25 03:00:00,1156.58,5429.87,7296.61,2,215
2023-07-25 04:00:00,1677.32,6856.44,9274.16,1,232
2023-07-25 05:00:00,52572.27,16974.1,23173.45,1,597
2023-07-25 06:00:00,81362.61,35885.35,50190.29,1,1727
2023-07-25 07:00:00,11602.29,61620.93,88084.52,1,3369
2023-07-25 08:00:00,15257.38,91007.15,130990.75,1,5003
2023-07-25 09:00:00,54711.329999999994,98163.22,140218.29,1,5222
2023-07-25 10:00:00,59612.44,99757.68,141191.77,1,5086
2023-07-25 11:00:00,15305.01,104482.05,147713.21,1,5318
2023-07-25 12:00:00,16835.29,110173.99,155718.87,1,5671
2023-07-25 13:00:00,18370.08,117125.94,164343.97,1,5866
2023-07-25 14:00:00,20482.08,133697.6,188385.63999999998,1,6692
2023-07-25 15:00:00,31109.88,149021.67,208712.73,1,7773
2023-07-25 16:00:00,20136.91,141485.89,213736.38,1,6981
2023-07-25 17:00:00,19474.3,132712.25,204615.53,1,6869
2023-07-25 18:00:00,19333.17,122383.16,193524.1,1,6975
2023-07-25 19:00:00,27291.41,100797.15,160583.84,1,5841
2023-07-25 20:00:00,20531.08,107277.37,161119.59,1,5671
2023-07-25 21:00:00,60410.09,113142.96,170342.32,1,6189
2023-07-25 22:00:00,19543.25,99281.35,146915.38,1,5113
2023-07-25 23:00:00,18088.04,88120.54,125777.45,1,3888
2023-07-26 00:00:00,13148.48,59365.48,83513.43,1,2346
2023-07-26 01:00:00,9378.0,41342.07,56115.72,1,1378
2023-07-26 02:00:00,4954.79,21783.7,28925.22,1,723
2023-07-26 03:00:00,1823.59,8286.960000000001,11326.66,1,331
2023-07-26 04:00:00,1796.55,8671.11,11646.8,1,313
2023-07-26 05:00:00,3571.16,17022.2,23673.14,1,647
2023-07-26 06:00:00,6920.46,34071.98,47664.63,1,1733
2023-07-26 07:00:00,21462.66,68528.53,98300.48,1,3558
2023-07-26 08:00:00,16469.65,96057.41,136732.88,1,4986
2023-07-26 09:00:00,15938.8,100708.11,142549.7,1,5197
2023-07-26 10:00:00,15453.13,98919.41,140356.58,1,5207
2023-07-26 11:00:00,16293.93,105823.23,150090.34,1,5385
2023-07-26 12:00:00,18496.0,119624.29,168549.12,1,5975
2023-07-26 13:00:00,18313.66,119899.88,169363.49,1,6086
2023-07-26 14:00:00,20847.61,129778.14,182864.8,1,6247
2023-07-26 15:00:00,39971.71,129409.14,181906.92,1,6284
2023-07-26 16:00:00,23117.59,143225.08,216871.29,1,6457
2023-07-26 17:00:00,22876.86,148512.8,227830.73,1,7140
2023-07-26 18:00:00,21997.85,141447.23,223620.29,1,7798
2023-07-26 19:00:00,31200.670000000002,126682.74,201272.76,1,7150
2023-07-26 20:00:00,20989.9,115994.84,173492.66,1,6332
2023-07-26 21:00:00,43974.53,127565.46,190040.63999999998,1,6857
2023-07-26 22:00:00,21587.34,115910.36,171245.89,1,6232
2023-07-26 23:00:00,18780.74,96868.82,140728.13999999998,1,4893
2023-07-27 00:00:00,10326.0,52200.51,74769.93,1,2508
2023-07-27 01:00:00,6299.44,29694.66,41778.93,1,1334
2023-07-27 02:00:00,2948.4,13807.89,19463.75,1,722
2023-07-27 03:00:00,1903.49,8985.73,12672.6,1,403
2023-07-27 04:00:00,2297.52,10476.03,14859.05,1,390
2023-07-27 05:00:00,4043.18,18522.36,25946.71,1,702
2023-07-27 06:00:00,8689.78,40707.05,56602.92,1,1792
2023-07-27 07:00:00,10995.89,58522.44,83745.99,1,3361
2023-07-27 08:00:00,16328.36,93535.1,133633.25,1,5137
2023-07-27 09:00:00,38002.869999999995,97013.03,139392.12,1,5337
2023-07-27 10:00:00,16591.52,104658.77,148834.15,1,5504
2023-07-27 11:00:00,91186.94,106568.2,151461.59,1,5534
2023-07-27 12:00:00,20201.21,123435.38,174506.72,1,6175
2023-07-27 13:00:00,20299.33,126185.07,178730.9,1,6415
2023-07-27 14:00:00,21900.62,132094.05,186454.57,1,6541
2023-07-27 15:00:00,22327.16,136527.08,191621.4,1,6704
2023-07-27 16:00:00,22809.83,137258.67,210567.06,1,6713
2023-07-27 17:00:00,45773.299999999996,142196.01,222016.69,1,7513
2023-07-27 18:00:00,22137.3,139999.21,222975.18,1,8150
2023-07-27 19:00:00,20469.62,119763.14,191743.19,1,6971
2023-07-27 20:00:00,19363.95,109000.9,164064.05,1,6263
2023-07-27 21:00:00,24192.74,131434.46,195074.51,1,7224
2023-07-27 22:00:00,23089.02,125956.98,184235.23,1,6699
2023-07-27 23:00:00,20155.19,101750.3,146684.73,1,4771
2023-07-28 00:00:00,14738.84,71655.47,104290.34,1,3350
2023-07-28 01:00:00,7809.51,38566.43,56061.0,1,1976
2023-07-28 02:00:00,4950.07,23213.02,32484.51,1,1103
2023-07-28 03:00:00,2762.06,13522.4,18902.82,1,625
2023-07-28 04:00:00,3449.88,15965.46,21554.63,1,519
2023-07-28 05:00:00,4101.95,17926.63,25029.43,1,653
2023-07-28 06:00:00,7418.79,34573.43,48182.33,1,1469
2023-07-28 07:00:00,10201.95,51208.72,72300.02,1,2546
2023-07-28 08:00:00,35730.770000000004,70625.09,100855.56,1,3672
2023-07-28 09:00:00,13958.68,77701.99,111042.9,1,4182
2023-07-28 10:00:00,14467.37,84797.1,120799.33,1,4491
2023-07-28 11:00:00,16726.43,96333.71,136807.24,1,5002
2023-07-28 12:00:00,18010.83,104113.36,148163.41,1,5284
2023-07-28 13:00:00,20125.35,114504.26,161471.56,1,5791
2023-07-28 14:00:00,21811.75,127335.25,179577.24,1,6323
2023-07-28 15:00:00,50651.61,132107.27,185075.6,1,6360
2023-07-28 16:00:00,45285.83,127950.62,195038.41,1,6196
2023-07-28 17:00:00,21492.99,126254.21,198921.52,1,6894
2023-07-28 18:00:00,21810.64,126277.07,200434.75,1,7266
2023-07-28 19:00:00,19524.93,113561.61,178660.16,1,6581
2023-07-28 20:00:00,17714.69,97232.27,143904.69,1,5386
2023-07-28 21:00:00,17565.06,96580.4,142888.28,2,5391
2023-07-28 22:00:00,20336.57,110295.65,161529.95,2,5710
2023-07-28 23:00:00,23444.29,127367.96,184091.25,1,6290
2023-07-29 00:00:00,18885.79,101560.61,146772.21,1,5209
2023-07-29 01:00:00,14194.18,78231.99,114147.65,1,4464
2023-07-29 02:00:00,10443.38,57281.4,83853.75,1,3445
2023-07-29 03:00:00,6536.28,35487.24,51741.0,2,2146
2023-07-29 04:00:00,4012.27,20916.89,29261.25,1,1017
2023-07-29 05:00:00,3206.29,14473.23,20045.34,1,508
2023-07-29 06:00:00,4901.34,21647.56,29781.07,1,809
2023-07-29 07:00:00,5923.67,27293.45,37520.47,1,1168
2023-07-29 08:00:00,7373.24,36668.4,51787.84,1,1856
2023-07-29 09:00:00,9950.68,50420.87,72366.5,1,2799
2023-07-29 10:00:00,12932.65,67938.59,96883.55,1,3744
2023-07-29 11:00:00,13625.77,76565.45,110261.79,1,4464
2023-07-29 12:00:00,15757.84,89771.09,128104.53,1,5079
2023-07-29 13:00:00,49511.58,97820.44,139377.5,1,5527
2023-07-29 14:00:00,18554.5,102846.75,144286.43,1,5373
2023-07-29 15:00:00,18975.45,106413.62,149314.15,2,5479
2023-07-29 16:00:00,19861.51,112916.66,158365.38,2,5791
2023-07-29 17:00:00,19284.95,113146.9,160094.53,2,6064
2023-07-29 18:00:00,18425.79,110898.9,155848.79,1,6076
2023-07-29 19:00:00,18185.65,114985.06,162384.91,2,6490
2023-07-29 20:00:00,15131.53,85104.49,123757.43,2,4619
2023-07-29 21:00:00,15774.97,87760.59,128124.16,2,4779
2023-07-29 22:00:00,19944.92,105289.61,151842.29,2,5268
2023-07-29 23:00:00,20986.7,111303.07,159809.81,2,5406
2023-07-30 00:00:00,19608.4,105432.98,151734.81,2,5387
2023-07-30 01:00:00,16939.24,90808.36,130564.92,1,4717
2023-07-30 02:00:00,11287.05,60859.82,87595.68,1,3413
2023-07-30 03:00:00,7685.9,40407.67,58370.87,1,2303
2023-07-30 04:00:00,5547.99,27699.62,38518.34,1,1301
2023-07-30 05:00:00,3928.53,18203.56,24541.99,1,617
2023-07-30 06:00:00,4921.74,21353.0,29025.96,1,743
2023-07-30 07:00:00,7282.27,32488.23,44284.95,1,1188
2023-07-30 08:00:00,7748.69,35685.43,49662.15,1,1614
2023-07-30 09:00:00,10808.2,52685.76,73736.5,1,2547
2023-07-30 10:00:00,13665.52,67959.56,96798.19,1,3560
2023-07-30 11:00:00,14959.19,78600.5,112702.27,1,4146
2023-07-30 12:00:00,17135.31,90078.02,128370.49,1,4613
2023-07-30 13:00:00,19549.64,102616.32,146063.82,2,5048
2023-07-30 14:00:00,22352.72,115726.82,162623.68,2,5360
2023-07-30 15:00:00,50483.19,124731.34,174198.93,1,5396
2023-07-30 16:00:00,22504.13,119394.37,167277.1,1,5344
2023-07-30 17:00:00,20083.91,109800.13,154308.68,1,5193
2023-07-30 18:00:00,19746.92,109592.33,154875.9,1,5339
2023-07-30 19:00:00,18767.58,98294.53,138984.79,1,4781
2023-07-30 20:00:00,18895.61,94522.38,137632.23,1,4395
2023-07-30 21:00:00,21474.02,102343.54,147754.75,1,4517
2023-07-30 22:00:00,18659.59,87751.37,124561.46,1,3558
2023-07-30 23:00:00,18504.59,82506.42,116558.52,1,3141
2023-07-31 00:00:00,9489.2,43789.49,61576.28,1,1801
2023-07-31 01:00:00,6674.83,31989.61,43457.08,1,1326
2023-07-31 02:00:00,2577.65,12917.34,17730.77,1,605
2023-07-31 03:00:00,2317.14,9987.14,13351.73,1,360
2023-07-31 04:00:00,2608.98,11446.57,15738.25,2,379
2023-07-31 05:00:00,4379.49,19533.25,26528.27,1,675
2023-07-31 06:00:00,76340.76999999999,34364.75,47563.18,1,1532
2023-07-31 07:00:00,11644.48,57737.66,80878.3,1,2747
2023-07-31 08:00:00,14197.69,78149.27,111032.38,1,4065
2023-07-31 09:00:00,14883.0,82577.02,117531.13,1,4207
2023-07-31 10:00:00,14723.01,82832.31,117678.91,1,4271
2023-07-31 11:00:00,15112.55,85533.52,122986.53,1,4504
2023-07-31 12:00:00,17056.75,96372.78,137118.59,1,4959
2023-07-31 13:00:00,17431.74,97299.19,138167.25,1,5110
2023-07-31 14:00:00,20501.68,110744.86,156765.29,1,5424
2023-07-31 15:00:00,22142.08,118241.9,166481.37,1,5544
2023-07-31 16:00:00,20514.82,111907.96,172437.63,1,5558
2023-07-31 17:00:00,20946.01,112904.57,177480.14,1,5967
2023-07-31 18:00:00,21868.63,114926.82,182818.34,1,6295
2023-07-31 19:00:00,27631.55,92509.3,147203.6,1,5119
2023-07-31 20:00:00,19142.85,93345.18,137812.9,1,4653
2023-07-31 21:00:00,18457.02,90656.29,133640.62,1,4659
2023-07-31 22:00:00,17834.62,84216.02,121352.6,1,3806
2023-07-31 23:00:00,13404.68,60756.26,84701.66,1,2421
2023-08-01 00:00:00,3.9899999999999998,30.0,50.019999999999996,2,3
2023-08-13 14:00:00,0.72,8.6,12.6,3,1
2023-08-13 15:00:00,4.19,28.4,40.6,3,2
2023-09-03 22:00:00,3.15,18.4,28.0,3,1
2023-09-03 23:00:00,2.09,19.299999999999997,31.939999999999998,3,2
2023-09-25 06:00:00,0.89,7.9,13.75,2,1
2023-09-25 07:00:00,2.1799999999999997,29.1,40.08,3,2
2023-10-16 15:00:00,3.49,22.8,34.86,2,2
2023-07-31 18:00:00,0.82,5.8,12.3,1,1
2023-07-31 20:00:00,9.85,48.0,68.39999999999999,3,2
2023-07-31 21:00:00,8.08,51.9,77.86,1,4
2023-07-31 22:00:00,19.21,85.3,120.84,1,3
2023-07-31 23:00:00,89.43,361.4,505.16999999999996,2,9
2023-08-01 00:00:00,8334.19,35862.35,49477.67,1,1425
2023-08-01 01:00:00,4279.46,19447.74,26138.29,1,732
2023-08-01 02:00:00,1720.72,7879.6,10748.11,1,380
2023-08-01 03:00:00,1193.37,5375.7,7298.21,1,219
2023-08-01 04:00:00,2164.79,9362.73,12312.08,1,298
2023-08-01 05:00:00,3963.1,17066.75,23468.53,1,639
2023-08-01 06:00:00,7327.03,34203.96,46878.3,1,1621
2023-08-01 07:00:00,10872.02,56127.44,80337.69,1,3053
2023-08-01 08:00:00,14417.83,84668.57,121628.1,1,4697
2023-08-01 09:00:00,14344.79,87708.44,125095.43,1,4757
2023-08-01 10:00:00,14428.18,89672.78,128065.33,1,4763
2023-08-01 11:00:00,15081.74,93625.43,132675.83,1,4992
2023-08-01 12:00:00,16931.83,106399.2,150726.75,1,5635
2023-08-01 13:00:00,17935.69,108622.31,153674.75,1,5617
2023-08-01 14:00:00,20961.81,122498.35,172474.04,1,6051
2023-08-01 15:00:00,31842.37,126349.29,178637.73,1,6082
2023-08-01 16:00:00,20359.19,122331.13,187089.18,1,5964
2023-08-01 17:00:00,53733.29,136238.04,212178.48,1,7102
2023-08-01 18:00:00,44874.91,130366.84,206919.04,1,7238
2023-08-01 19:00:00,26801.03,111550.36,176281.3,1,6103
2023-08-01 20:00:00,21099.75,108987.22,162785.74,1,5852
2023-08-01 21:00:00,20703.46,108502.83,162281.78,1,6134
2023-08-01 22:00:00,19334.03,99604.36,145934.5,1,5223
2023-08-01 23:00:00,15891.45,77693.46,112996.58,1,3810
2023-08-02 00:00:00,8987.49,42745.06,60614.02,1,2098
2023-08-02 01:00:00,4163.49,20500.32,28767.62,1,1002
2023-08-02 02:00:00,1604.82,8389.3,11988.72,1,449
2023-08-02 03:00:00,1125.82,5389.54,7702.28,1,286
2023-08-02 04:00:00,1780.75,7436.14,10214.66,1,275
2023-08-02 05:00:00,3323.06,15222.1,21332.64,1,620
2023-08-02 06:00:00,26736.77,33868.29,46677.05,1,1612
2023-08-02 07:00:00,11145.37,58112.26,82794.94,1,3152
2023-08-02 08:00:00,14196.59,82646.85,118632.79,1,4604
2023-08-02 09:00:00,14210.01,87500.95,125436.46,1,4856
2023-08-02 10:00:00,14826.7,91264.71,130518.03,1,4862
2023-08-02 11:00:00,15627.22,98988.04,139948.49,1,5260
2023-08-02 12:00:00,16547.12,103949.08,147414.43,1,5391
2023-08-02 13:00:00,19112.9,114123.03,160639.49,1,5636
2023-08-02 14:00:00,20544.82,121265.08,170484.47,1,5839
2023-08-02 15:00:00,53440.2,121167.04,170058.94,1,5820
2023-08-02 16:00:00,20815.83,125165.05,191871.64,1,5981
2023-08-02 17:00:00,21616.62,132049.38,205403.3,1,6784
2023-08-02 18:00:00,21127.79,126425.96,201875.83,1,7250
2023-08-02 19:00:00,42629.53,110024.81,176611.22,1,6488
2023-08-02 20:00:00,19900.0,107341.67,160937.55,1,5970
2023-08-02 21:00:00,22534.27,119832.69,178561.4,1,6741
2023-08-02 22:00:00,21540.58,113387.93,166313.82,1,6056
2023-08-02 23:00:00,18034.13,92377.74,133922.83,1,4549
2023-08-03 00:00:00,9860.12,48206.73,68897.34,1,2399
2023-08-03 01:00:00,4616.48,22505.02,32099.39,1,1162
2023-08-03 02:00:00,2484.51,12103.61,17112.72,1,628
2023-08-03 03:00:00,1732.42,7973.81,11261.11,1,409
2023-08-03 04:00:00,1874.3,9050.32,12602.82,1,345
2023-08-03 05:00:00,4063.79,17754.11,24601.16,1,642
2023-08-03 06:00:00,7068.62,32904.32,45730.27,1,1560
2023-08-03 07:00:00,10437.83,54234.86,77571.28,1,3011
2023-08-03 08:00:00,14243.23,82027.26,117685.24,1,4505
2023-08-03 09:00:00,14707.85,89194.43,127534.45,1,4846
2023-08-03 10:00:00,14593.22,88638.46,126863.55,1,4825
2023-08-03 11:00:00,42362.8,93145.15,133234.83,1,4975
2023-08-03 12:00:00,18542.57,112108.63,158553.75,1,5715
2023-08-03 13:00:00,20183.58,115760.13,163810.48,1,5796
2023-08-03 14:00:00,22646.77,129369.99,183245.94,1,6322
2023-08-03 15:00:00,32106.15,132647.57,186240.56,1,6234
2023-08-03 16:00:00,22944.73,135682.76,205712.79,1,6247
2023-08-03 17:00:00,21324.61,130534.87,202864.34,1,6770
2023-08-03 18:00:00,39855.34,139499.68,220173.24,1,7588
2023-08-03 19:00:00,21128.32,117371.56,186218.99,1,6480
2023-08-03 20:00:00,20012.78,105267.28,157407.5,1,5747
2023-08-03 21:00:00,21250.79,115221.91,170317.35,1,6245
2023-08-03 22:00:00,20671.99,110046.24,161847.01,1,5857
2023-08-03 23:00:00,18272.58,93826.34,136473.67,1,4717
2023-08-04 00:00:00,11242.8,57469.34,83263.81,1,3120
2023-08-04 01:00:00,6928.3,34161.95,48992.88,1,1828
2023-08-04 02:00:00,3319.55,17233.62,25267.52,1,1013
2023-08-04 03:00:00,2535.7,12978.92,18260.99,1,617
2023-08-04 04:00:00,2808.13,13050.56,18205.56,1,468
2023-08-04 05:00:00,4245.31,18195.39,25127.829999999998,1,613
2023-08-04 06:00:00,7203.22,32655.95,44936.78,1,1427
2023-08-04 07:00:00,9391.69,46421.56,65781.44,1,2376
2023-08-04 08:00:00,12149.41,64951.17,92109.13,1,3306
2023-08-04 09:00:00,12896.82,71536.53,101789.2,1,3852
2023-08-04 10:00:00,14616.09,82568.52,117694.71,1,4260
2023-08-04 11:00:00,15272.7,88948.63,126863.0,1,4723
2023-08-04 12:00:00,16624.16,93840.91,133604.45,1,4902
2023-08-04 13:00:00,19022.31,107120.86,152297.13,1,5354
2023-08-04 14:00:00,20249.78,113912.91,160029.08,1,5425
2023-08-04 15:00:00,19347.96,112251.88,157983.34,1,5636
2023-08-04 16:00:00,20069.41,117116.04,178011.11,1,5665
2023-08-04 17:00:00,20534.28,119214.02,183571.05,1,6048
2023-08-04 18:00:00,20364.21,114566.82,179774.21,1,6176
2023-08-04 19:00:00,19009.2,105131.99,164434.59,1,5682
2023-08-04 20:00:00,17215.27,91987.37,135996.03,1,4827
2023-08-04 21:00:00,17432.12,92924.71,136489.17,1,4816
2023-08-04 22:00:00,18390.22,98610.16,143372.42,1,4985
2023-08-04 23:00:00,41309.17,99465.14,143800.02,1,4936
2023-08-05 00:00:00,16957.42,93363.28,135818.79,1,5009
2023-08-05 01:00:00,11629.93,65607.66,97542.49,1,4081
2023-08-05 02:00:00,8326.79,47727.88,70696.61,1,3053
2023-08-05 03:00:00,5918.74,31548.16,46752.99,1,1948
2023-08-05 04:00:00,27130.82,20746.71,29292.8,1,1014
2023-08-05 05:00:00,3086.2599999999998,13662.51,18751.75,1,504
2023-08-05 06:00:00,4502.17,19299.37,26457.65,1,777
2023-08-05 07:00:00,5645.49,26416.96,36680.46,1,1136
2023-08-05 08:00:00,7703.72,36373.08,51060.57,1,1776
2023-08-05 09:00:00,9282.87,49122.3,70570.21,1,2703
2023-08-05 10:00:00,12588.09,66773.13,94796.22,1,3580
2023-08-05 11:00:00,14008.52,79012.45,112320.63,1,4257
2023-08-05 12:00:00,15572.71,88579.88,125315.58,1,4710
2023-08-05 13:00:00,15952.56,90741.91,127869.87,1,5000
2023-08-05 14:00:00,18200.82,97961.3,138911.57,2,5134
2023-08-05 15:00:00,19354.39,104982.61,146325.28,2,5329
2023-08-05 16:00:00,19487.05,109795.23,154253.0,2,5729
2023-08-05 17:00:00,19548.68,109917.21,154200.0,2,5799
2023-08-05 18:00:00,17667.14,103856.12,146945.43,2,5892
2023-08-05 19:00:00,17522.33,100501.72,141805.71,2,5514
2023-08-05 20:00:00,16034.02,87638.73,126927.87,2,4700
2023-08-05 21:00:00,18031.06,99461.85,143552.84,2,5145
2023-08-05 22:00:00,18157.04,98198.93,141950.03,2,5124
2023-08-05 23:00:00,18399.94,98757.65,143274.75,1,5203
2023-08-06 00:00:00,15051.11,82658.78,121094.04,1,4765
2023-08-06 01:00:00,11890.33,66535.31,98315.19,1,4118
2023-08-06 02:00:00,8260.19,46682.2,69279.44,1,2977
2023-08-06 03:00:00,6413.24,34654.65,50208.33,1,1980
2023-08-06 04:00:00,4719.29,23193.56,31963.15,1,1099
2023-08-06 05:00:00,2896.96,13219.47,18332.11,1,461
2023-08-06 06:00:00,5273.49,22094.52,29310.23,1,723
2023-08-06 07:00:00,6423.23,29370.33,39897.84,1,1079
2023-08-06 08:00:00,8743.88,40455.05,55730.72,1,1698
2023-08-06 09:00:00,9812.57,46781.58,66158.43,2,2429
2023-08-06 10:00:00,11894.96,60298.01,86283.03,2,3288
2023-08-06 11:00:00,14133.18,72848.2,105463.46,2,3978
2023-08-06 12:00:00,17386.26,87750.61,125256.66,2,4472
2023-08-06 13:00:00,17854.66,93003.03,132485.9,1,4712
2023-08-06 14:00:00,20513.07,105689.23,149838.6,2,5114
2023-08-06 15:00:00,20455.85,105777.1,148974.16,1,4899
2023-08-06 16:00:00,21181.55,109593.13,153681.99,2,4929
2023-08-06 17:00:00,19842.31,103402.13,145761.48,1,4937
2023-08-06 18:00:00,19421.83,100888.07,142538.93,1,4856
2023-08-06 19:00:00,16745.13,87991.69,124534.5,1,4512
2023-08-06 20:00:00,18754.66,92996.71,134571.48,1,4221
2023-08-06 21:00:00,17997.64,89293.11,129709.08,1,4102
2023-08-06 22:00:00,17243.11,80653.8,115051.4,1,3396
2023-08-06 23:00:00,13135.26,61233.86,86165.79,1,2396
2023-08-07 00:00:00,10236.94,44968.81,61794.03,1,1570
2023-08-07 01:00:00,4766.94,20388.22,27292.91,1,753
2023-08-07 02:00:00,1847.28,7791.59,10646.86,1,340
2023-08-07 03:00:00,1603.89,7224.86,9699.95,1,282
2023-08-07 04:00:00,1945.16,8419.9,11518.92,1,273
2023-08-07 05:00:00,4095.02,19285.87,26633.56,1,754
2023-08-07 06:00:00,8653.32,42277.3,58782.95,1,2056
2023-08-07 07:00:00,11573.27,60200.0,83687.99,1,2961
2023-08-07 08:00:00,13475.33,76398.76,108463.66,1,4053
2023-08-07 09:00:00,14192.3,80686.39,115310.5,1,4324
2023-08-07 10:00:00,14783.85,84048.07,119022.53,1,4396
2023-08-07 11:00:00,14481.11,82974.48,117903.39,1,4380
2023-08-07 12:00:00,15685.0,90437.43,128436.57,1,4662
2023-08-07 13:00:00,18249.58,99874.53,140440.03,1,4854
2023-08-07 14:00:00,18258.11,100703.29,141918.25,1,5032
2023-08-07 15:00:00,20259.44,109812.36,154262.3,1,5308
2023-08-07 16:00:00,20194.63,107483.72,165706.37,1,5263
2023-08-07 17:00:00,19952.66,108952.65,170590.68,1,5725
2023-08-07 18:00:00,18416.25,97973.24,155618.08,1,5569
2023-08-07 19:00:00,16597.05,84782.97,135365.06,1,4857
2023-08-07 20:00:00,18295.01,96101.25,144288.79,1,5559
2023-08-07 21:00:00,16298.37,90428.04,134314.31,1,5322
2023-08-07 22:00:00,14040.63,67184.89,96697.63,1,3229
2023-08-07 23:00:00,13335.62,57374.02,79737.4,1,2067
2023-08-08 00:00:00,10418.26,44398.91,61607.71,1,1399
2023-08-08 01:00:00,6844.9,28103.84,38536.73,1,867
2023-08-08 02:00:00,3192.46,13094.03,17344.39,1,457
2023-08-08 03:00:00,908.19,3915.37,5369.61,1,158
2023-08-08 04:00:00,1736.4,7757.94,10397.06,1,238
2023-08-08 05:00:00,3419.0099999999998,15398.83,21247.65,1,594
2023-08-08 06:00:00,110163.29000000001,34109.04,47210.78,1,1624
2023-08-08 07:00:00,11293.31,57861.37,82436.67,1,3032
2023-08-08 08:00:00,42332.55,83114.44,118648.31,1,4511
2023-08-08 09:00:00,15938.47,96673.92,138557.55,1,5227
2023-08-08 10:00:00,21254.1,92578.17,131025.42,1,4865
2023-08-08 11:00:00,16298.48,98490.55,139718.58,1,5081
2023-08-08 12:00:00,17650.64,105306.7,148645.94,1,5359
2023-08-08 13:00:00,17615.99,104090.94,146921.71,1,5416
2023-08-08 14:00:00,37670.54,115131.87,162688.63,1,5744
2023-08-08 15:00:00,21380.08,121718.71,170651.81,1,5918
2023-08-08 16:00:00,21945.02,123199.78,189725.05,1,6056
2023-08-08 17:00:00,20939.78,122478.71,192815.97,1,6529
2023-08-08 18:00:00,19884.02,115764.29,186230.06,1,6808
2023-08-08 19:00:00,19368.56,103802.16,166625.57,1,6036
2023-08-08 20:00:00,21238.53,108200.45,161671.08,1,5838
2023-08-08 21:00:00,20912.17,108712.6,161670.73,1,5924
2023-08-08 22:00:00,19054.04,95510.53,140026.93,1,4880
2023-08-08 23:00:00,13972.05,67889.01,97253.2,1,3099
2023-08-09 00:00:00,7215.94,33704.53,47837.1,1,1582
2023-08-09 01:00:00,3044.31,15174.24,21482.65,1,762
2023-08-09 02:00:00,1901.91,9276.95,12982.67,1,473
2023-08-09 03:00:00,1383.2,6337.72,8788.37,1,281
2023-08-09 04:00:00,2317.99,9721.83,13208.91,1,312
2023-08-09 05:00:00,3497.96,15919.48,22306.94,1,600
2023-08-09 06:00:00,6556.74,31254.66,43865.18,1,1576
2023-08-09 07:00:00,9947.29,54205.23,77316.31,1,3037
2023-08-09 08:00:00,13767.92,82358.82,117927.31999999999,1,4563
2023-08-09 09:00:00,13922.61,85799.32,121914.18,1,4726
2023-08-09 10:00:00,14555.47,89277.99,127903.68,1,4880
2023-08-09 11:00:00,16269.32,98556.94,139397.11,1,5066
2023-08-09 12:00:00,15962.93,102989.62,146646.89,1,5636
2023-08-09 13:00:00,19405.84,114500.84,161450.96,1,5861
2023-08-09 14:00:00,20797.03,121752.04,171489.08,1,6013
2023-08-09 15:00:00,40861.36,120550.53,170016.45,1,5988
2023-08-09 16:00:00,21919.69,127188.75,195557.51,1,6201
2023-08-09 17:00:00,21966.22,129486.27,203901.95,1,6967
2023-08-09 18:00:00,21115.86,123501.75,198444.61,1,7352
2023-08-09 19:00:00,21063.83,115025.41,183793.62,1,6500
2023-08-09 20:00:00,19961.29,105323.42,158472.26,1,5890
2023-08-09 21:00:00,22457.02,117147.15,173878.88,1,6319
2023-08-09 22:00:00,21249.23,110078.32,162207.18,1,5826
2023-08-09 23:00:00,15629.28,78146.54,112664.09,1,3812
2023-08-10 00:00:00,7646.26,37822.85,54477.59,1,1949
2023-08-10 01:00:00,3908.94,19258.64,27576.98,1,1065
2023-08-10 02:00:00,235170.47,11135.79,16023.93,1,614
2023-08-10 03:00:00,1521.68,7345.19,10335.05,1,357
2023-08-10 04:00:00,2172.31,9261.08,12758.37,1,331
2023-08-10 05:00:00,3727.48,16495.11,23117.29,1,614
2023-08-10 06:00:00,7316.29,34847.36,47902.77,1,1561
2023-08-10 07:00:00,10364.78,53799.72,76364.98,1,2908
2023-08-10 08:00:00,14423.31,81657.5,116626.31999999999,1,4449
2023-08-10 09:00:00,14839.02,89285.15,127994.83,1,4886
2023-08-10 10:00:00,15665.64,93605.72,132918.45,1,4992
2023-08-10 11:00:00,16522.54,98929.36,139498.67,1,5109
2023-08-10 12:00:00,18476.88,115860.73,164630.11,1,6131
2023-08-10 13:00:00,19979.86,119742.49,169882.23,1,6073
2023-08-10 14:00:00,30395.75,123779.81,175215.9,1,6163
2023-08-10 15:00:00,34061.2,154015.05,216813.26,1,7678
2023-08-10 16:00:00,22790.36,151265.61,231325.59,1,7460
2023-08-10 17:00:00,23721.74,159167.37,244321.02,1,8013
2023-08-10 18:00:00,21582.25,135587.24,213735.54,1,7457
2023-08-10 19:00:00,20488.83,117959.72,189605.45,1,7120
2023-08-10 20:00:00,18861.49,100942.06,150137.1,1,5309
2023-08-10 21:00:00,20400.95,105206.18,155166.66,1,5416
2023-08-10 22:00:00,19871.01,103208.7,151542.1,1,5260
2023-08-10 23:00:00,16325.83,80474.46,116915.67,1,3932
2023-08-11 00:00:00,10350.15,50732.29,73626.59,1,2572
2023-08-11 01:00:00,6420.21,31012.64,44674.84,1,1667
2023-08-11 02:00:00,3877.72,19265.42,27467.3,1,1020
2023-08-11 03:00:00,2713.86,13091.58,18295.75,1,617
2023-08-11 04:00:00,2507.57,11277.41,15654.27,1,458
2023-08-11 05:00:00,3697.91,16430.97,22782.36,1,600
2023-08-11 06:00:00,7344.03,33217.38,45776.909999999996,1,1409
2023-08-11 07:00:00,10242.74,50243.51,70495.19,1,2314
2023-08-11 08:00:00,12143.47,63553.14,90338.5,1,3324
2023-08-11 09:00:00,13098.03,71888.36,102476.87,1,3803
2023-08-11 10:00:00,14499.28,82360.69,116368.67,1,4284
2023-08-11 11:00:00,15004.6,86842.58,123330.42,1,4508
2023-08-11 12:00:00,17268.33,96184.37,136495.82,1,4921
2023-08-11 13:00:00,18735.57,102725.92,145062.88999999998,1,5107
2023-08-11 14:00:00,20188.89,114190.81,161219.94,1,5587
2023-08-11 15:00:00,21322.53,119359.79,167861.72,1,5738
2023-08-11 16:00:00,49181.81,118666.12,182107.12,1,5793
2023-08-11 17:00:00,21876.39,121808.49,188978.11,1,6178
2023-08-11 18:00:00,19323.51,110529.28,174497.94,1,6248
2023-08-11 19:00:00,18766.73,101420.8,159723.23,1,5667
2023-08-11 20:00:00,18872.43,97774.64,143108.63,1,5073
2023-08-11 21:00:00,17581.55,94599.43,139169.13,2,5034
2023-08-11 22:00:00,18279.75,100321.51,147154.09,2,5399
2023-08-11 23:00:00,19682.27,101700.48,147589.91,2,5147
2023-08-12 00:00:00,14386.49,81614.35,119412.39,1,4533
2023-08-12 01:00:00,11159.15,63927.09,94124.08,1,3846
2023-08-12 02:00:00,8519.31,48662.76,72347.42,1,3039
2023-08-12 03:00:00,5625.62,30912.28,45307.61,1,1917
2023-08-12 04:00:00,4486.6,22239.6,31093.26,1,1002
2023-08-12 05:00:00,2653.48,12078.01,16596.11,1,440
2023-08-12 06:00:00,5148.02,22007.19,29721.36,1,834
2023-08-12 07:00:00,6638.68,30120.88,41292.73,1,1219
2023-08-12 08:00:00,9048.73,41540.86,58295.64,1,1900
2023-08-12 09:00:00,8860.04,46778.65,66796.79,1,2576
2023-08-12 10:00:00,46416.92999999999,63910.16,91542.39,1,3513
2023-08-12 11:00:00,47357.64000000001,73993.92,104891.81999999999,1,4022
2023-08-12 12:00:00,14503.93,86474.52,121504.46,1,4477
2023-08-12 13:00:00,17200.41,98346.95,137622.59,1,5037
2023-08-12 14:00:00,18494.13,100792.91,140672.1,1,5153
2023-08-12 15:00:00,19493.55,108958.86,153085.75,2,5678
2023-08-12 16:00:00,18977.56,105286.13,147673.85,2,5247
2023-08-12 17:00:00,21003.53,114549.12,160580.92,2,5677
2023-08-12 18:00:00,18296.78,103615.87,146979.79,2,5667
2023-08-12 19:00:00,15932.13,91732.73,130454.61,2,5267
2023-08-12 20:00:00,19445.29,84643.81,122351.9,2,4571
2023-08-12 21:00:00,17419.75,93267.13,134903.61,2,4734
2023-08-12 22:00:00,17815.4,96856.87,141461.46,2,5078
2023-08-12 23:00:00,18267.45,98332.17,142514.67,1,5059
2023-08-13 00:00:00,19304.48,85728.45,124811.95,1,4660
2023-08-13 01:00:00,11922.1,66383.27,97738.63,1,4020
2023-08-13 02:00:00,8768.06,50680.91,74080.58,1,3098
2023-08-13 03:00:00,5728.98,32309.92,46555.19,1,1878
2023-08-13 04:00:00,3881.11,19483.24,26888.97,1,895
2023-08-13 05:00:00,4771.59,14744.11,19995.73,1,477
2023-08-13 06:00:00,4970.46,21526.1,28827.96,1,758
2023-08-13 07:00:00,6220.32,27373.24,37078.25,1,1042
2023-08-13 08:00:00,7507.53,35401.46,49141.43,1,1597
2023-08-13 09:00:00,10357.08,51033.08,71573.44,1,2537
2023-08-13 10:00:00,13547.26,69143.06,97517.47,1,3465
2023-08-13 11:00:00,14112.83,76824.74,109098.22,1,4075
2023-08-13 12:00:00,16951.94,92242.45,129957.83,1,4435
2023-08-13 13:00:00,41017.869999999995,102635.0,144029.06,1,4720
2023-08-13 14:00:00,20981.14,117498.07,163109.05,2,5009
2023-08-13 15:00:00,21712.12,117353.58,161111.44,1,4871
2023-08-13 16:00:00,21127.28,115666.94,160150.56,1,4845
2023-08-13 17:00:00,35227.26,112212.36,153894.7,1,4757
2023-08-13 18:00:00,18534.91,104222.19,146823.66,1,4912
2023-08-13 19:00:00,19127.27,96616.42,135918.29,1,4373
2023-08-13 20:00:00,21024.35,102896.68,148060.71,1,4354
2023-08-13 21:00:00,18754.78,89770.81,130118.01,1,3987
2023-08-13 22:00:00,17183.22,81499.67,115190.48,1,3342
2023-08-13 23:00:00,16380.3,72675.83,100963.45,1,2530
2023-08-14 00:00:00,8865.99,40007.06,56160.31,1,1578
2023-08-14 01:00:00,3433.12,15783.97,21728.07,1,678
2023-08-14 02:00:00,1926.46,8488.76,11398.52,2,379
2023-08-14 03:00:00,1251.58,5475.16,7690.19,1,247
2023-08-14 04:00:00,195456.84000000003,8265.76,11073.47,1,280
2023-08-14 05:00:00,4195.61,18443.3,25188.97,1,620
2023-08-14 06:00:00,7203.31,33078.39,45116.57,1,1449
2023-08-14 07:00:00,10941.7,54344.75,75532.53,1,2642
2023-08-14 08:00:00,15081.26,79601.15,113127.86,1,4010
2023-08-14 09:00:00,13588.46,76393.74,110020.25,1,4335
2023-08-14 10:00:00,14671.12,83334.09,119291.3,1,4425
2023-08-14 11:00:00,15775.07,89651.84,127047.23,1,4664
2023-08-14 12:00:00,16593.39,92848.92,131894.22,1,4917
2023-08-14 13:00:00,18942.83,101682.59,144745.4,1,5193
2023-08-14 14:00:00,19410.01,105331.04,150138.82,1,5463
2023-08-14 15:00:00,31038.27,115250.21,161963.19,1,5660
2023-08-14 16:00:00,21214.08,112270.96,172844.58,1,5459
2023-08-14 17:00:00,19788.38,107937.47,169106.46,1,5718
2023-08-14 18:00:00,20134.82,106638.01,170459.19,1,5969
2023-08-14 19:00:00,16926.31,86434.57,136972.69,1,4858
2023-08-14 20:00:00,19409.14,95245.38,140578.21,1,4743
2023-08-14 21:00:00,18317.87,90718.91,132918.54,1,4579
2023-08-14 22:00:00,15123.74,71346.37,101777.59,1,3266
2023-08-14 23:00:00,39498.729999999996,65377.02,91128.25,1,2456
2023-08-15 00:00:00,8522.15,37420.77,52397.6,1,1446
2023-08-15 01:00:00,2943.79,14131.44,18902.06,1,604
2023-08-15 02:00:00,1554.05,6869.9,9568.95,1,339
2023-08-15 03:00:00,1312.81,5559.42,7559.55,1,198
2023-08-15 05:00:00,2696.31,12524.03,17755.61,1,546
2023-08-15 06:00:00,6945.25,32541.8,45137.33,1,1555
2023-08-15 07:00:00,9965.07,51466.76,73691.6,1,2869
2023-08-15 08:00:00,14126.17,80785.68,115968.69,1,4471
2023-08-15 09:00:00,15297.26,90283.41,128438.77,1,4904
2023-08-15 10:00:00,15307.95,91746.3,130078.54,1,4924
2023-08-15 11:00:00,23356.96,94964.86,135246.87,1,4960
2023-08-15 12:00:00,17176.8,102302.55,145322.34,1,5433
2023-08-15 13:00:00,18715.72,107961.94,154120.23,1,5721
2023-08-15 14:00:00,27581.62,115941.44,164213.43,1,5951
2023-08-15 15:00:00,30895.55,117186.9,165761.45,1,5944
2023-08-15 16:00:00,19670.02,114666.04,178323.26,1,5939
2023-08-15 17:00:00,20480.92,119527.49,187670.38,1,6432
2023-08-15 18:00:00,20332.38,116070.7,186840.34,1,6802
2023-08-15 19:00:00,36672.29,92883.55,150003.71,1,5530
2023-08-15 20:00:00,18810.69,97102.05,146627.75,1,5464
2023-08-15 21:00:00,18852.81,97315.7,146248.71,1,5481
2023-08-15 22:00:00,16856.63,84420.07,124454.38,1,4403
2023-08-15 23:00:00,14907.13,69978.89,100519.01,1,3028
2023-08-16 00:00:00,8909.47,41805.47,58004.64,1,1783
2023-08-16 01:00:00,4216.65,19909.47,27531.84,1,886
2023-08-16 02:00:00,2278.68,10882.21,14599.95,1,459
2023-08-16 03:00:00,1606.95,6969.75,9668.33,1,313
2023-08-16 04:00:00,1707.83,7830.85,10662.67,1,291
2023-08-16 05:00:00,3613.13,16233.82,22916.36,1,668
2023-08-16 06:00:00,6953.25,33319.0,46169.17,1,1643
2023-08-16 07:00:00,10468.21,54111.72,77447.14,1,3023
2023-08-16 08:00:00,14083.35,80588.58,116384.24,1,4644
2023-08-16 09:00:00,15119.8,89156.07,127327.65,1,4904
2023-08-16 10:00:00,15389.64,92160.26,131721.76,1,4966
2023-08-16 11:00:00,15627.84,96500.89,137479.76,1,5170
2023-08-16 12:00:00,18669.74,112934.49,159544.11,1,5795
2023-08-16 13:00:00,18943.88,113462.65,160104.71,1,5809
2023-08-16 14:00:00,20820.76,120087.08,170513.94,1,6043
2023-08-16 15:00:00,21713.64,123286.9,173509.62,1,6036
2023-08-16 16:00:00,22170.87,128934.33,197893.05,1,6298
2023-08-16 17:00:00,23036.4,136515.16,213663.4,1,7173
2023-08-16 18:00:00,21129.78,122900.79,196748.92,1,7072
2023-08-16 19:00:00,18809.32,103481.21,167433.22,1,6240
2023-08-16 20:00:00,20538.38,107808.66,161304.54,1,5859
2023-08-16 21:00:00,21503.42,109643.52,162688.65,1,5830
2023-08-16 22:00:00,32093.71,97384.57,143349.05,1,5186
2023-08-16 23:00:00,15595.95,74515.53,107974.74,1,3471
2023-08-17 00:00:00,7375.38,35873.82,51692.98,1,1847
2023-08-17 01:00:00,4862.38,22855.65,31590.08,1,1028
2023-08-17 02:00:00,2393.28,11798.55,16402.54,1,574
2023-08-17 03:00:00,1450.89,6628.44,9710.6,1,351
2023-08-17 04:00:00,1926.05,8814.99,12091.8,1,328
2023-08-17 05:00:00,3334.39,15202.54,21328.61,1,575
2023-08-17 06:00:00,7700.55,36199.84,50096.909999999996,1,1606
2023-08-17 07:00:00,10116.5,51815.9,74304.02,1,2872
2023-08-17 08:00:00,14636.55,81147.49,116748.18,1,4493
2023-08-17 09:00:00,14201.8,83134.71,119201.34,1,4715
2023-08-17 10:00:00,14889.24,90676.5,129270.67,1,4885
2023-08-17 11:00:00,14415.64,90265.25,129566.98,1,4985
2023-08-17 12:00:00,17696.18,105387.73,149880.46,1,5433
2023-08-17 13:00:00,20039.42,115821.13,163489.73,1,5753
2023-08-17 14:00:00,21374.4,122072.42,172597.91,1,5924
2023-08-17 15:00:00,23835.42,136083.27,192884.61,1,6828
2023-08-17 16:00:00,25074.25,145173.26,223129.91,1,7069
2023-08-17 17:00:00,22955.51,132701.17,206771.79,1,6785
2023-08-17 18:00:00,22382.96,130662.97,208941.19,1,7331
2023-08-17 19:00:00,20935.22,115980.27,183966.53,1,6403
2023-08-17 20:00:00,21008.19,108717.55,161271.29,1,5705
2023-08-17 21:00:00,20437.6,108004.92,160081.63,1,5750
2023-08-17 22:00:00,17927.25,95407.24,140538.92,1,5065
2023-08-17 23:00:00,13923.06,71484.07,104101.46,1,3725
2023-08-18 00:00:00,10362.29,50376.0,73872.19,1,2532
2023-08-18 01:00:00,7245.38,34697.29,49297.47,1,1702
2023-08-18 02:00:00,3768.36,19868.9,28127.27,1,987
2023-08-18 03:00:00,2247.84,11670.82,16595.64,1,589
2023-08-18 04:00:00,2118.72,10051.28,13978.539999999999,1,408
2023-08-18 05:00:00,4005.2400000000002,19012.26,26117.34,1,722
2023-08-18 06:00:00,7553.7,34932.88,48602.05,1,1569
2023-08-18 07:00:00,109820.36,42183.34,59971.39,1,2330
2023-08-18 08:00:00,11154.16,59864.7,84844.97,1,3161
2023-08-18 09:00:00,122673.34,74077.41,104674.89,1,3800
2023-08-18 10:00:00,14336.36,79846.09,112447.86,1,4034
2023-08-18 11:00:00,48154.920000000006,88428.5,125024.86,1,4500
2023-08-18 12:00:00,135062.27,92941.36,131768.73,1,4778
2023-08-18 13:00:00,46787.76,102557.34,144227.77,1,5087
2023-08-18 14:00:00,77730.16,116551.71,164096.38999999998,1,5462
2023-08-18 15:00:00,30042.34,115181.92,161659.26,1,5645
2023-08-18 16:00:00,19673.64,112316.23,171955.11,1,5471
2023-08-18 17:00:00,20239.56,116206.28,179291.01,1,5759
2023-08-18 18:00:00,19870.81,112234.66,176489.82,1,6080
2023-08-18 19:00:00,27808.03,99896.61,156871.29,1,5464
2023-08-18 20:00:00,18195.09,95459.15,140638.29,1,4995
2023-08-18 21:00:00,17742.93,92956.68,135756.19,1,4725
2023-08-18 22:00:00,18555.01,100120.49,146433.32,1,5207
2023-08-18 23:00:00,18491.51,98166.18,142478.92,1,4962
2023-08-19 00:00:00,15025.25,85941.72,124443.41,1,4552
2023-08-19 01:00:00,11505.05,66089.04,97133.03,1,3937
2023-08-19 02:00:00,8230.9,45634.95,67374.68,1,2783
2023-08-19 03:00:00,5886.28,32461.1,46790.28,1,1857
2023-08-19 04:00:00,3503.78,18474.9,25754.87,1,936
2023-08-19 05:00:00,3726.16,15875.960000000001,21406.38,1,522
2023-08-19 06:00:00,5375.42,24023.0,32809.12,1,932
2023-08-19 07:00:00,6775.0,29898.14,41735.69,1,1236
2023-08-19 08:00:00,9358.36,43960.84,60800.659999999996,1,1981
2023-08-19 09:00:00,11027.82,56092.09,78481.76,1,2792
2023-08-19 10:00:00,94181.11,67756.88,95067.4,1,3475
2023-08-19 11:00:00,13177.51,76813.71,107561.14,1,3914
2023-08-19 12:00:00,14615.66,86672.94,121487.92,1,4436
2023-08-19 13:00:00,17129.84,97918.78,136958.05,1,4952
2023-08-19 14:00:00,19280.1,104569.77,145923.49,2,4919
2023-08-19 15:00:00,20767.87,110389.22,153688.88999999998,2,5155
2023-08-19 16:00:00,19352.53,106867.89,148080.7,2,5264
2023-08-19 17:00:00,18833.96,107248.9,149885.69,2,5573
2023-08-19 18:00:00,17966.22,103259.85,145058.22,2,5650
2023-08-19 19:00:00,18285.11,104852.32,147007.8,2,5595
2023-08-19 20:00:00,17195.7,95832.17,137435.15,2,4965
2023-08-19 21:00:00,50074.27,88620.75,128738.11,2,4711
2023-08-19 22:00:00,18644.22,100660.98,144332.85,2,5044
2023-08-19 23:00:00,18797.77,105042.29,150137.71,2,5200
2023-08-20 00:00:00,15550.13,80693.35,116827.91,1,4429
2023-08-20 01:00:00,12641.03,68922.52,100586.97,1,4114
2023-08-20 02:00:00,8840.5,51491.17,74657.26,1,3081
2023-08-20 03:00:00,5412.04,29369.05,42704.09,1,1720
2023-08-20 04:00:00,3890.58,20543.3,28894.56,1,1030
2023-08-20 05:00:00,3266.62,14829.53,19842.52,1,475
2023-08-20 06:00:00,4891.66,21470.28,28726.11,1,749
2023-08-20 07:00:00,6435.29,27881.46,38118.18,1,1123
2023-08-20 08:00:00,7229.14,34581.53,48443.64,1,1583
2023-08-20 09:00:00,10431.33,49426.31,69261.06999999999,1,2372
2023-08-20 10:00:00,12546.39,61763.57,87502.06,1,3125
2023-08-20 11:00:00,13470.7,70653.61,100240.53,1,3706
2023-08-20 12:00:00,16670.32,87755.42,124191.67,1,4248
2023-08-20 13:00:00,19697.64,102447.02,143024.81,1,4492
2023-08-20 14:00:00,20678.15,110443.74,153918.17,1,4818
2023-08-20 15:00:00,21455.9,113826.76,158358.13999999998,2,4816
2023-08-20 16:00:00,20830.53,108445.48,151128.92,2,4754
2023-08-20 17:00:00,18954.89,100871.36,141840.44,1,4718
2023-08-20 18:00:00,19509.71,103043.05,146155.05,1,4814
2023-08-20 19:00:00,19263.65,95821.96,134394.41,1,4432
2023-08-20 20:00:00,19995.16,97842.23,141118.53,1,4230
2023-08-20 21:00:00,53088.74,93326.89,135006.17,1,4011
2023-08-20 22:00:00,16176.14,75301.71,107452.47,1,3179
2023-08-20 23:00:00,14041.73,63449.74,88746.24,1,2327
2023-08-21 00:00:00,8730.65,38077.89,52982.96,1,1370
2023-08-21 01:00:00,3472.2400000000002,15221.34,20519.1,1,623
2023-08-21 02:00:00,1506.35,6639.99,9101.2,1,313
2023-08-21 03:00:00,1377.93,6607.26,8983.72,1,255
2023-08-21 04:00:00,1751.49,8487.61,11448.62,1,294
2023-08-21 05:00:00,4108.77,18177.28,24719.91,1,615
2023-08-21 06:00:00,7894.32,35830.64,48717.8,1,1479
2023-08-21 07:00:00,11035.97,53443.96,75606.77,1,2650
2023-08-21 08:00:00,12668.8,67728.69,96988.0,1,3672
2023-08-21 09:00:00,13780.5,74721.2,106261.56999999999,1,3954
2023-08-21 10:00:00,14358.5,78673.86,111960.73,1,4180
2023-08-21 11:00:00,15030.34,84755.77,119857.39,1,4400
2023-08-21 12:00:00,16516.7,92080.19,130230.81,1,4799
2023-08-21 13:00:00,19692.92,103943.97,147692.12,1,5149
2023-08-21 14:00:00,19933.23,107483.75,152032.94,1,5318
2023-08-21 15:00:00,30556.079999999998,110951.69,156321.56,1,5430
2023-08-21 16:00:00,21624.34,114255.61,174759.25,1,5496
2023-08-21 17:00:00,19751.2,106064.29,165813.87,1,5585
2023-08-21 18:00:00,18086.08,95740.95,154050.62,1,5533
2023-08-21 19:00:00,18310.12,91614.05,144591.11,1,4875
2023-08-21 20:00:00,18315.0,89413.82,132016.15,1,4472
2023-08-21 21:00:00,16883.72,81296.65,119444.16,1,3987
2023-08-21 22:00:00,29834.23,70466.8,101272.6,1,3220
2023-08-21 23:00:00,12915.54,57911.69,81014.63,1,2240
2023-08-22 00:00:00,5853.4,26899.06,37313.5,1,1141
2023-08-22 01:00:00,2701.91,12213.17,16514.25,1,518
2023-08-22 02:00:00,1653.36,7376.83,9889.61,1,327
2023-08-22 03:00:00,848.13,3677.59,5143.21,1,171
2023-08-22 04:00:00,1444.66,6360.32,8612.86,1,233
2023-08-22 05:00:00,2932.51,13151.62,18122.46,1,507
2023-08-22 06:00:00,7384.92,33732.12,46084.15,1,1453
2023-08-22 07:00:00,10641.74,52669.66,74704.22,1,2770
2023-08-22 08:00:00,52712.71000000001,74054.89,106371.91,1,4058
2023-08-22 09:00:00,14169.51,82369.3,117276.74,1,4449
2023-08-22 10:00:00,38585.63,82440.21,118186.01,1,4420
2023-08-22 11:00:00,15047.4,89050.77,126256.05,1,4662
2023-08-22 12:00:00,15867.46,93398.35,132737.6,1,4949
2023-08-22 13:00:00,16987.41,96420.52,136435.2,1,5018
2023-08-22 14:00:00,20485.43,114892.86,161732.92,1,5613
2023-08-22 15:00:00,21258.57,118901.01,165470.21,1,5618
2023-08-22 16:00:00,21738.94,120943.53,184817.1,1,5654
2023-08-22 17:00:00,20312.62,117082.1,181819.31,1,6021
2023-08-22 18:00:00,18720.84,107001.39,172051.39,1,6325
2023-08-22 19:00:00,18793.15,98143.9,156166.59,1,5430
2023-08-22 20:00:00,18514.35,94148.78,140726.63999999998,1,5023
2023-08-22 21:00:00,18088.27,92837.7,138017.05,1,5130
2023-08-22 22:00:00,17856.93,87252.37,127413.83,1,4443
2023-08-22 23:00:00,15086.64,68692.29,98396.73,1,2986
2023-08-23 00:00:00,6454.42,30896.47,43726.59,1,1479
2023-08-23 01:00:00,3381.63,15741.3,21868.6,1,764
2023-08-23 02:00:00,1184.89,6241.75,9118.71,1,387
2023-08-23 03:00:00,917.32,4590.08,6657.21,1,270
2023-08-23 04:00:00,1509.99,6823.88,9737.21,1,276
2023-08-23 05:00:00,3235.06,14334.27,19508.11,1,545
2023-08-23 06:00:00,7268.64,33176.84,45352.96,1,1473
2023-08-23 07:00:00,10023.46,51977.17,74322.19,1,2834
2023-08-23 08:00:00,13224.54,74580.34,106866.1,1,4124
2023-08-23 09:00:00,109072.39,79938.72,114609.72,1,4523
2023-08-23 10:00:00,13955.08,84084.68,120390.34,1,4572
2023-08-23 11:00:00,15538.67,93713.62,132676.52,1,4843
2023-08-23 12:00:00,17348.77,104565.66,147111.82,1,5308
2023-08-23 13:00:00,19354.76,112530.06,158627.19,1,5571
2023-08-23 14:00:00,162904.1,125076.25,176870.54,1,5971
2023-08-23 15:00:00,159393.11,117609.4,164830.42,1,5627
2023-08-23 16:00:00,20942.97,119255.83,182893.93,1,5734
2023-08-23 17:00:00,21506.69,122542.32,190712.78,1,6353
2023-08-23 18:00:00,21326.38,117525.68,188163.52,1,6656
2023-08-23 19:00:00,19664.69,105214.6,167136.7,1,5895
2023-08-23 20:00:00,19244.24,100927.57,151400.01,1,5508
2023-08-23 21:00:00,17590.08,92174.82,137928.47,1,5134
2023-08-23 22:00:00,18293.94,95020.07,138803.82,1,4916
2023-08-23 23:00:00,14843.19,72397.6,104893.56,1,3498
2023-08-24 00:00:00,9227.08,44866.04,64530.62,1,2164
2023-08-24 01:00:00,4431.7,22226.75,31164.36,1,1040
2023-08-24 02:00:00,1721.74,8996.12,12869.12,1,507
2023-08-24 03:00:00,1562.06,7409.08,10212.73,1,369
2023-08-24 04:00:00,1935.39,9033.63,12423.039999999999,1,345
2023-08-24 05:00:00,3281.61,14480.78,19648.89,1,568
2023-08-24 06:00:00,7242.47,33318.11,45952.27,1,1470
2023-08-24 07:00:00,10994.23,54446.94,77041.99,1,2757
2023-08-24 08:00:00,11123.66,64692.75,93330.81,1,3791
2023-08-24 09:00:00,14071.38,82999.43,118453.76,1,4538
2023-08-24 10:00:00,14426.87,85503.55,121468.81999999999,1,4545
2023-08-24 11:00:00,15674.76,92597.46,131479.48,1,4910
2023-08-24 12:00:00,18916.75,108926.27,154183.9,1,5435
2023-08-24 13:00:00,19905.1,113470.37,160256.09,1,5534
2023-08-24 14:00:00,21299.51,123010.6,172333.53,1,5806
2023-08-24 15:00:00,23228.35,149374.41,210137.42,1,7452
2023-08-24 16:00:00,23533.05,148020.89,224777.13,1,7136
2023-08-24 17:00:00,21939.42,135271.23,205781.82,1,6299
2023-08-24 18:00:00,20421.28,125164.65,195039.5,1,6518
2023-08-24 19:00:00,55444.530000000006,108078.21,170800.58,1,5897
2023-08-24 20:00:00,18503.24,99575.57,148473.36,1,5354
2023-08-24 21:00:00,19657.63,100891.65,149568.68,1,5272
2023-08-24 22:00:00,17374.88,87286.51,126763.69,1,4350
2023-08-24 23:00:00,15025.37,72745.72,105330.38,1,3392
2023-08-25 00:00:00,9725.88,47220.79,68837.61,1,2352
2023-08-25 01:00:00,5817.06,27065.01,39426.24,1,1563
2023-08-25 02:00:00,3290.03,16953.95,24299.96,1,934
2023-08-25 03:00:00,2280.39,10710.85,15231.64,1,559
2023-08-25 04:00:00,2510.54,11364.01,15753.89,1,458
2023-08-25 05:00:00,3793.68,17338.1,23915.66,1,610
2023-08-25 06:00:00,6640.83,31768.3,43834.93,1,1489
2023-08-25 07:00:00,9877.49,51870.85,72457.37,1,2628
2023-08-25 08:00:00,10815.29,60172.26,85416.43,1,3310
2023-08-25 09:00:00,11967.48,66474.52,94807.81,1,3617
2023-08-25 10:00:00,14962.49,83839.27,118993.48,1,4372
2023-08-25 11:00:00,14930.35,85530.38,121187.64,1,4400
2023-08-25 12:00:00,17978.69,99830.14,141405.33,1,4892
2023-08-25 13:00:00,19024.07,101896.21,143677.46,1,4910
2023-08-25 14:00:00,20363.79,114431.0,162159.13,1,5690
2023-08-25 15:00:00,51099.83,120745.28,169612.97,1,5731
2023-08-25 16:00:00,20464.18,114342.39,175029.81,1,5474
2023-08-25 17:00:00,19926.86,108784.96,168810.89,1,5594
2023-08-25 18:00:00,20107.89,109156.87,172530.09,1,5995
2023-08-25 19:00:00,18701.62,99411.46,157031.88,1,5390
2023-08-25 20:00:00,18625.12,96550.16,140799.62,1,4744
2023-08-25 21:00:00,15839.4,85030.46,125799.43,1,4527
2023-08-25 22:00:00,17814.51,96608.71,141635.81,1,5113
2023-08-25 23:00:00,17636.1,94450.55,137811.5,1,4899
2023-08-26 00:00:00,14539.09,76162.18,112426.1,1,4245
2023-08-26 01:00:00,9989.65,55576.46,83083.75,1,3594
2023-08-26 02:00:00,7793.72,42854.46,63128.16,1,2688
2023-08-26 03:00:00,202722.82,27635.35,40760.12,1,1694
2023-08-26 04:00:00,4096.91,20076.75,28213.26,1,919
2023-08-26 05:00:00,3177.42,14175.06,19176.44,1,491
2023-08-26 06:00:00,5331.7,23777.98,31877.16,1,902
2023-08-26 07:00:00,6258.2300000000005,29423.09,40645.6,1,1360
2023-08-26 08:00:00,7929.8,37002.21,51297.83,1,1772
2023-08-26 09:00:00,9978.29,50686.96,72743.21,1,2760
2023-08-26 10:00:00,49902.229999999996,65347.41,92923.38,1,3518
2023-08-26 11:00:00,12902.29,71800.79,102573.03,1,4034
2023-08-26 12:00:00,15597.48,87720.72,123896.03,1,4714
2023-08-26 13:00:00,17034.6,93493.45,132166.93,1,4917
2023-08-26 14:00:00,49079.719999999994,109942.48,153553.1,2,5267
2023-08-26 15:00:00,31834.71,112661.73,156800.63,2,5479
2023-08-26 16:00:00,20433.01,112947.75,158417.27,2,5500
2023-08-26 17:00:00,19729.71,111367.42,155868.83,2,5673
2023-08-26 18:00:00,19447.14,111463.9,154981.72,2,5715
2023-08-26 19:00:00,19000.46,107397.4,150385.23,2,5689
2023-08-26 20:00:00,17608.21,95239.1,136511.34,2,4854
2023-08-26 21:00:00,18146.85,96007.8,138271.2,2,4837
2023-08-26 22:00:00,18881.36,103577.4,149334.86,2,5169
2023-08-26 23:00:00,18199.97,97766.65,142043.53,1,5092
2023-08-27 00:00:00,14337.72,82608.36,119536.38,1,4724
2023-08-27 01:00:00,11036.9,61518.909999999996,90820.34,1,3798
2023-08-27 02:00:00,8002.72,42873.35,64574.39,1,2786
2023-08-27 03:00:00,5633.75,31391.22,45938.53,1,1948
2023-08-27 04:00:00,4079.81,21674.76,30396.54,1,1127
2023-08-27 05:00:00,3011.47,13858.72,18537.87,1,439
2023-08-27 06:00:00,5653.06,24294.1,31830.66,1,781
2023-08-27 07:00:00,104536.94,29579.14,40369.36,1,1123
2023-08-27 08:00:00,7680.01,35692.94,49373.33,1,1598
2023-08-27 09:00:00,21363.899999999998,50202.34,70633.45,1,2483
2023-08-27 10:00:00,34922.72,70642.93,99437.83,1,3496
2023-08-27 11:00:00,38144.159999999996,73810.41,105904.11,1,3841
2023-08-27 12:00:00,56877.13,90373.56,128021.2,1,4543
2023-08-27 13:00:00,40517.15,101247.22,142853.37,2,4677
2023-08-27 14:00:00,22833.51,115722.49,162785.81,1,5219
2023-08-27 15:00:00,22231.76,116486.39,162577.11,1,5163
2023-08-27 16:00:00,51914.96,116738.73,162871.8,1,5189
2023-08-27 17:00:00,20532.48,109487.58,153572.36,1,5120
2023-08-27 18:00:00,18143.9,98571.97,139833.7,1,4818
2023-08-27 19:00:00,17947.0,92559.57,130870.58,1,4470
2023-08-27 20:00:00,18809.11,93962.0,137235.63,1,4388
2023-08-27 21:00:00,19145.59,92240.89,134172.16,1,4114
2023-08-27 22:00:00,16509.66,79328.21,112528.74,1,3327
2023-08-27 23:00:00,15476.93,68558.39,94863.62,1,2399
2023-08-28 00:00:00,8396.33,35912.49,49302.51,1,1315
2023-08-28 01:00:00,2698.13,12743.95,17635.15,1,596
2023-08-28 02:00:00,2147.63,9518.48,12615.58,1,383
2023-08-28 03:00:00,1460.33,6513.4800000000005,8688.72,1,259
2023-08-28 04:00:00,1654.14,7432.86,10089.37,1,251
2023-08-28 05:00:00,3527.65,14862.75,20311.32,1,542
2023-08-28 06:00:00,26886.02,34613.08,46231.07,1,1388
2023-08-28 07:00:00,11749.74,55097.88,77114.53,1,2553
2023-08-28 08:00:00,13028.79,69230.26,99348.2,1,3720
2023-08-28 09:00:00,14291.97,78854.76,112318.3,1,4128
2023-08-28 10:00:00,15665.38,86075.67,121872.6,1,4199
2023-08-28 11:00:00,14873.23,82521.29,116597.22,1,4137
2023-08-28 12:00:00,17891.76,96165.15,135924.76,1,4684
2023-08-28 13:00:00,18608.71,100258.85,141255.75,1,4884
2023-08-28 14:00:00,18891.93,103019.24,145226.37,1,4974
2023-08-28 15:00:00,20557.99,109896.51,154628.42,1,5314
2023-08-28 16:00:00,21112.03,110385.86,169703.09,1,5235
2023-08-28 17:00:00,20394.74,107382.09,167332.34,1,5524
2023-08-28 18:00:00,19850.57,105112.31,167628.38,1,5759
2023-08-28 19:00:00,18269.62,91229.23,142886.55,1,4679
2023-08-28 20:00:00,17741.98,86282.09,127327.14,1,4308
2023-08-28 21:00:00,17115.67,82196.22,119289.51,1,3927
2023-08-28 22:00:00,16255.710000000001,76175.88,109065.65,1,3282
2023-08-28 23:00:00,13185.82,59115.44,83013.82,1,2255
2023-08-29 00:00:00,9015.56,40354.23,54929.51,1,1538
2023-08-29 01:00:00,3325.28,15656.51,21851.83,1,734
2023-08-29 02:00:00,1281.35,5832.92,7958.55,1,278
2023-08-29 03:00:00,1944.14,7338.21,9617.35,1,252
2023-08-29 04:00:00,1676.88,7927.23,10499.44,1,276
2023-08-29 05:00:00,3485.85,15782.85,21833.97,1,667
2023-08-29 06:00:00,8854.94,41525.159999999996,56465.26,1,1925
2023-08-29 07:00:00,12487.9,66226.06,92689.06999999999,1,3470
2023-08-29 08:00:00,16787.74,97742.79,137923.44,1,5152
2023-08-29 09:00:00,16509.41,103757.31,145464.91,1,5335
2023-08-29 10:00:00,16453.95,102375.8,144036.31,1,5196
2023-08-29 11:00:00,15621.81,94160.04,133214.26,1,4941
2023-08-29 12:00:00,17344.3,105552.41,148420.45,1,5249
2023-08-29 13:00:00,18682.13,108530.9,153429.56,1,5441
2023-08-29 14:00:00,30942.65,123150.12,172581.83,1,5868
2023-08-29 15:00:00,141190.72,122241.56,171396.8,1,5799
2023-08-29 16:00:00,21100.41,122495.63,186274.22,1,5729
2023-08-29 17:00:00,20652.65,120842.36,186871.87,1,6154
2023-08-29 18:00:00,20375.44,116258.35,185095.0,1,6448
2023-08-29 19:00:00,28770.64,102857.78,161870.65,1,5623
2023-08-29 20:00:00,19293.11,97549.18,144193.06,1,5063
2023-08-29 21:00:00,17800.41,91254.57,134550.2,1,4818
2023-08-29 22:00:00,17037.68,85286.87,124170.58,1,4321
2023-08-29 23:00:00,15824.45,77007.57,110052.01,1,3551
2023-08-30 00:00:00,8772.28,39866.95,56255.38,1,1754
2023-08-30 01:00:00,3453.31,16468.99,23006.19,1,793
2023-08-30 02:00:00,1883.51,9023.33,12481.22,1,411
2023-08-30 03:00:00,985.53,4873.91,6842.44,1,235
2023-08-30 04:00:00,1718.44,8039.1,10892.71,1,273
2023-08-30 05:00:00,3640.34,16072.46,22212.48,1,599
2023-08-30 06:00:00,7516.51,34161.59,46478.68,1,1528
2023-08-30 07:00:00,9703.57,49213.57,70748.0,1,2687
2023-08-30 08:00:00,14044.87,81842.75,116900.16,1,4592
2023-08-30 09:00:00,15552.08,103271.08,148425.4,1,6020
2023-08-30 10:00:00,13792.1,87360.25,123146.53,1,4586
2023-08-30 11:00:00,16703.22,103128.13,145284.09,1,4920
2023-08-30 12:00:00,18704.39,112948.61,158054.73,1,5300
2023-08-30 13:00:00,19059.94,113582.01,159506.07,1,5336
2023-08-30 14:00:00,21012.38,120802.77,169538.99,1,5689
2023-08-30 15:00:00,20835.94,120269.14,167458.77,1,5752
2023-08-30 16:00:00,19535.25,115464.1,175564.31,1,5494
2023-08-30 17:00:00,21459.75,125575.47,193646.61,1,6166
2023-08-30 18:00:00,20409.53,117845.64,186316.1,1,6397
2023-08-30 19:00:00,19083.92,103290.73,162810.02,1,5598
2023-08-30 20:00:00,18675.64,96662.33,143063.1,1,5008
2023-08-30 21:00:00,18297.34,95918.28,141557.95,1,5006
2023-08-30 22:00:00,17642.05,91304.28,132357.58,1,4558
2023-08-30 23:00:00,16222.11,79624.4,114146.87,1,3587
2023-08-31 00:00:00,9857.47,48508.25,69164.44,1,2431
2023-08-31 01:00:00,4076.55,20433.92,28504.78,1,1032
2023-08-31 02:00:00,2445.44,11415.82,16107.43,1,578
2023-08-31 03:00:00,1516.31,7169.42,10069.82,1,364
2023-08-31 04:00:00,1958.33,9331.98,13102.68,1,339
2023-08-31 05:00:00,3548.79,15942.46,21665.71,1,552
2023-08-31 06:00:00,8197.39,37154.39,50559.53,1,1523
2023-08-31 07:00:00,10728.74,53956.42,75907.4,1,2703
2023-08-31 08:00:00,12794.32,69534.77,99670.01,1,3720
2023-08-31 09:00:00,14411.460000000001,82453.42,117911.83,1,4252
2023-08-31 10:00:00,16281.11,94304.14,133448.73,1,4633
2023-08-31 11:00:00,16236.55,95599.62,133889.59,1,4627
2023-08-31 12:00:00,18021.35,106818.41,149734.69,1,5094
2023-08-31 13:00:00,19134.9,110006.94,154488.13,1,5081
2023-08-31 14:00:00,23304.67,130675.81,183077.25,1,5708
2023-08-31 15:00:00,22815.42,131311.95,182818.47,1,5851
2023-08-31 16:00:00,21801.18,127745.67,192070.89,1,5641
2023-08-31 17:00:00,21920.41,129063.46,197369.79,1,5997
2023-08-31 18:00:00,21112.71,121961.52,191411.99,1,6344
2023-08-31 19:00:00,19032.47,104870.61,163460.05,1,5500
2023-08-31 20:00:00,20563.48,107581.67,157686.09,1,5181
2023-08-31 21:00:00,21710.51,110754.43,162804.5,1,5404
2023-08-31 22:00:00,18394.31,94943.77,138661.03,1,4692
2023-08-31 23:00:00,18656.59,91616.16,129460.5,1,3991
2023-09-01 00:00:00,41.519999999999996,274.8,343.38,2,8
2023-08-31 23:00:00,87.49,433.9,618.0,2,18
2023-09-01 00:00:00,10573.39,52672.15,75884.29,1,2661
2023-09-01 01:00:00,6330.55,30211.04,43479.71,1,1622
2023-09-01 02:00:00,3326.82,17329.29,25259.91,1,1007
2023-09-01 03:00:00,2248.23,11130.13,15855.15,1,583
2023-09-01 04:00:00,2399.72,10850.81,15221.62,1,459
2023-09-01 05:00:00,4189.94,18910.78,26280.28,1,659
2023-09-01 06:00:00,7874.9,35615.39,48820.0,1,1436
2023-09-01 07:00:00,10085.41,48062.32,67301.53,1,2112
2023-09-01 08:00:00,11543.92,60304.87,86251.6,1,3010
2023-09-01 09:00:00,13864.7,75109.37,106326.11,1,3654
2023-09-01 10:00:00,15491.49,84207.9,120449.69,1,4145
2023-09-01 11:00:00,15852.78,88434.59,125024.1,1,4288
2023-09-01 12:00:00,17832.35,98226.98,139094.56,1,4785
2023-09-01 13:00:00,28965.57,105096.25,147346.78,1,4865
2023-09-01 14:00:00,21464.6,121990.51,171134.38,1,5654
2023-09-01 15:00:00,32010.58,127999.87,177497.96,1,5736
2023-09-01 16:00:00,21345.5,119520.84,181563.24,1,5366
2023-09-01 17:00:00,22621.96,121183.51,184095.26,1,5613
2023-09-01 18:00:00,21030.920000000002,113888.71,177278.91,1,5851
2023-09-01 19:00:00,18697.53,100885.39,157344.61,1,5311
2023-09-01 20:00:00,18577.88,94407.36,138059.21,1,4636
2023-09-01 21:00:00,17962.87,91991.4,134431.01,2,4437
2023-09-01 22:00:00,17410.61,91650.7,132291.54,2,4508
2023-09-01 23:00:00,17013.39,88212.09,128116.99,2,4286
2023-09-02 00:00:00,12843.05,69324.96,100280.94,2,3704
2023-09-02 01:00:00,9811.49,51844.75,75961.56,1,2953
2023-09-02 02:00:00,6698.73,35362.56,52313.16,1,2227
2023-09-02 03:00:00,5643.63,30233.24,43840.159999999996,1,1723
2023-09-02 04:00:00,3321.09,18336.66,25629.78,1,897
2023-09-02 05:00:00,2484.74,10918.54,14968.05,1,383
2023-09-02 06:00:00,5662.47,24970.35,33231.57,1,814
2023-09-02 07:00:00,6065.82,27542.89,37695.77,1,1140
2023-09-02 08:00:00,8312.65,38930.7,54288.02,1,1734
2023-09-02 09:00:00,10172.28,49912.59,71294.38,1,2603
2023-09-02 10:00:00,12289.45,63460.56,90028.22,1,3311
2023-09-02 11:00:00,44231.409999999996,76720.09,109076.77,1,3937
2023-09-02 12:00:00,15167.9,80401.02,114339.59,2,4283
2023-09-02 13:00:00,16408.29,88507.19,124653.36,2,4662
2023-09-02 14:00:00,19047.7,99901.39,139770.63,2,4728
2023-09-02 16:00:00,20537.87,108748.77,151845.99,2,5260
2023-09-02 17:00:00,19791.97,106581.9,148012.57,2,5340
2023-09-02 18:00:00,17871.72,99671.48,139863.24,2,5218
2023-09-02 19:00:00,17202.78,97146.03,136006.69,2,5144
2023-09-02 20:00:00,15438.48,84682.92,122224.05,2,4481
2023-09-02 21:00:00,15940.93,83691.9,120538.74,2,4197
2023-09-02 22:00:00,17465.45,93335.66,132871.22,2,4585
2023-09-02 23:00:00,15271.13,83166.74,119200.71,2,4223
2023-09-03 00:00:00,12282.11,64695.27,93450.49,2,3453
2023-09-03 01:00:00,9071.58,48510.91,70808.58,1,2861
2023-09-03 02:00:00,6397.35,35963.24,52151.08,1,2195
2023-09-03 03:00:00,4660.69,24915.08,35832.39,1,1430
2023-09-03 04:00:00,3220.2,15701.63,22065.59,1,797
2023-09-03 05:00:00,2315.51,10814.14,14404.49,1,382
2023-09-03 06:00:00,4314.5199999999995,18545.83,24749.73,1,642
2023-09-03 07:00:00,5928.36,26555.18,36028.35,1,959
2023-09-03 08:00:00,7705.23,35911.97,48815.56,1,1455
2023-09-03 09:00:00,10375.82,48830.15,69235.08,2,2388
2023-09-03 10:00:00,13067.11,64459.45,90653.12,1,3206
2023-09-03 11:00:00,14414.44,76069.24,107572.06999999999,2,3975
2023-09-03 12:00:00,16867.8,89763.62,126491.54,2,4561
2023-09-03 13:00:00,18422.73,94799.34,133592.17,2,4636
2023-09-03 14:00:00,19457.44,104102.19,145188.13999999998,2,5014
2023-09-03 15:00:00,21989.35,116716.85,160622.65,2,5355
2023-09-03 16:00:00,21939.36,114101.48,159399.07,2,5194
2023-09-03 17:00:00,20792.07,111852.73,155118.9,2,5209
2023-09-03 18:00:00,19457.33,107986.12,150546.48,2,5381
2023-09-03 19:00:00,18003.02,93317.69,129400.98,2,4470
2023-09-03 20:00:00,18414.24,91255.31,130888.15,2,4131
2023-09-03 21:00:00,15616.59,79828.61,113823.0,2,3852
2023-09-03 22:00:00,16883.15,84063.55,118976.53,2,3835
2023-09-03 23:00:00,16958.0,83105.08,117098.39,2,3619
2023-09-04 00:00:00,11990.06,62823.04,88046.44,1,3076
2023-09-04 01:00:00,6938.19,35873.78,50362.67,1,1806
2023-09-04 02:00:00,3068.49,15748.75,22695.4,1,893
2023-09-04 03:00:00,2561.08,13684.56,19189.26,2,678
2023-09-04 04:00:00,3323.13,16866.72,22851.11,1,653
2023-09-04 05:00:00,4473.44,19176.11,25477.59,2,498
2023-09-04 06:00:00,6860.43,29101.74,38572.72,1,813
2023-09-04 07:00:00,7192.17,31464.25,43383.36,1,1083
2023-09-04 08:00:00,9222.91,40705.94,57146.64,1,1461
2023-09-04 09:00:00,9980.87,48147.1,68615.28,1,2221
2023-09-04 10:00:00,12610.61,61271.98,87652.56999999999,1,2963
2023-09-04 11:00:00,15197.55,73741.48,105308.69,2,3551
2023-09-04 12:00:00,17765.13,85907.92,123328.15,1,4248
2023-09-04 13:00:00,20310.67,101539.58,144635.17,2,4776
2023-09-04 14:00:00,38875.39,117272.01,165195.73,1,5254
2023-09-04 15:00:00,22768.59,112352.19,158926.6,2,5043
2023-09-04 16:00:00,22223.96,110059.41,155910.99,1,5019
2023-09-04 17:00:00,21048.16,107224.63,150706.22,1,5032
2023-09-04 18:00:00,37334.590000000004,98833.05,142628.71,1,4944
2023-09-04 19:00:00,19131.22,94495.34,134998.33,1,4606
2023-09-04 20:00:00,22970.76,106111.87,153875.04,1,4530
2023-09-04 21:00:00,22060.55,98410.83,142297.07,1,3957
2023-09-04 22:00:00,18702.48,83068.46,118139.63,1,3203
2023-09-04 23:00:00,16819.76,73011.94,101814.0,1,2383
2023-09-05 00:00:00,8107.54,35588.35,49241.63,1,1255
2023-09-05 01:00:00,3498.62,16324.55,21840.06,1,604
2023-09-05 02:00:00,1866.7,8400.68,11379.49,1,364
2023-09-05 03:00:00,1099.45,5404.75,7418.54,2,207
2023-09-05 04:00:00,2287.69,9931.47,13196.58,1,268
2023-09-05 05:00:00,4033.96,17924.31,24282.9,1,617
2023-09-05 06:00:00,8838.43,40729.08,55751.04,1,1762
2023-09-05 07:00:00,13595.64,70323.96,100436.93,1,3656
2023-09-05 08:00:00,17224.28,98686.5,139214.86,1,5023
2023-09-05 09:00:00,17360.28,102693.85,146115.81,1,5301
2023-09-05 11:00:00,19621.24,114526.23,162477.63,1,5661
2023-09-05 12:00:00,20227.33,118112.78,167122.07,1,5994
2023-09-05 13:00:00,21572.29,125634.15,177316.52,1,6306
2023-09-05 14:00:00,24882.54,141274.98,198547.08,1,6631
2023-09-05 15:00:00,23976.76,139252.44,197231.57,1,6833
2023-09-05 16:00:00,24960.53,145657.86,223295.41,1,6850
2023-09-05 17:00:00,24628.63,148593.27,229905.57,1,7377
2023-09-05 18:00:00,40261.37,148852.8,235246.87,1,8143
2023-09-05 19:00:00,32466.49,120272.81,189816.17,1,6381
2023-09-05 20:00:00,22932.78,114413.5,169624.38,1,5632
2023-09-05 21:00:00,22989.8,113615.2,167390.43,1,5523
2023-09-05 22:00:00,18598.45,91421.64,131662.1,1,4155
2023-09-05 23:00:00,15571.87,70633.14,99789.21,1,2778
2023-09-06 00:00:00,8983.52,41457.24,58188.07,1,1755
2023-09-06 01:00:00,4285.43,20606.89,29400.79,1,996
2023-09-06 02:00:00,1686.84,8294.36,11508.24,1,365
2023-09-06 03:00:00,783.15,4560.96,6235.42,1,204
2023-09-06 04:00:00,1638.38,7153.19,9747.9,1,255
2023-09-06 05:00:00,3743.07,16530.36,22617.48,1,597
2023-09-06 06:00:00,7648.71,37430.81,52506.29,1,1861
2023-09-06 07:00:00,13470.12,74062.32,106301.89,1,4182
2023-09-06 08:00:00,17287.05,104930.35,149308.97,1,5562
2023-09-06 09:00:00,40011.52,105890.01,150384.85,1,5597
2023-09-06 10:00:00,17450.96,116419.05,165609.97,1,5837
2023-09-06 11:00:00,18837.69,124612.06,175798.22,1,6339
2023-09-06 12:00:00,20371.53,135264.68,190449.19,1,6629
2023-09-06 13:00:00,21670.0,141382.59,198854.32,1,6830
2023-09-06 14:00:00,22198.77,145049.06,204640.5,1,7142
2023-09-06 15:00:00,44068.61,156303.4,219219.58,1,7402
2023-09-06 16:00:00,24556.51,153913.1,234330.06,1,7224
2023-09-06 17:00:00,26636.31,174484.77,268543.64,1,8500
2023-09-06 18:00:00,28934.06,175353.52,274408.52,1,9086
2023-09-06 19:00:00,53451.08,144595.01,226984.31,1,7786
2023-09-06 20:00:00,24900.64,141177.47,209019.88,1,7443
2023-09-06 21:00:00,24209.94,129054.17,191426.71,1,6825
2023-09-06 22:00:00,19934.1,107398.23,157210.25,1,5589
2023-09-06 23:00:00,15696.13,78425.85,113182.17,1,3753
2023-09-07 00:00:00,10731.22,51461.86,73734.8,1,2449
2023-09-07 01:00:00,4023.64,19936.4,28273.3,1,1019
2023-09-07 02:00:00,1754.04,9106.32,13313.22,1,548
2023-09-07 03:00:00,1864.61,9105.05,12589.42,1,411
2023-09-07 04:00:00,2205.0,9974.79,13356.16,1,347
2023-09-07 05:00:00,3501.93,16274.4,22351.15,1,641
2023-09-07 06:00:00,22246.5,41422.3,57709.23,1,1967
2023-09-07 07:00:00,48005.26,82227.0,118266.06,1,4662
2023-09-07 08:00:00,18029.45,116644.06,164481.14,1,6137
2023-09-07 09:00:00,17226.07,115393.69,163788.99,1,6110
2023-09-07 10:00:00,18223.02,121915.42,174101.95,1,6290
2023-09-07 11:00:00,19524.0,131433.55,185543.23,1,6445
2023-09-07 12:00:00,20993.07,146203.57,204610.59,1,7084
2023-09-07 13:00:00,22780.53,151269.63,211109.75,1,7091
2023-09-07 14:00:00,25068.48,170188.42,237112.11,1,7816
2023-09-07 15:00:00,35532.89,175820.28,244475.02,1,8147
2023-09-07 16:00:00,48232.630000000005,171587.79,258858.08,1,7817
2023-09-07 17:00:00,25944.95,176737.62,271697.52,1,8706
2023-09-07 18:00:00,27734.13,186667.04,289582.73,1,9822
2023-09-07 19:00:00,44893.4,159861.8,250598.17,1,8636
2023-09-07 20:00:00,24819.57,142336.32,212146.71,1,7617
2023-09-07 21:00:00,22943.45,133139.59,197521.85,1,7314
2023-09-07 22:00:00,23511.82,131148.84,192898.87,1,6690
2023-09-07 23:00:00,21251.02,111688.5,163164.06,1,5625
2023-09-08 00:00:00,14497.38,77958.29,111830.58,1,3782
2023-09-08 01:00:00,10981.28,54729.81,78022.9,1,2517
2023-09-08 02:00:00,35344.2,30816.23,44381.92,1,1423
2023-09-08 03:00:00,2979.22,15909.78,22102.59,1,764
2023-09-08 04:00:00,3287.79,15833.78,21934.329999999998,1,597
2023-09-08 05:00:00,4653.02,21150.69,29328.32,1,744
2023-09-08 06:00:00,8361.5,39688.9,55423.409999999996,1,1741
2023-09-08 07:00:00,56436.8,73625.72,104709.01,1,3972
2023-09-08 08:00:00,16697.92,97545.92,139689.68,1,5025
2023-09-08 09:00:00,18282.87,113385.12,160942.16,1,5548
2023-09-08 10:00:00,18084.33,115964.03,164174.84,1,5715
2023-09-08 11:00:00,20231.85,127940.65,180136.32,1,6012
2023-09-08 12:00:00,20944.22,132462.83,186684.64,1,6417
2023-09-08 13:00:00,23310.0,145700.82,204069.06,1,6814
2023-09-08 14:00:00,66457.63,172455.65,240930.65,1,8049
2023-09-08 15:00:00,25888.06,174593.42,243202.63,1,8120
2023-09-08 16:00:00,21649.31,155629.92,232878.24,1,7324
2023-09-08 17:00:00,30446.06,177578.88,268427.99,1,8567
2023-09-08 18:00:00,25723.33,164427.76,252792.04,1,8359
2023-09-08 19:00:00,21941.61,145597.7,223636.29,1,7557
2023-09-08 20:00:00,21012.51,128129.57,185095.74,1,6395
2023-09-08 21:00:00,46644.18,112473.16,164509.01,1,5600
2023-09-08 22:00:00,25388.54,140922.26,204483.98,1,6687
2023-09-08 23:00:00,25581.89,146071.54,209709.09,1,6939
2023-09-09 00:00:00,21335.6,116110.6,169818.44,1,5870
2023-09-09 01:00:00,17651.29,94570.87,137262.58,1,4862
2023-09-09 02:00:00,10283.48,59313.52,87438.92,1,3598
2023-09-09 03:00:00,6413.76,35618.62,53031.32,1,2266
2023-09-09 04:00:00,4726.13,23268.47,32660.61,1,1150
2023-09-09 05:00:00,2797.28,13502.89,18670.68,1,510
2023-09-09 06:00:00,5368.53,23694.01,32189.21,1,896
2023-09-09 07:00:00,6576.58,31315.59,44265.76,1,1414
2023-09-09 08:00:00,9024.66,45567.45,65036.9,1,2395
2023-09-09 09:00:00,11448.74,64971.95,93114.46,1,3559
2023-09-09 10:00:00,58119.43,85881.41,122632.56,1,4516
2023-09-09 11:00:00,17763.16,109120.85,153509.81,1,5515
2023-09-09 12:00:00,18960.83,123303.27,172958.99,1,6158
2023-09-09 13:00:00,22091.26,134340.61,187591.96,1,6351
2023-09-09 14:00:00,22426.59,144846.59,200492.13,1,6803
2023-09-09 15:00:00,23467.31,150560.97,207813.48,1,7048
2023-09-09 16:00:00,24454.94,149043.18,207873.32,1,7225
2023-09-09 17:00:00,22308.09,145814.32,202227.2,1,7148
2023-09-09 18:00:00,20707.93,136543.08,190057.45,1,7093
2023-09-09 19:00:00,20811.69,137066.0,191405.57,1,7172
2023-09-09 20:00:00,19615.59,117401.52,170406.41,1,6141
2023-09-09 21:00:00,20423.27,122237.0,175933.31,1,6154
2023-09-09 22:00:00,22997.4,132878.28,192120.9,1,6670
2023-09-09 23:00:00,23780.44,136992.14,197716.41,1,6741
2023-09-10 00:00:00,20598.53,125385.31,178951.37,1,6278
2023-09-10 01:00:00,18747.12,101673.6,147371.43,1,5394
2023-09-10 02:00:00,12728.92,69618.58,101837.25,1,3957
2023-09-10 03:00:00,8409.05,48342.91,70456.78,1,2902
2023-09-10 04:00:00,6117.84,33774.75,47333.96,1,1679
2023-09-10 05:00:00,4326.31,19405.59,26522.24,1,634
2023-09-10 06:00:00,5639.57,25236.73,34110.72,1,856
2023-09-10 07:00:00,6596.35,31100.41,43442.83,1,1341
2023-09-10 08:00:00,9108.73,43511.49,60703.03,1,2026
2023-09-10 09:00:00,12664.69,65944.56,94456.94,1,3530
2023-09-10 10:00:00,17654.82,102670.12,146997.54,1,5642
2023-09-10 11:00:00,20248.78,119083.01,169063.71,1,6256
2023-09-10 12:00:00,20757.91,125443.8,177801.93,1,6201
2023-09-10 13:00:00,41989.75,116219.26,161388.21,1,5471
2023-09-10 14:00:00,20348.48,115526.11,161143.49,1,5486
2023-09-10 15:00:00,22762.0,124142.33,174324.83,1,5706
2023-09-10 16:00:00,24649.05,137813.62,193802.9,1,6157
2023-09-10 17:00:00,23489.09,129527.0,180635.02,1,5748
2023-09-10 18:00:00,23702.61,128294.56,181353.49,1,5987
2023-09-10 19:00:00,21093.7,117215.33,164669.78,1,5535
2023-09-10 20:00:00,20670.95,116894.38,171186.82,1,5863
2023-09-10 21:00:00,20249.4,105392.35,154593.6,1,5138
2023-09-10 22:00:00,19524.53,98269.04,138106.95,1,4041
2023-09-10 23:00:00,17183.32,86924.63,120508.8,1,3314
2023-09-11 00:00:00,12127.17,54366.12,75753.2,1,1906
2023-09-11 01:00:00,4646.11,20567.09,28972.1,1,851
2023-09-11 02:00:00,4283.94,18209.97,24624.26,1,571
2023-09-11 03:00:00,2396.36,11293.51,15172.789999999999,1,378
2023-09-11 04:00:00,3314.91,14321.12,19787.79,1,455
2023-09-11 05:00:00,5485.2,25452.92,35341.2,1,897
2023-09-11 06:00:00,43342.200000000004,48468.43,67391.34,1,2105
2023-09-11 07:00:00,16556.05,88976.48,125918.1,1,4246
2023-09-11 08:00:00,16680.95,104491.35,147382.96,1,5290
2023-09-11 09:00:00,15788.34,98813.45,140798.59,1,5129
2023-09-11 10:00:00,16922.74,104152.45,148249.23,1,5202
2023-09-11 11:00:00,42367.81,119728.2,169790.96,1,5600
2023-09-11 12:00:00,19860.37,123102.58,173372.68,1,5751
2023-09-11 13:00:00,45413.79,132422.31,186458.77,1,6074
2023-09-11 14:00:00,23739.99,161585.25,227355.29,1,6577
2023-09-11 15:00:00,33830.31,151391.58,212527.57,1,7254
2023-09-11 16:00:00,25039.51,153232.71,231732.29,1,7010
2023-09-11 17:00:00,26624.18,180302.88,274085.07,1,8630
2023-09-11 18:00:00,24938.04,172909.38,266095.59,1,8666
2023-09-11 19:00:00,28950.489999999998,119811.5,186393.41,1,6315
2023-09-11 20:00:00,22289.24,117268.33,173418.18,1,5835
2023-09-11 21:00:00,21327.84,111108.15,162857.71,1,5521
2023-09-11 22:00:00,18414.04,91902.94,134685.21,1,4140
2023-09-11 23:00:00,17301.1,78045.7,110576.47,1,2998
2023-09-12 00:00:00,11630.09,54607.55,76111.77,1,2050
2023-09-12 01:00:00,5442.49,26402.6,36810.02,1,1124
2023-09-12 02:00:00,2254.26,10334.01,14346.27,1,446
2023-09-12 03:00:00,1502.57,6834.04,9485.48,1,274
2023-09-12 04:00:00,2225.6,11014.61,14844.33,1,358
2023-09-12 05:00:00,4002.94,18542.67,25587.079999999998,1,662
2023-09-12 06:00:00,8239.81,41127.61,57793.19,1,1975
2023-09-12 07:00:00,14134.37,82382.2,117145.85,1,4392
2023-09-12 08:00:00,18461.09,113080.5,161409.23,1,5784
2023-09-12 09:00:00,18263.48,114921.08,163389.2,1,5746
2023-09-12 10:00:00,18785.69,117824.88,167122.62,1,5819
2023-09-12 11:00:00,18681.01,123868.96,174751.16,1,5904
2023-09-12 12:00:00,19301.06,129068.48,182320.33,1,6192
2023-09-12 13:00:00,21333.8,142197.7,197906.12,1,6380
2023-09-12 14:00:00,23269.33,155719.98,215739.74,1,6925
2023-09-12 15:00:00,34676.77,167922.99,233093.43,1,7142
2023-09-12 16:00:00,25660.53,172795.77,257481.36,1,7206
2023-09-12 17:00:00,25524.17,178433.39,270502.48,1,8205
2023-09-12 18:00:00,26492.34,172978.85,270653.32,1,8958
2023-09-12 19:00:00,25517.42,155643.3,245884.08,1,8497
2023-09-12 20:00:00,26755.17,152615.09,226878.36,1,8082
2023-09-12 21:00:00,24838.85,135073.03,201056.46,1,7197
2023-09-12 22:00:00,19382.8,109012.94,159762.48,1,5711
2023-09-12 23:00:00,15804.48,82943.55,119233.56,1,3971
2023-09-13 00:00:00,8023.95,39820.47,56785.73,1,1963
2023-09-13 01:00:00,3505.2,18122.16,25950.39,1,987
2023-09-13 02:00:00,1666.15,8761.18,12621.3,1,527
2023-09-13 03:00:00,1273.61,6346.37,9145.58,1,360
2023-09-13 04:00:00,2017.78,10006.0,13644.87,1,342
2023-09-13 05:00:00,3665.71,17833.32,25287.49,1,773
2023-09-13 06:00:00,8546.61,43040.81,60597.49,1,2182
2023-09-13 07:00:00,13757.2,79460.77,114381.67,1,4460
2023-09-13 08:00:00,45286.83,111179.37,157170.38,1,5864
2023-09-13 09:00:00,15478.96,106706.53,152299.94,1,5662
2023-09-13 10:00:00,42823.57,115008.99,163180.82,1,5845
2023-09-13 11:00:00,64370.520000000004,121327.53,170980.55,1,5843
2023-09-13 12:00:00,39112.69,132977.54,186288.56,1,6111
2023-09-13 13:00:00,20748.1,135108.83,190481.63999999998,1,6247
2023-09-13 14:00:00,21992.68,151186.61,212032.94,1,6961
2023-09-13 15:00:00,32742.34,151261.97,212968.49,1,6840
2023-09-13 16:00:00,24030.82,152891.69,232855.86,1,6904
2023-09-13 17:00:00,25386.46,164581.98,253540.02,1,7944
2023-09-13 18:00:00,25081.71,163817.54,257411.82,1,8661
2023-09-13 19:00:00,34203.83,145489.19,231405.28,1,8012
2023-09-13 20:00:00,25824.34,142838.82,215338.45,1,7796
2023-09-13 21:00:00,25306.79,143551.09,212147.03,1,7642
2023-09-13 22:00:00,23059.05,125347.94,185072.26,1,6580
2023-09-13 23:00:00,16627.26,83171.41,121806.38,1,4117
2023-09-14 00:00:00,9428.21,45608.66,65913.23,1,2331
2023-09-14 01:00:00,3871.42,20862.54,30313.79,1,1181
2023-09-14 02:00:00,1992.4,10849.91,15843.01,1,640
2023-09-14 03:00:00,1639.83,7967.01,11305.79,1,434
2023-09-14 04:00:00,2541.56,11500.72,15638.539999999999,1,413
2023-09-14 05:00:00,4061.16,18386.4,26174.73,1,688
2023-09-14 06:00:00,9415.92,45413.74,62606.25,1,2043
2023-09-14 07:00:00,13534.8,82422.25,117238.33,1,4547
2023-09-14 08:00:00,17819.22,110340.89,156973.94,1,5713
2023-09-14 09:00:00,146840.1,109623.19,155985.56,1,5702
2023-09-14 10:00:00,16568.72,111041.01,157653.18,1,5535
2023-09-14 11:00:00,18486.75,121090.38,170669.32,1,5955
2023-09-14 12:00:00,18851.05,127526.04,180580.81,1,6276
2023-09-14 13:00:00,21680.69,143560.64,201216.1,1,6415
2023-09-14 14:00:00,25979.55,168027.38,232848.9,1,6918
2023-09-14 15:00:00,45601.47,175222.25,243364.43,1,7407
2023-09-14 16:00:00,36547.479999999996,176433.11,264185.7,1,7547
2023-09-14 17:00:00,26245.27,179404.6,275320.91,1,8580
2023-09-14 18:00:00,27021.51,173316.6,273811.23,1,9300
2023-09-14 19:00:00,26470.57,163290.14,257503.15,1,8901
2023-09-14 20:00:00,27473.23,162087.76,240459.08,1,8426
2023-09-14 21:00:00,73700.21,150976.5,223563.49,1,7764
2023-09-14 22:00:00,24692.6,133437.32,196701.81,1,7017
2023-09-14 23:00:00,20749.01,108282.1,158800.98,1,5396
2023-09-15 00:00:00,11726.53,61063.17,88646.3,1,3235
2023-09-15 01:00:00,8247.97,41505.5,59850.65,1,2090
2023-09-15 02:00:00,3392.06,19835.66,28591.43,1,1141
2023-09-15 03:00:00,2369.65,11932.15,17361.85,1,690
2023-09-15 04:00:00,3159.51,14972.68,20988.91,1,537
2023-09-15 05:00:00,4393.03,20480.66,28618.829999999998,1,701
2023-09-15 06:00:00,9254.37,43680.41,60777.65,1,1795
2023-09-15 07:00:00,12459.27,68696.24,97122.42,1,3512
2023-09-15 08:00:00,16029.41,87302.62,125234.85,1,4650
2023-09-15 09:00:00,15012.02,92266.52,131672.29,1,4849
2023-09-15 10:00:00,16367.65,102596.17,145520.03,1,5102
2023-09-15 11:00:00,17450.88,111115.73,157728.44,1,5441
2023-09-15 12:00:00,18804.11,117330.99,166358.26,1,5742
2023-09-15 13:00:00,59946.49,122632.86,173361.98,1,5854
2023-09-15 14:00:00,25017.15,146628.36,206230.82,1,6690
2023-09-15 15:00:00,104202.67,160968.92,224009.83,1,7062
2023-09-15 16:00:00,24927.78,154942.84,234393.01,1,6932
2023-09-15 17:00:00,26659.6,164855.49,255347.94,1,8222
2023-09-15 18:00:00,25623.01,154561.16,243742.14,1,8561
2023-09-15 19:00:00,24023.65,142915.72,224455.06,1,7999
2023-09-15 20:00:00,21917.02,129767.25,189567.35,1,6589
2023-09-15 21:00:00,22663.37,131707.78,191601.12,1,6586
2023-09-15 22:00:00,21426.67,128944.71,186082.18,1,6454
2023-09-15 23:00:00,20621.85,125114.35,179243.69,1,6137
2023-09-16 00:00:00,16717.83,102652.86,146459.66,1,5374
2023-09-16 01:00:00,11496.18,73491.19,107930.3,1,4552
2023-09-16 02:00:00,9109.72,56155.32,83227.57,1,3588
2023-09-16 03:00:00,6501.18,37525.66,54982.66,1,2340
2023-09-16 04:00:00,3783.4,20868.6,29733.15,1,1151
2023-09-16 05:00:00,2696.09,12182.14,17106.32,1,455
2023-09-16 06:00:00,5084.71,22041.13,29995.68,1,793
2023-09-16 07:00:00,7501.4,34591.56,47605.18,1,1409
2023-09-16 08:00:00,8519.46,42913.42,61373.86,1,2353
2023-09-16 09:00:00,11609.08,62846.48,91088.41,1,3762
2023-09-16 10:00:00,14002.35,78268.99,114273.4,1,4817
2023-09-16 11:00:00,15576.38,90252.54,129728.23,1,5122
2023-09-16 12:00:00,16668.93,101653.29,144916.29,1,5610
2023-09-16 13:00:00,19628.15,119645.88,169251.28,1,6213
2023-09-16 14:00:00,21517.99,125956.89,175964.68,1,6023
2023-09-16 15:00:00,21999.02,132606.75,185612.18,1,6387
2023-09-16 16:00:00,21825.35,132027.39,183557.51,1,6341
2023-09-16 17:00:00,20975.25,131180.6,183210.8,1,6775
2023-09-16 18:00:00,21039.29,133823.5,187405.38999999998,1,7079
2023-09-16 19:00:00,20865.55,132957.76,184978.28,1,7027
2023-09-16 20:00:00,19985.2,120311.42,171820.61,1,5940
2023-09-16 21:00:00,19288.43,116930.27,168447.45,1,5905
2023-09-16 22:00:00,21059.99,128000.78,184605.05,1,6548
2023-09-16 23:00:00,20620.61,124004.42,176918.8,1,6244
2023-09-17 00:00:00,16575.32,101886.79,146945.78,1,5555
2023-09-17 01:00:00,11969.5,71788.39,106743.09,1,4543
2023-09-17 02:00:00,9811.58,58176.43,85992.31999999999,1,3633
2023-09-17 03:00:00,7228.12,40695.79,59554.8,1,2502
2023-09-17 04:00:00,5076.4,26559.08,37126.45,1,1329
2023-09-17 05:00:00,3460.46,16242.93,22246.73,1,556
2023-09-17 06:00:00,47957.799999999996,23588.51,31652.35,1,814
2023-09-17 07:00:00,22752.37,31326.67,43141.98,1,1281
2023-09-17 08:00:00,8348.06,38994.83,55450.71,1,1946
2023-09-17 09:00:00,11023.73,57251.25,82132.41,1,3185
2023-09-17 10:00:00,13951.1,75879.62,109485.91,1,4103
2023-09-17 11:00:00,15952.95,91233.9,129437.81999999999,1,4560
2023-09-17 12:00:00,18435.29,112438.52,157642.33,1,5280
2023-09-17 13:00:00,22282.13,131292.28,182711.38,1,5389
2023-09-17 14:00:00,24626.74,142921.48,196724.4,1,5344
2023-09-17 15:00:00,24131.01,142573.33,195905.53,1,5318
2023-09-17 16:00:00,25583.33,149820.33,204671.0,1,5507
2023-09-17 17:00:00,23450.62,145403.44,198303.88,1,5641
2023-09-17 18:00:00,21897.36,132311.18,183107.43,1,5449
2023-09-17 19:00:00,19963.01,123253.47,171196.49,1,5260
2023-09-17 20:00:00,22438.41,132970.99,191707.48,1,6013
2023-09-17 21:00:00,21770.02,121510.73,172909.21,1,5127
2023-09-17 22:00:00,18528.47,96304.66,136995.37,1,3969
2023-09-17 23:00:00,18605.11,81928.01,115770.56,1,2747
2023-09-18 00:00:00,9827.52,43616.38,59867.35,1,1479
2023-09-18 01:00:00,2269.14,11299.62,15626.45,1,543
2023-09-18 02:00:00,1645.06,7871.64,10550.5,1,324
2023-09-18 03:00:00,1124.19,4954.54,6695.24,1,202
2023-09-18 04:00:00,1614.42,7571.76,10410.59,1,292
2023-09-18 05:00:00,4369.44,20445.72,28404.21,1,825
2023-09-18 06:00:00,9656.98,49922.16,68084.72,1,2372
2023-09-18 07:00:00,15537.37,94583.46,129396.28,1,4266
2023-09-18 08:00:00,15401.14,108273.85,149159.13,1,4855
2023-09-18 09:00:00,16176.42,110633.36,155082.07,1,4983
2023-09-18 10:00:00,15805.95,109565.13,152907.48,1,4967
2023-09-18 11:00:00,15482.79,105401.21,146606.57,1,4682
2023-09-18 12:00:00,18352.43,112838.09,156697.82,1,4733
2023-09-18 13:00:00,19813.86,119966.38,167520.87,1,5201
2023-09-18 14:00:00,20114.3,125350.2,173926.47,1,5378
2023-09-18 15:00:00,22178.96,137172.94,190688.97,1,5687
2023-09-18 16:00:00,22664.71,146634.81,218525.05,1,6133
2023-09-18 17:00:00,25151.84,168161.56,255837.36,1,7694
2023-09-18 18:00:00,32998.65,153086.54,234878.64,1,7513
2023-09-18 19:00:00,29379.8,114834.93,178210.96,1,5728
2023-09-18 20:00:00,20306.07,113142.74,166535.92,1,5494
2023-09-18 21:00:00,22171.53,115525.19,169038.28,1,5428
2023-09-18 22:00:00,19907.95,100501.57,145268.07,1,4622
2023-09-18 23:00:00,15186.26,72302.49,103332.49,1,3059
2023-09-19 00:00:00,6513.62,30650.35,43467.51,1,1379
2023-09-19 01:00:00,2331.92,11739.7,16169.13,1,568
2023-09-19 02:00:00,1267.12,5625.62,7942.9,1,292
2023-09-19 03:00:00,921.53,4138.39,5697.83,1,185
2023-09-19 04:00:00,1226.47,5786.08,8196.84,1,248
2023-09-19 05:00:00,2910.44,13759.3,19538.15,1,631
2023-09-19 06:00:00,8338.8,40792.19,55814.84,1,1891
2023-09-19 07:00:00,56364.079999999994,78002.98,109563.58,1,3955
2023-09-19 08:00:00,36486.67,99054.19,138681.08,1,4823
2023-09-19 09:00:00,14539.88,100744.78,141622.62,1,4809
2023-09-19 10:00:00,15810.99,102593.03,144016.4,1,4801
2023-09-19 11:00:00,14394.19,98603.71,138775.28,1,4745
2023-09-19 12:00:00,17672.72,113467.29,158935.95,1,5305
2023-09-19 13:00:00,19149.99,118854.9,166774.79,1,5393
2023-09-19 14:00:00,21215.77,132815.22,183695.47,1,5838
2023-09-19 15:00:00,21051.86,137255.22,191691.27,1,6092
2023-09-19 16:00:00,21421.26,134535.5,203122.41,1,6163
2023-09-19 17:00:00,23811.09,154021.96,236990.04,1,7420
2023-09-19 18:00:00,23539.84,156280.6,241551.54,1,7886
2023-09-19 19:00:00,50010.47,134369.59,210321.54,1,7145
2023-09-19 20:00:00,25081.55,147728.54,216628.26,1,7370
2023-09-19 21:00:00,24413.54,143288.28,208561.2,1,7112
2023-09-19 22:00:00,21461.91,124163.17,180221.93,1,6270
2023-09-19 23:00:00,16114.09,85288.05,123975.47,1,4244
2023-09-20 00:00:00,8041.36,39844.51,57354.17,1,1991
2023-09-20 01:00:00,3056.66,14838.81,21380.66,1,828
2023-09-20 02:00:00,1593.0,8627.66,12127.57,1,446
2023-09-20 03:00:00,1220.39,5801.39,8223.4,1,291
2023-09-20 04:00:00,1744.81,8293.91,11714.02,1,297
2023-09-20 05:00:00,52576.2,17504.09,24707.49,1,705
2023-09-20 06:00:00,216916.69,39875.15,55798.909999999996,1,1997
2023-09-20 07:00:00,13080.1,79369.03,111875.36,1,4118
2023-09-20 08:00:00,14154.5,96522.09,136064.99,1,4923
2023-09-20 09:00:00,15408.68,103277.58,145582.72,1,4932
2023-09-20 10:00:00,15252.54,102972.98,144141.31,1,4786
2023-09-20 11:00:00,16784.92,113372.68,158812.1,1,5113
2023-09-20 12:00:00,17445.74,116345.14,163088.77,1,5425
2023-09-20 13:00:00,26119.88,125054.82,174591.77,1,5534
2023-09-20 14:00:00,21451.34,140792.88,194173.93,1,5632
2023-09-20 15:00:00,40616.85,145786.89,201485.77,1,6007
2023-09-20 16:00:00,22282.07,147114.69,218367.08,1,5828
2023-09-20 17:00:00,23173.26,152642.09,231679.03,1,7060
2023-09-20 18:00:00,25628.02,153028.78,239827.72,1,7940
2023-09-20 19:00:00,40898.939999999995,135196.55,215168.04,1,7578
2023-09-20 20:00:00,24592.81,143948.09,214402.07,1,7587
2023-09-20 21:00:00,26199.91,151585.81,222022.05,1,7731
2023-09-20 22:00:00,23734.49,137747.32,200738.32,1,6882
2023-09-20 23:00:00,18405.7,100380.7,145363.53,1,4803
2023-09-21 00:00:00,10420.58,52843.53,75790.92,1,2577
2023-09-21 01:00:00,4068.43,21000.44,30461.66,1,1196
2023-09-21 02:00:00,2160.3,11759.54,17077.08,1,677
2023-09-21 03:00:00,1759.04,8531.01,12101.97,1,419
2023-09-21 04:00:00,2415.39,11516.87,15731.4,1,431
2023-09-21 05:00:00,4348.69,19822.38,27767.26,1,731
2023-09-21 06:00:00,8483.21,42296.48,58917.31,1,2000
2023-09-21 07:00:00,13784.29,82102.87,116521.18,1,4290
2023-09-21 08:00:00,15881.43,103778.99,145768.68,1,5131
2023-09-21 09:00:00,14878.01,99971.94,140963.84,1,4840
2023-09-21 10:00:00,15194.97,102443.01,145034.35,1,5020
2023-09-21 11:00:00,18352.57,117746.26,166964.75,1,5359
2023-09-21 12:00:00,18294.75,118699.05,167854.62,1,5589
2023-09-21 13:00:00,2707.47,17178.96,23945.66,1,742
2023-09-21 14:00:00,495.78999999999996,3719.07,4866.29,1,150
2023-09-21 15:00:00,625.22,5705.58,7341.71,1,206
2023-09-21 16:00:00,696.12,6681.04,8575.19,2,244
2023-09-21 17:00:00,15494.039999999999,8321.83,10481.21,1,315
2023-09-21 18:00:00,722.26,8323.28,10589.77,1,317
2023-09-21 19:00:00,589.58,6343.52,8210.46,2,279
2023-09-21 20:00:00,450.19,5919.6,7599.79,2,283
2023-09-21 21:00:00,607.69,8016.12,10230.28,2,393
2023-09-21 22:00:00,585.99,9137.25,11355.89,2,399
2023-09-21 23:00:00,590.53,8007.04,9862.12,2,351
2023-09-22 00:00:00,302.22,2861.73,3638.64,2,145
2023-09-22 01:00:00,233.29,1433.28,1963.78,2,71
2023-09-22 02:00:00,136.41,910.33,1217.09,1,53
2023-09-22 03:00:00,102.82000000000001,615.1700000000001,796.49,1,28
2023-09-22 04:00:00,449.59,2205.5,3016.84,1,80
2023-09-22 05:00:00,501.47,2400.05,3182.27,1,89
2023-09-22 06:00:00,599.35,3736.48,4907.21,1,165
2023-09-22 07:00:00,666.46,5536.25,7103.87,1,254
2023-09-22 08:00:00,28498.85,4204.61,5553.19,1,196
2023-09-22 09:00:00,405.07,2568.7,3399.27,3,106
2023-09-22 10:00:00,381.31,2518.36,3399.36,1,118
2023-09-22 11:00:00,455.69,2766.1,3803.0099999999998,1,120
2023-09-22 12:00:00,510.01,3583.41,4777.54,1,150
2023-09-22 13:00:00,599.98,4443.31,5787.88,2,183
2023-09-22 14:00:00,617.21,5756.64,7192.17,2,224
2023-09-22 15:00:00,773.75,6679.72,8486.71,1,246
2023-09-22 16:00:00,24738.3,7220.47,9183.87,4,269
2023-09-22 17:00:00,568.7,7041.87,8944.63,1,301
2023-09-22 18:00:00,757.52,8507.99,10903.4,1,358
2023-09-22 19:00:00,782.72,9146.49,11571.82,2,391
2023-09-22 20:00:00,429.49,5237.74,6701.57,1,250
2023-09-22 21:00:00,452.33,3634.55,4797.92,1,178
2023-09-22 22:00:00,564.34,6283.48,8018.56,2,298
2023-09-22 23:00:00,666.31,8537.39,10647.65,2,360
2023-09-23 00:00:00,735.64,8049.23,9903.77,1,328
2023-09-23 01:00:00,450.19,4691.87,5845.81,1,188
2023-09-23 02:00:00,365.88,3362.04,4261.4,1,151
2023-09-23 03:00:00,249.71,2081.32,2693.93,1,93
2023-09-23 04:00:00,515.55,2455.39,3247.1,1,90
2023-09-23 05:00:00,284.77,1236.56,1734.56,1,37
2023-09-23 06:00:00,366.21,1820.48,2446.97,1,75
2023-09-23 07:00:00,447.34,1930.58,2680.36,1,71
2023-09-23 08:00:00,331.21,1811.87,2484.91,1,89
2023-09-23 09:00:00,428.2,2768.85,3751.67,1,151
2023-09-23 10:00:00,552.54,4149.43,5629.8,1,232
2023-09-23 11:00:00,656.31,5825.76,7799.73,1,318
2023-09-23 12:00:00,738.23,6678.52,8765.7,0,348
2023-09-23 13:00:00,717.4,6337.42,8264.49,1,308
2023-09-23 14:00:00,34476.88999999999,6398.33,8396.47,4,329
2023-09-23 15:00:00,768.66,7445.82,9760.539999999999,2,362
2023-09-23 16:00:00,838.5,7643.85,9944.12,1,359
2023-09-23 17:00:00,760.28,8662.45,10971.81,1,397
2023-09-23 18:00:00,677.08,8329.13,10649.99,1,390
2023-09-23 19:00:00,760.32,8733.87,11075.18,2,385
2023-09-23 20:00:00,728.77,5651.67,7460.87,2,267
2023-09-23 21:00:00,530.76,3975.11,5339.78,3,207
2023-09-23 22:00:00,519.64,4322.95,5590.1,1,194
2023-09-23 23:00:00,648.12,7789.86,9836.96,1,363
2023-09-24 00:00:00,660.22,7103.24,8971.06,1,326
2023-09-24 01:00:00,469.34,3960.65,4973.33,1,177
2023-09-24 02:00:00,432.28,3932.45,5033.5,1,189
2023-09-24 03:00:00,491.94,3347.2400000000002,4313.96,1,146
2023-09-24 04:00:00,435.45,2504.44,3278.52,1,95
2023-09-24 05:00:00,359.79,1596.92,2174.98,1,54
2023-09-24 06:00:00,367.47999999999996,2383.78,3072.53,1,89
2023-09-24 07:00:00,400.14,2374.25,3158.05,1,110
2023-09-24 08:00:00,457.04,2744.41,3799.83,1,141
2023-09-24 09:00:00,492.62,3306.78,4473.2699999999995,1,185
2023-09-24 10:00:00,480.3,3217.15,4368.08,1,174
2023-09-24 11:00:00,586.62,4940.04,6599.49,1,275
2023-09-24 12:00:00,681.76,6358.57,8455.62,1,339
2023-09-24 13:00:00,1109.19,8328.54,10912.93,1,376
2023-09-24 14:00:00,794.89,5913.2,7869.66,1,273
2023-09-24 15:00:00,28608.95,5691.27,7644.2,1,275
2023-09-24 16:00:00,623.65,4965.42,6500.86,1,236
2023-09-24 17:00:00,808.0,6729.46,8943.83,1,327
2023-09-24 18:00:00,951.78,8144.98,10688.1,1,368
2023-09-24 19:00:00,433.27,3045.7400000000002,4219.29,1,170
2023-09-24 20:00:00,475.59,3062.72,4194.15,1,166
2023-09-24 21:00:00,432.75,2587.56,3565.97,2,131
2023-09-24 22:00:00,274.09,1971.91,2654.75,1,101
2023-09-24 23:00:00,313.24,2039.48,2784.3,2,90
2023-09-25 00:00:00,12031.05,49795.33,69581.02,1,1524
2023-09-25 01:00:00,5054.22,21470.38,28471.45,1,656
2023-09-25 02:00:00,896.25,4183.79,5972.11,1,240
2023-09-25 03:00:00,1500.78,6550.61,8779.27,1,220
2023-09-25 04:00:00,2143.72,9887.09,13353.75,1,315
2023-09-25 05:00:00,3505.28,16163.51,22544.52,1,610
2023-09-25 06:00:00,7109.88,34396.65,47456.81,1,1604
2023-09-25 07:00:00,9129.02,48583.12,69644.44,1,2713
2023-09-25 08:00:00,11827.44,69597.75,100386.98,1,3917
2023-09-25 09:00:00,33691.04,84122.1,120876.42,1,4653
2023-09-25 10:00:00,15170.44,86355.23,124682.7,1,4782
2023-09-25 11:00:00,16076.92,92289.83,133499.6,1,5142
2023-09-25 12:00:00,86625.15,94834.29,136876.93,1,5210
2023-09-25 13:00:00,33509.1,107377.08,153622.59,1,5639
2023-09-25 14:00:00,21551.46,115138.11,165816.78,1,5826
2023-09-25 15:00:00,57620.119999999995,112413.17,160650.34,1,5875
2023-09-25 16:00:00,22573.7,120403.63,189732.33,1,6294
2023-09-25 17:00:00,21944.82,119283.98,191095.15,1,6519
2023-09-25 18:00:00,18725.65,105960.01,173288.19,1,6511
2023-09-25 19:00:00,20354.23,107803.52,175910.28,1,6202
2023-09-25 20:00:00,20316.38,105042.53,156876.33,1,5590
2023-09-25 21:00:00,19911.84,102441.29,152196.42,1,5308
2023-09-25 22:00:00,17039.11,81077.29,118424.66,1,3685
2023-09-25 23:00:00,13166.15,58664.79,85672.38,1,2306
2023-09-26 00:00:00,10591.26,44894.62,63125.26,1,1519
2023-09-26 01:00:00,4991.17,21534.77,29480.98,1,717
2023-09-26 02:00:00,1739.52,8334.6,11242.7,1,308
2023-09-26 03:00:00,1247.56,5500.55,7544.94,1,225
2023-09-26 04:00:00,1685.96,8155.87,10759.94,1,269
2023-09-26 05:00:00,3361.84,14936.88,20501.48,1,618
2023-09-26 06:00:00,8134.5,39210.51,54301.24,1,1921
2023-09-26 07:00:00,12911.25,76007.09,108560.77,1,4309
2023-09-26 08:00:00,15186.64,102642.97,147132.66,1,5827
2023-09-26 09:00:00,15909.75,109138.32,156107.3,1,5902
2023-09-26 10:00:00,16027.85,112232.07,159832.33,1,5786
2023-09-26 11:00:00,17750.92,124873.78,176233.98,1,6111
2023-09-26 12:00:00,17995.48,127693.79,178700.8,1,6262
2023-09-26 13:00:00,19762.0,130265.22,182600.2,1,6146
2023-09-26 14:00:00,22354.39,147866.04,207064.29,1,6890
2023-09-26 15:00:00,22468.42,150487.49,210858.01,1,7115
2023-09-26 16:00:00,23888.18,152927.3,232649.95,1,7151
2023-09-26 17:00:00,67229.25,157142.6,243643.52,1,7878
2023-09-26 18:00:00,20890.39,139256.96,223270.4,1,8001
2023-09-26 19:00:00,40942.880000000005,123181.64,197117.83,1,6828
2023-09-26 20:00:00,21663.97,118365.83,179075.41,1,6575
2023-09-26 21:00:00,23638.8,128904.74,192093.01,1,6899
2023-09-26 22:00:00,20999.7,112279.69,164081.31,1,5722
2023-09-26 23:00:00,14203.59,72118.4,106435.31999999999,1,3541
2023-09-27 00:00:00,7168.52,34038.4,49378.38,1,1841
2023-09-27 01:00:00,3295.46,16229.89,22340.7,1,799
2023-09-27 02:00:00,1913.86,8904.82,12635.68,1,458
2023-09-27 03:00:00,1417.93,6808.22,9372.84,1,320
2023-09-27 04:00:00,2291.01,10280.43,13844.05,1,340
2023-09-27 05:00:00,3859.45,17811.32,24841.63,1,663
2023-09-27 06:00:00,7214.44,35395.69,48891.31,1,1764
2023-09-27 07:00:00,12604.61,73993.16,105951.01,1,4234
2023-09-27 08:00:00,15074.71,98344.22,140630.42,1,5420
2023-09-27 09:00:00,15814.6,102729.5,146596.8,1,5419
2023-09-27 10:00:00,16924.08,109839.28,156812.22,1,5604
2023-09-27 11:00:00,17974.29,117201.25,165762.33,1,5811
2023-09-27 12:00:00,20252.05,130403.6,183992.37,1,6302
2023-09-27 13:00:00,20916.76,131272.75,184823.09,1,6157
2023-09-27 14:00:00,23975.03,150183.52,210616.91,1,6753
2023-09-27 15:00:00,21858.27,145705.34,205125.21,1,6812
2023-09-27 16:00:00,24790.34,152465.98,233852.63999999998,1,7115
2023-09-27 17:00:00,25582.95,164265.98,256803.51,1,8485
2023-09-27 18:00:00,25069.41,163138.27,259210.91,1,9073
2023-09-27 19:00:00,34161.65,149699.49,236896.14,1,8278
2023-09-27 20:00:00,25582.38,148071.22,221380.9,1,8014
2023-09-27 21:00:00,26853.35,151056.69,222398.48,1,7902
2023-09-27 22:00:00,24070.83,136637.04,198512.56,1,6868
2023-09-27 23:00:00,18190.9,97057.94,140424.41,1,4767
2023-09-28 00:00:00,8449.26,43795.91,63462.659999999996,1,2279
2023-09-28 01:00:00,3697.41,18609.35,27355.43,1,1084
2023-09-28 02:00:00,2109.11,10743.19,15718.42,1,617
2023-09-28 03:00:00,1695.17,8292.95,11934.13,1,414
2023-09-28 04:00:00,2371.02,10726.74,14997.66,1,406
2023-09-28 05:00:00,4321.36,19256.99,26985.11,1,732
2023-09-28 06:00:00,8143.43,40542.909999999996,56787.52,1,1868
2023-09-28 07:00:00,12939.36,76145.21,108769.75,1,4152
2023-09-28 08:00:00,17316.27,110082.84,155348.5,1,5558
2023-09-28 09:00:00,16836.84,109298.02,155109.81,1,5436
2023-09-28 10:00:00,16479.42,109118.0,156105.39,1,5574
2023-09-28 11:00:00,18996.55,124098.77,176557.94,1,6020
2023-09-28 12:00:00,20488.7,135825.15,192160.21,1,6582
2023-09-28 13:00:00,288735.96,147415.61,208903.64,1,7020
2023-09-28 14:00:00,25345.31,160015.58,224854.84,1,7099
2023-09-28 15:00:00,34506.74,159420.83,224120.65,1,7107
2023-09-28 16:00:00,25683.89,169657.14,258194.06,1,7677
2023-09-28 17:00:00,29771.18,209290.61,325380.06,1,10646
2023-09-28 18:00:00,27237.2,185433.62,286997.12,1,9361
2023-09-28 19:00:00,23823.12,152050.83,238207.53,1,8016
2023-09-28 20:00:00,26416.64,152421.06,225775.81,1,7778
2023-09-28 21:00:00,27125.91,160606.06,236240.78,1,8288
2023-09-28 22:00:00,26226.28,155309.72,225721.45,1,7652
2023-09-28 23:00:00,21195.93,122983.72,177187.9,1,6063
2023-09-29 00:00:00,12590.16,70381.58,100332.31999999999,1,3529
2023-09-29 01:00:00,5898.02,31325.94,45186.82,1,1714
2023-09-29 02:00:00,3198.84,16244.7,23632.14,1,959
2023-09-29 03:00:00,2147.13,10758.35,15968.72,1,597
2023-09-29 04:00:00,2930.84,13710.31,19701.36,1,513
2023-09-29 05:00:00,4920.36,23221.11,32842.93,1,859
2023-09-29 06:00:00,9691.41,48682.46,67430.21,1,2178
2023-09-29 07:00:00,15042.65,89209.64,124051.92,1,4279
2023-09-29 08:00:00,39401.24,104975.42,149748.02,1,5488
2023-09-29 09:00:00,16963.51,124793.03,173074.79,1,5524
2023-09-29 10:00:00,18521.3,135391.52,182845.49,1,4998
2023-09-29 11:00:00,17393.14,127713.71,172916.47,1,4718
2023-09-29 12:00:00,17467.34,126693.48,169929.29,1,4711
2023-09-29 13:00:00,19993.16,138950.51,184296.12,1,4707
2023-09-29 14:00:00,20999.77,150513.48,199777.97,1,5110
2023-09-29 15:00:00,25557.74,173215.25,230831.65,1,5593
2023-09-29 16:00:00,36993.33,180701.52,259593.57,1,6228
2023-09-29 17:00:00,61130.009999999995,189409.97,276939.58,1,7704
2023-09-29 18:00:00,28711.88,175833.26,266128.45,1,8318
2023-09-29 19:00:00,32925.22,137384.45,212218.14,1,7140
2023-09-29 20:00:00,17855.48,95455.48,142440.14,1,4961
2023-09-29 21:00:00,19711.86,97117.18,142739.06,1,4752
2023-09-29 22:00:00,21098.46,108198.99,159934.73,1,5472
2023-09-29 23:00:00,20129.75,102448.08,150553.61,1,5039
2023-09-30 00:00:00,14952.4,79517.1,118476.09,1,4598
2023-09-30 01:00:00,10281.77,56005.64,84794.38,1,3577
2023-09-30 02:00:00,7226.46,40798.58,61476.39,1,2659
2023-09-30 03:00:00,4989.3,27701.42,41824.42,1,1814
2023-09-30 04:00:00,3665.26,18888.4,27279.16,1,1014
2023-09-30 05:00:00,2939.68,13180.68,18152.4,1,434
2023-09-30 06:00:00,5811.31,25236.37,33838.01,1,892
2023-09-30 07:00:00,7236.46,34771.28,48110.88,1,1499
2023-09-30 08:00:00,9131.35,48632.31,69732.56999999999,1,2616
2023-09-30 09:00:00,11054.27,60394.45,87569.42,1,3611
2023-09-30 10:00:00,14694.0,82296.72,119683.97,1,4728
2023-09-30 11:00:00,17138.71,98525.3,142252.48,1,5626
2023-09-30 12:00:00,18462.75,109446.29,157775.03,1,5934
2023-09-30 13:00:00,20617.27,117920.59,168816.67,1,6199
2023-09-30 14:00:00,20957.31,120018.76,170881.75,1,6194
2023-09-30 15:00:00,22070.04,126962.26,178988.48,1,6392
2023-09-30 16:00:00,25518.94,142822.8,201687.13999999998,1,7033
2023-09-30 17:00:00,22856.45,150198.65,207423.83,1,7319
2023-09-30 18:00:00,21616.5,135092.77,192282.9,1,7376
2023-09-30 19:00:00,22149.67,141008.25,198971.48,1,7671
2023-09-30 20:00:00,18770.11,111032.31,162640.16,1,5963
2023-09-30 21:00:00,19359.37,112462.42,164716.8,2,6037
2023-09-30 22:00:00,23478.66,134838.8,196146.53,2,7043
2023-09-30 23:00:00,20850.17,128405.09,186919.79,1,7014
2023-10-01 00:00:00,25.240000000000002,142.3,200.67000000000002,3,8
2023-09-30 23:00:00,141.23000000000002,738.1,1050.76,2,36
2023-10-01 00:00:00,52274.74,106521.97,155657.76,1,6227
2023-10-01 01:00:00,14040.39,85870.8,126055.97,1,5265
2023-10-01 02:00:00,10725.27,64746.81,95548.77,1,4046
2023-10-01 03:00:00,7740.89,45255.51,66369.88,1,2791
2023-10-01 04:00:00,5205.21,28397.98,40239.52,1,1494
2023-10-01 05:00:00,4907.07,23051.48,31335.12,1,721
2023-10-01 06:00:00,44184.86,27241.68,36540.48,1,981
2023-10-01 07:00:00,7006.64,33037.84,45674.67,1,1342
2023-10-01 08:00:00,8259.9,41372.83,59276.88,1,2182
2023-10-01 09:00:00,11503.06,60224.33,86375.74,1,3328
2023-10-01 10:00:00,14988.56,83255.5,119299.48,1,4579
2023-10-01 11:00:00,17513.59,99717.55,142566.12,1,5265
2023-10-01 12:00:00,20064.55,119769.92,169617.55,1,5979
2023-10-01 13:00:00,22597.49,131929.76,185615.38,1,6013
2023-10-01 14:00:00,24478.0,143051.55,198996.81,1,6154
2023-10-01 15:00:00,26309.14,147669.87,204479.31,1,6023
2023-10-01 16:00:00,26131.74,147635.73,205437.09,1,6115
2023-10-01 17:00:00,71432.33,142584.71,198157.94,1,6139
2023-10-01 18:00:00,23240.69,133633.22,187793.83,1,6096
2023-10-01 19:00:00,24126.89,130230.0,183127.7,1,5906
2023-10-01 20:00:00,45247.33,107210.32,156837.41,1,4949
2023-10-01 21:00:00,20808.05,101721.45,148113.08,1,4516
2023-10-01 22:00:00,20571.11,97409.78,140001.7,1,3980
2023-10-01 23:00:00,16356.0,75226.97,107032.01,1,2867
2023-10-02 00:00:00,8485.45,41990.92,60034.43,1,1864
2023-10-02 01:00:00,4112.36,20468.81,28833.14,1,951
2023-10-02 02:00:00,2393.18,11041.19,14744.45,1,441
2023-10-02 03:00:00,1895.93,8436.81,11261.41,1,285
2023-10-02 04:00:00,7530.789999999999,11574.53,15649.24,1,364
2023-10-02 05:00:00,4351.06,19149.37,26645.1,1,670
2023-10-02 06:00:00,8873.42,42526.35,58159.98,1,1808
2023-10-02 07:00:00,21019.51,76243.74,107309.18,1,3776
2023-10-02 08:00:00,14845.26,90153.21,128114.06999999999,1,4785
2023-10-02 09:00:00,15751.35,95607.84,136383.58,1,4806
2023-10-02 10:00:00,16051.91,96343.4,137180.79,1,4815
2023-10-02 11:00:00,17094.32,102602.53,146333.82,1,5073
2023-10-02 12:00:00,18918.98,111575.12,158170.06,1,5457
2023-10-02 13:00:00,21738.52,121741.62,172532.42,1,5619
2023-10-02 14:00:00,23930.99,136921.37,193484.58,1,6251
2023-10-02 15:00:00,23488.64,139708.71,196451.47,1,6491
2023-10-02 16:00:00,25917.3,148070.96,225000.84,1,6496
2023-10-02 17:00:00,24127.24,145307.27,225176.99,1,7199
2023-10-02 18:00:00,22433.44,133447.14,212229.36,1,7267
2023-10-02 19:00:00,22281.01,119887.61,189208.27,1,6307
2023-10-02 20:00:00,22242.26,114312.59,170072.83,1,5799
2023-10-02 21:00:00,20521.94,107806.46,160130.21,1,5641
2023-10-02 22:00:00,18502.76,93003.8,135174.58,1,4436
2023-10-02 23:00:00,15303.27,73176.87,105996.26,1,3226
2023-10-03 00:00:00,7647.23,38062.91,53788.64,1,1814
2023-10-03 01:00:00,3532.84,16091.54,22362.59,1,719
2023-10-03 02:00:00,1173.23,5707.87,8012.08,1,303
2023-10-03 03:00:00,956.33,4404.13,6183.94,2,210
2023-10-03 04:00:00,1742.96,8108.64,11078.93,1,272
2023-10-03 05:00:00,3445.81,15391.36,21668.74,1,577
2023-10-03 06:00:00,15999.52,38640.8,53190.67,1,1787
2023-10-03 07:00:00,42130.43,73249.66,104113.61,1,3995
2023-10-03 08:00:00,15488.43,97708.44,139964.98,1,5330
2023-10-03 09:00:00,15606.4,100602.21,143491.17,1,5230
2023-10-03 10:00:00,16511.32,103391.27,146724.57,1,5223
2023-10-03 11:00:00,17965.14,115678.01,163359.98,1,5619
2023-10-03 12:00:00,17526.89,114293.24,162206.05,1,5875
2023-10-03 13:00:00,20045.57,125146.85,178117.81,1,6232
2023-10-03 14:00:00,22968.18,142736.63,201198.24,1,6891
2023-10-03 15:00:00,23855.66,149944.61,211565.8,1,7065
2023-10-03 16:00:00,23448.33,145559.62,223448.29,1,6931
2023-10-03 17:00:00,23418.09,151590.93,237122.76,1,7919
2023-10-03 18:00:00,25357.97,157675.05,252549.53,1,8739
2023-10-03 19:00:00,22980.93,132047.41,211405.44,1,7565
2023-10-03 20:00:00,23427.7,130080.86,195622.95,1,7212
2023-10-03 21:00:00,22125.12,125576.15,187850.77,1,7088
2023-10-03 22:00:00,20567.03,112738.22,166274.63,1,6064
2023-10-03 23:00:00,16160.53,82898.2,121334.97,1,4190
2023-10-04 00:00:00,6947.63,35433.32,50863.46,1,1761
2023-10-04 01:00:00,2776.37,13698.52,19811.45,1,751
2023-10-04 02:00:00,1554.96,7691.94,10921.75,1,402
2023-10-04 03:00:00,1322.1,6037.9400000000005,8505.3,1,291
2023-10-04 04:00:00,1917.16,8966.68,12415.24,1,302
2023-10-04 05:00:00,3530.14,16086.43,22572.14,1,635
2023-10-04 06:00:00,7037.33,35868.34,50807.62,1,1887
2023-10-04 07:00:00,13983.71,78891.53,112257.81,1,4325
2023-10-04 08:00:00,15339.83,97771.45,139457.22,1,5495
2023-10-04 09:00:00,17440.09,109406.18,155725.21,1,5689
2023-10-04 10:00:00,16926.26,108162.31,154601.71,1,5610
2023-10-04 11:00:00,18248.43,117113.72,166151.04,1,5749
2023-10-04 12:00:00,18806.02,121705.4,172530.04,1,6151
2023-10-04 13:00:00,20246.49,130187.22,184571.21,1,6358
2023-10-04 14:00:00,23054.95,146543.25,207253.95,1,6885
2023-10-04 15:00:00,27889.49,150648.43,212932.16,1,7171
2023-10-04 16:00:00,24513.38,149431.01,231523.18,1,7248
2023-10-04 17:00:00,24209.8,153008.72,241120.89,1,8228
2023-10-04 18:00:00,26309.93,162996.56,259624.63,1,9059
2023-10-04 19:00:00,44413.19,147327.91,235021.98,1,8255
2023-10-04 20:00:00,24368.82,136499.25,203674.23,1,7319
2023-10-04 21:00:00,25358.65,141151.1,209307.88999999998,1,7684
2023-10-04 22:00:00,23910.81,132305.43,194417.26,1,6946
2023-10-04 23:00:00,18268.93,96974.36,141344.43,1,4894
2023-10-05 00:00:00,9442.22,46833.02,67287.08,1,2281
2023-10-05 01:00:00,3420.07,17681.78,25934.43,1,1055
2023-10-05 02:00:00,1755.15,9881.4,14280.66,1,583
2023-10-05 03:00:00,1402.85,7119.53,10197.19,1,380
2023-10-05 04:00:00,2508.7,11287.460000000001,15561.16,1,409
2023-10-05 05:00:00,4840.16,21862.36,30362.27,1,768
2023-10-05 06:00:00,8452.28,41950.76,58335.12,1,1923
2023-10-05 07:00:00,13615.3,78305.37,111403.52,1,4174
2023-10-05 08:00:00,15070.06,97685.11,139544.56,1,5421
2023-10-05 09:00:00,16487.98,103287.87,147312.21,1,5415
2023-10-05 10:00:00,17146.88,107241.37,152971.19,1,5509
2023-10-05 11:00:00,18448.62,118357.68,168043.02,1,5894
2023-10-05 12:00:00,21117.72,129207.47,182997.98,1,6280
2023-10-05 13:00:00,22709.82,137746.85,194260.65,1,6413
2023-10-05 14:00:00,25417.23,159772.17,225363.91,1,7161
2023-10-05 15:00:00,26155.94,167617.58,234077.15,1,7269
2023-10-05 16:00:00,25626.37,163414.76,248502.26,1,7244
2023-10-05 17:00:00,27001.16,173390.98,268816.0,1,8630
2023-10-05 18:00:00,26499.67,170854.46,269838.04,1,9332
2023-10-05 19:00:00,37156.159999999996,163062.48,256440.28,1,8544
2023-10-05 20:00:00,26509.63,150790.01,225980.76,1,7999
2023-10-05 21:00:00,25526.87,145341.73,215780.97,1,7789
2023-10-05 22:00:00,25719.93,144593.38,210788.03,1,7443
2023-10-05 23:00:00,20547.9,111574.05,162689.3,1,5705
2023-10-06 00:00:00,12493.74,67676.96,99062.01,1,3625
2023-10-06 01:00:00,5953.17,31658.09,46842.38,1,1947
2023-10-06 02:00:00,3749.28,18872.73,27620.23,1,1130
2023-10-06 03:00:00,2504.99,12701.17,18353.93,1,663
2023-10-06 04:00:00,2983.04,14522.12,20243.41,1,532
2023-10-06 05:00:00,36785.21,23173.32,32555.9,1,825
2023-10-06 06:00:00,8714.39,42841.84,59842.96,1,1866
2023-10-06 07:00:00,13224.61,72284.16,102348.23,1,3618
2023-10-06 08:00:00,14343.42,82705.62,119020.98,1,4482
2023-10-06 09:00:00,16893.04,96310.54,137853.19,1,4867
2023-10-06 10:00:00,16945.48,103588.41,148266.92,1,5358
2023-10-06 11:00:00,18982.95,118751.81,168310.13,1,5801
2023-10-06 12:00:00,19166.56,119418.09,169690.0,1,5894
2023-10-06 13:00:00,20069.68,121129.05,171770.77,1,5856
2023-10-06 14:00:00,23850.54,145216.14,205155.62,1,6772
2023-10-06 15:00:00,25410.26,160176.29,222827.38999999998,1,6990
2023-10-06 16:00:00,24113.89,151617.24,229967.8,1,6824
2023-10-06 17:00:00,25183.24,157185.23,242469.96,1,7797
2023-10-06 18:00:00,25503.48,154000.1,240983.0,1,8120
2023-10-06 19:00:00,23839.79,146807.01,228756.87,1,7911
2023-10-06 20:00:00,20652.06,118964.85,175980.26,1,6181
2023-10-06 21:00:00,20980.07,116457.52,171799.81,1,6029
2023-10-06 22:00:00,22267.09,127228.99,187662.49,1,6708
2023-10-06 23:00:00,22269.37,125600.09,182810.51,1,6426
2023-10-07 00:00:00,17197.13,99702.24,145896.3,1,5638
2023-10-07 01:00:00,12018.02,73092.33,109342.87,1,4688
2023-10-07 02:00:00,8450.18,51594.56,77041.36,1,3384
2023-10-07 03:00:00,6237.44,35912.34,53271.68,1,2232
2023-10-07 04:00:00,4001.7400000000002,20698.24,29860.93,1,1109
2023-10-07 05:00:00,3328.78,15149.9,20781.37,1,499
2023-10-07 06:00:00,51479.55,23096.1,31307.28,1,801
2023-10-07 07:00:00,7595.06,35432.51,49219.04,1,1468
2023-10-07 08:00:00,8463.69,42604.63,60117.62,1,2187
2023-10-07 09:00:00,11297.64,59872.93,86636.26,1,3407
2023-10-07 10:00:00,14124.35,82026.42,119345.2,1,5004
2023-10-07 11:00:00,15715.81,95056.14,137211.7,1,5605
2023-10-07 12:00:00,17181.6,108534.37,156779.2,1,6305
2023-10-07 13:00:00,19251.24,126242.61,179314.02,1,6989
2023-10-07 14:00:00,19350.33,122088.58,172982.34,1,6354
2023-10-07 15:00:00,20328.22,123917.56,175819.99,1,6398
2023-10-07 16:00:00,20548.73,124092.13,174638.98,2,6198
2023-10-07 17:00:00,22279.37,134493.31,189433.8,1,6862
2023-10-07 18:00:00,19512.75,125378.3,175654.45,1,6614
2023-10-07 19:00:00,18028.5,122147.88,171960.44,2,6790
2023-10-07 20:00:00,17809.72,105934.69,154038.3,2,5620
2023-10-07 21:00:00,19319.25,109613.61,160440.79,2,5847
2023-10-07 22:00:00,20491.23,120042.63,176424.32,2,6502
2023-10-07 23:00:00,20242.3,119845.81,175078.66,2,6471
2023-10-08 00:00:00,17770.55,107566.37,156876.12,1,6124
2023-10-08 01:00:00,13058.6,78136.47,115483.66,1,4878
2023-10-08 02:00:00,9900.74,58418.42,86831.18,1,3656
2023-10-08 03:00:00,7559.12,42555.6,62371.87,1,2413
2023-10-08 04:00:00,5181.27,25590.06,36366.21,2,1257
2023-10-08 05:00:00,3352.73,15963.12,22690.13,1,533
2023-10-08 06:00:00,37875.06,26574.62,35555.67,1,934
2023-10-08 07:00:00,6885.32,31484.13,43404.82,1,1265
2023-10-08 08:00:00,7650.54,36623.52,51732.63,1,1847
2023-10-08 09:00:00,11309.31,57959.43,83322.05,1,3112
2023-10-08 10:00:00,13895.54,73756.74,106603.44,1,4151
2023-10-08 11:00:00,17256.95,99247.05,141045.88,1,5125
2023-10-08 12:00:00,36206.200000000004,121859.16,171105.74,1,5703
2023-10-08 13:00:00,22329.15,130733.42,182122.95,1,5630
2023-10-08 14:00:00,24362.21,142959.91,197473.98,1,5801
2023-10-08 15:00:00,25177.25,144099.03,197882.37,1,5585
2023-10-08 16:00:00,24666.21,139870.76,193147.06,1,5610
2023-10-08 17:00:00,20652.56,124037.24,173767.0,1,5733
2023-10-08 18:00:00,22314.06,126801.43,178184.77,1,5999
2023-10-08 19:00:00,21950.53,118284.06,167193.83,1,5704
2023-10-08 20:00:00,19177.96,100334.21,147206.0,1,4856
2023-10-08 21:00:00,19828.86,102359.46,149872.59,1,4893
2023-10-08 22:00:00,19271.94,96741.37,138535.45,1,4297
2023-10-08 23:00:00,16733.38,78726.14,113612.22,1,3220
2023-10-09 00:00:00,9766.91,44256.92,61691.46,1,1768
2023-10-09 01:00:00,3327.61,16038.86,22396.34,1,786
2023-10-09 02:00:00,1675.08,8581.7,12149.23,1,445
2023-10-09 03:00:00,1338.99,6741.03,9574.93,1,337
2023-10-09 04:00:00,2334.9,11278.45,15620.48,1,441
2023-10-09 05:00:00,4001.23,18366.24,25165.93,1,622
2023-10-09 06:00:00,7571.07,34964.0,47743.63,1,1372
2023-10-09 07:00:00,10622.54,50083.85,71172.71,1,2355
2023-10-09 08:00:00,13236.04,68317.65,97867.29,1,3490
2023-10-09 09:00:00,14371.72,77524.44,111640.73,1,3981
2023-10-09 10:00:00,16040.54,90318.66,128837.07,1,4405
2023-10-09 11:00:00,17746.32,101877.6,143878.48,1,4611
2023-10-09 12:00:00,19311.46,108661.52,151900.2,1,4737
2023-10-09 13:00:00,21487.85,119988.41,168155.63,1,5084
2023-10-09 14:00:00,24066.51,136787.88,189639.94,1,5480
2023-10-09 15:00:00,23525.27,132472.7,184687.68,1,5754
2023-10-09 16:00:00,24736.04,133710.37,188452.84,1,6104
2023-10-09 17:00:00,22229.21,121193.11,173397.09,1,6186
2023-10-09 18:00:00,21079.07,116513.3,168551.45,1,6422
2023-10-09 19:00:00,20656.84,107844.38,155281.78,1,5514
2023-10-09 20:00:00,20136.99,101831.58,150605.38,1,5071
2023-10-09 21:00:00,19184.48,96069.41,141627.54,1,4608
2023-10-09 22:00:00,16585.26,79413.11,115897.08,1,3611
2023-10-09 23:00:00,13414.88,60492.38,87364.56,1,2371
2023-10-10 00:00:00,7476.31,33440.53,45792.18,1,1210
2023-10-10 01:00:00,3085.09,15117.47,20437.91,1,603
2023-10-10 02:00:00,1073.76,4685.78,6529.91,1,252
2023-10-10 03:00:00,958.84,4182.08,5866.06,1,180
2023-10-10 04:00:00,1870.47,8556.49,11725.33,1,269
2023-10-10 05:00:00,3761.14,17118.58,23717.52,1,649
2023-10-10 06:00:00,8144.58,39926.28,55138.13,1,1804
2023-10-10 07:00:00,13257.38,76751.2,109296.71,1,4069
2023-10-10 08:00:00,16859.73,106053.94,150953.29,1,5634
2023-10-10 09:00:00,17312.18,109772.85,156312.62,1,5663
2023-10-10 10:00:00,17160.63,109036.59,154386.99,1,5424
2023-10-10 11:00:00,18252.31,117837.71,167055.86,1,5679
2023-10-10 12:00:00,19506.52,126028.66,176946.96,1,5947
2023-10-10 13:00:00,20259.25,126659.61,177713.24,1,5997
2023-10-10 14:00:00,24041.3,147498.54,206657.87,1,6608
2023-10-10 15:00:00,44792.17,156518.27,219029.49,1,7048
2023-10-10 16:00:00,26254.93,160254.43,245354.92,1,7305
2023-10-10 17:00:00,24186.18,156611.0,242595.27,1,7869
2023-10-10 18:00:00,22966.87,152345.8,240422.06,1,8292
2023-10-10 19:00:00,24178.73,139586.84,218965.09,1,7418
2023-10-10 20:00:00,24131.87,130433.27,194842.34,1,6746
2023-10-10 21:00:00,23878.78,130651.48,194402.67,1,6923
2023-10-10 22:00:00,20165.86,108141.43,158848.24,1,5613
2023-10-10 23:00:00,15389.87,74318.34,107512.94,1,3339
2023-10-11 00:00:00,7541.79,35865.03,50609.42,1,1615
2023-10-11 01:00:00,2484.87,12898.74,18290.99,1,679
2023-10-11 02:00:00,1497.24,7619.7,10666.71,1,373
2023-10-11 03:00:00,1134.52,5451.05,7587.39,1,258
2023-10-11 04:00:00,2047.78,8950.38,12198.07,1,308
2023-10-11 05:00:00,3955.08,17741.05,24573.99,1,645
2023-10-11 06:00:00,8435.0,40860.05,57040.7,1,1859
2023-10-11 07:00:00,50188.85,75752.45,108927.76,1,4272
2023-10-11 08:00:00,15806.19,102695.86,146926.18,1,5544
2023-10-11 09:00:00,17610.35,111069.5,159237.26,1,5691
2023-10-11 10:00:00,17287.11,111053.96,158638.21,1,5632
2023-10-11 11:00:00,18100.03,118353.29,168011.1,1,5870
2023-10-11 12:00:00,20159.34,131480.68,185720.32,1,6379
2023-10-11 13:00:00,22116.44,135108.14,190243.68,1,6308
2023-10-11 14:00:00,25340.76,152977.37,216575.84,1,6912
2023-10-11 15:00:00,34306.92,156449.23,219844.33,1,7089
2023-10-11 16:00:00,24402.65,153175.29,234265.35,1,7106
2023-10-11 17:00:00,25074.55,161506.25,252386.59,1,8128
2023-10-11 18:00:00,25821.21,165984.55,262805.6,1,9064
2023-10-11 19:00:00,24891.96,148557.05,236348.17,1,8208
2023-10-11 20:00:00,25250.35,141504.66,212291.17,1,7641
2023-10-11 21:00:00,25087.48,142886.66,212582.32,1,7703
2023-10-11 22:00:00,24416.73,133715.24,196467.07,1,6974
2023-10-11 23:00:00,16395.61,84839.51,123796.35,1,4174
2023-10-12 00:00:00,10017.03,47845.4,68964.52,1,2200
2023-10-12 01:00:00,4105.08,20433.39,28883.84,1,1031
2023-10-12 02:00:00,1696.87,9162.64,13484.85,1,571
2023-10-12 03:00:00,1742.04,7372.0,10377.02,1,336
2023-10-12 04:00:00,2348.69,10638.24,14913.2,1,379
2023-10-12 05:00:00,4521.28,20000.91,27748.21,1,721
2023-10-12 06:00:00,14644.92,39842.74,55814.13,1,1846
2023-10-12 07:00:00,14733.16,82534.13,117449.42,1,4242
2023-10-12 08:00:00,17418.14,109257.94,154996.9,1,5658
2023-10-12 09:00:00,17752.36,115594.32,164933.96,1,5811
2023-10-12 10:00:00,18319.63,119934.47,170539.33,1,5886
2023-10-12 11:00:00,27221.59,132332.37,187770.35,1,6223
2023-10-12 12:00:00,21041.92,137090.1,192905.08,1,6474
2023-10-12 13:00:00,23576.23,146750.14,206043.88999999998,1,6619
2023-10-12 14:00:00,27092.2,167145.73,232715.72,1,7203
2023-10-12 15:00:00,26528.4,176145.61,246788.6,1,7475
2023-10-12 16:00:00,27040.25,177631.82,267322.9,1,7591
2023-10-12 17:00:00,26371.58,185230.34,283351.59,1,8741
2023-10-12 18:00:00,28698.78,188958.34,294042.15,1,9678
2023-10-12 19:00:00,28156.33,174757.28,273192.6,1,9019
2023-10-12 20:00:00,27601.84,159986.19,236799.9,1,8135
2023-10-12 21:00:00,28594.84,163001.08,240324.48,1,8303
2023-10-12 22:00:00,26390.67,152798.42,222847.49,1,7663
2023-10-12 23:00:00,21747.74,123332.47,177646.39,1,5809
2023-10-13 00:00:00,11980.46,64517.02,92496.88,1,3256
2023-10-13 01:00:00,6060.62,32568.76,47782.16,1,1831
2023-10-13 02:00:00,3208.14,16884.26,25236.93,1,1067
2023-10-13 03:00:00,2464.33,12487.57,18095.45,1,690
2023-10-13 04:00:00,3224.77,15087.52,21251.32,1,551
2023-10-13 05:00:00,4657.41,21856.7,30612.05,1,736
2023-10-13 06:00:00,51802.19,42909.64,59617.63,1,1798
2023-10-13 07:00:00,13177.62,74503.12,105163.43,1,3685
2023-10-13 08:00:00,14119.87,86387.63,123000.89,1,4478
2023-10-13 09:00:00,16007.66,96832.15,137632.2,1,4774
2023-10-13 10:00:00,17644.82,107039.66,151874.65,1,5201
2023-10-13 11:00:00,18189.79,110590.09,157220.28,1,5468
2023-10-13 12:00:00,19989.44,118578.25,168389.28,1,5784
2023-10-13 13:00:00,21845.94,128197.67,181744.93,1,5984
2023-10-13 14:00:00,25648.55,151822.88,212740.2,1,6742
2023-10-13 15:00:00,24481.77,154915.78,217230.35,1,7076
2023-10-13 16:00:00,25146.59,149705.22,228915.91,1,7054
2023-10-13 17:00:00,24469.16,157035.74,243609.64,1,8132
2023-10-13 18:00:00,25689.98,164745.19,256377.96,1,8780
2023-10-13 19:00:00,23868.6,155237.85,241469.17,1,8504
2023-10-13 20:00:00,22246.03,126656.5,187191.45,1,6568
2023-10-13 21:00:00,21195.41,122513.47,180661.78,1,6426
2023-10-13 22:00:00,22050.92,131377.01,193143.56,1,6958
2023-10-13 23:00:00,21838.15,129532.11,188944.13,1,6725
2023-10-14 00:00:00,18422.63,108191.95,156532.29,1,5819
2023-10-14 01:00:00,13763.52,81025.81,119928.28,1,4872
2023-10-14 02:00:00,8508.29,52506.89,77321.24,1,3294
2023-10-14 03:00:00,5974.07,33866.23,49997.61,1,2154
2023-10-14 04:00:00,4380.02,23755.14,33977.42,1,1175
2023-10-14 05:00:00,4166.17,17973.04,24996.61,1,569
2023-10-14 06:00:00,27990.17,24690.85,33440.72,1,887
2023-10-14 07:00:00,7134.5,33514.59,46591.49,1,1410
2023-10-14 08:00:00,9741.01,48271.26,68301.93,1,2500
2023-10-14 09:00:00,12527.08,69582.27,100951.42,1,4003
2023-10-14 10:00:00,14857.88,89484.24,129769.88,1,5453
2023-10-14 11:00:00,46954.93,111877.65,159145.51,1,6328
2023-10-14 12:00:00,24670.74,131845.81,187115.57,1,7264
2023-10-14 13:00:00,19541.51,137099.71,193157.4,1,7322
2023-10-14 14:00:00,21876.83,145706.3,203516.19,1,7239
2023-10-14 15:00:00,22967.26,146269.16,204033.99,1,7053
2023-10-14 16:00:00,22550.71,145171.59,202300.88,1,6773
2023-10-14 17:00:00,22267.61,148292.81,206507.38,1,7352
2023-10-14 18:00:00,22044.53,147792.87,206437.26,1,7532
2023-10-14 19:00:00,22549.02,149862.3,209352.91,1,7784
2023-10-14 20:00:00,19091.63,110677.84,161163.66,1,5725
2023-10-14 21:00:00,18913.29,106709.96,158039.7,1,5848
2023-10-14 22:00:00,21894.2,124731.03,184094.98,2,6816
2023-10-14 23:00:00,20846.37,120995.87,176386.22,1,6596
2023-10-15 00:00:00,16080.93,93037.56,137620.48,1,5467
2023-10-15 01:00:00,11368.13,67654.85,102266.31,1,4462
2023-10-15 02:00:00,8485.7,49251.93,74617.67,1,3244
2023-10-15 03:00:00,6702.0,36331.68,53543.27,1,2161
2023-10-15 04:00:00,8050.57,24853.64,35656.64,1,1198
2023-10-15 05:00:00,4090.9700000000003,18541.25,25439.31,1,574
2023-10-15 06:00:00,5709.36,26327.81,35660.33,1,896
2023-10-15 07:00:00,8130.68,37589.56,51967.34,1,1439
2023-10-15 08:00:00,10051.62,47634.64,67198.34,1,2245
2023-10-15 09:00:00,14870.05,73906.18,106008.88,1,3746
2023-10-15 10:00:00,64649.880000000005,87335.75,126320.44,1,4728
2023-10-15 11:00:00,17842.28,100613.14,145639.13,1,5538
2023-10-15 12:00:00,20871.59,117856.57,169012.59,1,6153
2023-10-15 13:00:00,23280.86,134208.53,190159.25,1,6452
2023-10-15 14:00:00,26614.28,151633.33,214590.72,1,6897
2023-10-15 15:00:00,26199.31,146838.92,206774.5,1,6528
2023-10-15 16:00:00,33945.59,152611.28,214214.37,1,6705
2023-10-15 17:00:00,25284.57,147343.42,205781.96,1,6653
2023-10-15 18:00:00,24093.86,142271.73,199336.37,1,6490
2023-10-15 19:00:00,21508.15,119366.16,168185.75,1,5572
2023-10-15 20:00:00,21366.27,110133.28,161343.97,1,5091
2023-10-15 21:00:00,22657.42,113410.82,165510.38,1,5000
2023-10-15 22:00:00,18686.83,88445.94,127754.84,1,3755
2023-10-15 23:00:00,14581.98,64523.44,91622.09,1,2481
2023-10-16 00:00:00,7622.94,34560.32,49023.43,1,1412
2023-10-16 01:00:00,3625.5,17123.67,23358.17,1,720
2023-10-16 02:00:00,2239.34,9936.15,13410.59,1,400
2023-10-16 03:00:00,1407.0,6075.39,8451.36,2,248
2023-10-16 04:00:00,2744.93,13078.55,17862.02,1,427
2023-10-16 05:00:00,4725.36,21700.3,29959.43,1,776
2023-10-16 06:00:00,9393.43,45035.24,62661.71,1,1979
2023-10-16 07:00:00,13930.12,78103.74,110397.85,1,3995
2023-10-16 08:00:00,16985.75,102273.71,144775.37,1,5172
2023-10-16 09:00:00,16969.89,101205.04,145294.81,1,5139
2023-10-16 10:00:00,16531.7,100097.34,142628.27,1,5052
2023-10-16 11:00:00,55702.75000000001,109071.99,155738.25,1,5284
2023-10-16 12:00:00,19235.87,112061.84,160378.58,1,5522
2023-10-16 13:00:00,19761.02,115477.21,163918.86,1,5645
2023-10-16 14:00:00,24670.58,139455.5,197519.49,1,6199
2023-10-16 15:00:00,24257.0,143784.79,202464.48,1,6476
2023-10-16 16:00:00,25552.97,150517.52,231674.03,1,6850
2023-10-16 17:00:00,24572.77,147589.69,231197.88,1,7566
2023-10-16 18:00:00,23915.42,140200.75,223814.28,1,7716
2023-10-16 19:00:00,26574.84,119992.13,190707.77,1,6416
2023-10-16 20:00:00,22613.29,118234.97,176039.91,1,5924
2023-10-16 21:00:00,22994.53,116989.83,173943.32,1,5921
2023-10-16 22:00:00,19235.85,97029.18,141143.88,1,4558
2023-10-16 23:00:00,15692.24,72262.05,103792.19,1,2965
2023-10-17 00:00:00,8235.85,36764.06,50634.44,1,1437
2023-10-17 01:00:00,2661.27,12698.15,17467.22,1,557
2023-10-17 02:00:00,1181.85,6495.18,8977.99,1,336
2023-10-17 03:00:00,1113.71,5427.37,7322.78,1,221
2023-10-17 04:00:00,1787.23,8106.13,11025.26,1,267
2023-10-17 05:00:00,3569.81,16149.33,22691.75,1,617
2023-10-17 06:00:00,52799.38,39905.97,54905.61,1,1826
2023-10-17 07:00:00,13264.08,78665.41,112312.5,1,4355
2023-10-17 08:00:00,16865.48,108686.92,154461.21,1,5681
2023-10-17 09:00:00,16924.91,110435.47,157400.15,1,5588
2023-10-17 10:00:00,16215.39,107170.58,152877.4,1,5435
2023-10-17 11:00:00,17710.28,117268.09,167063.04,1,5849
2023-10-17 12:00:00,19961.63,128213.9,180999.08,1,6098
2023-10-17 13:00:00,20334.16,127150.13,180050.69,1,6135
2023-10-17 14:00:00,23508.25,148413.56,209848.66,1,6890
2023-10-17 15:00:00,32500.81,148359.76,208725.08,1,6794
2023-10-17 16:00:00,24154.82,148157.45,227215.12,1,6913
2023-10-17 17:00:00,24774.92,158117.04,248214.8,1,8236
2023-10-17 18:00:00,26550.6,165679.57,264362.6,1,9133
2023-10-17 19:00:00,24230.69,143908.11,229743.67,1,8117
2023-10-17 20:00:00,26360.34,145660.96,217927.48,1,7753
2023-10-17 21:00:00,25609.51,142691.31,212272.57,1,7689
2023-10-17 22:00:00,22219.99,121444.58,178841.66,1,6264
2023-10-17 23:00:00,16104.98,82606.96,119510.84,1,3959
2023-10-18 00:00:00,7523.35,37904.62,54416.99,1,1873
2023-10-18 01:00:00,2724.42,13707.56,20057.07,1,817
2023-10-18 02:00:00,1468.58,7042.5199999999995,10135.04,1,426
2023-10-18 03:00:00,1186.58,5664.9,8101.08,1,285
2023-10-18 04:00:00,2145.88,9152.15,12547.25,1,326
2023-10-18 05:00:00,4363.97,19919.54,27514.59,1,682
2023-10-18 06:00:00,7432.19,38568.22,53709.31,1,1803
2023-10-18 07:00:00,12925.51,76422.04,109072.46,1,4190
2023-10-18 08:00:00,15146.3,101291.42,144701.95,1,5566
2023-10-18 09:00:00,16588.47,110279.02,157178.85,1,5642
2023-10-18 10:00:00,16054.710000000001,106931.77,152830.29,1,5400
2023-10-18 11:00:00,18839.05,126357.09,179395.72,1,6059
2023-10-18 12:00:00,18563.7,130743.54,183618.6,1,6229
2023-10-18 13:00:00,21519.14,139413.95,196753.8,1,6447
2023-10-18 14:00:00,26826.28,169664.46,240342.57,1,7589
2023-10-18 15:00:00,25280.58,163439.79,230488.68,1,7457
2023-10-18 16:00:00,26214.14,164452.63,250722.11,1,7351
2023-10-18 17:00:00,40483.19,169142.17,262555.15,1,8337
2023-10-18 18:00:00,25225.09,171970.67,270911.28,1,9040
2023-10-18 19:00:00,24523.77,151878.63,239465.77,1,7950
2023-10-18 20:00:00,26010.61,146322.54,218323.9,1,7662
2023-10-18 21:00:00,26646.57,150968.12,224927.8,1,8050
2023-10-18 22:00:00,23951.13,134421.42,198677.88,1,7025
2023-10-18 23:00:00,17458.74,88725.87,128518.11,1,4261
2023-10-19 00:00:00,8407.33,42454.64,61895.14,1,2244
2023-10-19 01:00:00,3928.2599999999998,20238.9,29287.81,1,1067
2023-10-19 02:00:00,1933.08,10321.91,15173.22,1,618
2023-10-19 03:00:00,1565.58,7665.39,11214.3,1,402
2023-10-19 04:00:00,2407.68,11098.33,15377.43,1,375
2023-10-19 05:00:00,7291.38,19417.69,27368.16,1,692
2023-10-19 06:00:00,8603.03,43414.22,60701.72,1,1919
2023-10-19 07:00:00,13543.23,78495.62,112083.26,1,4204
2023-10-19 08:00:00,168617.08999999997,104339.51,149215.65,1,5549
2023-10-19 09:00:00,18846.91,115513.25,165543.12,1,5699
2023-10-19 10:00:00,18547.84,117326.93,167622.76,1,5708
2023-10-19 11:00:00,18139.83,120804.41,170767.88,1,5843
2023-10-19 12:00:00,21189.11,135120.1,191159.87,1,6301
2023-10-19 13:00:00,23835.28,146484.74,207148.62,1,6653
2023-10-19 14:00:00,25711.93,158446.32,224637.57,1,7179
2023-10-19 15:00:00,25983.32,168026.92,236771.21,1,7552
2023-10-19 16:00:00,28108.04,178777.07,272441.57,1,7971
2023-10-19 17:00:00,27507.55,187715.26,288867.67,1,9109
2023-10-19 18:00:00,29483.01,195763.31,305195.27,1,10059
2023-10-19 19:00:00,26842.2,164995.58,258673.42,1,8706
2023-10-19 20:00:00,28572.88,164074.17,243037.9,1,8292
2023-10-19 21:00:00,27187.53,159367.64,235708.44,1,8281
2023-10-19 22:00:00,24916.81,145403.41,213619.76,1,7410
2023-10-19 23:00:00,22195.64,121720.35,176883.49,1,6045
2023-10-20 00:00:00,13594.63,76016.8,110323.87,1,3910
2023-10-20 01:00:00,8744.82,40308.83,58305.94,1,2194
2023-10-20 02:00:00,3257.27,17893.44,26852.17,1,1159
2023-10-20 03:00:00,112885.48999999999,11855.28,17474.86,1,695
2023-10-20 04:00:00,3379.35,15736.88,22239.27,1,612
2023-10-20 05:00:00,47745.119999999995,24101.59,33813.56,1,888
2023-10-20 06:00:00,10059.32,49044.18,67722.16,1,2061
2023-10-20 07:00:00,58231.58,81023.27,114750.86,1,4155
2023-10-20 08:00:00,15123.72,93352.39,134341.91,1,5050
2023-10-20 09:00:00,17275.85,108723.7,156022.33,1,5641
2023-10-20 10:00:00,16555.55,103732.32,149115.14,1,5284
2023-10-20 11:00:00,19681.79,125288.38,177379.87,1,5937
2023-10-20 12:00:00,19718.63,120691.98,171888.6,1,5722
2023-10-20 13:00:00,20964.25,125391.81,178358.7,1,5916
2023-10-20 14:00:00,27656.4,164729.86,232007.01,1,7499
2023-10-20 15:00:00,25060.38,171479.25,241044.35,1,8153
2023-10-20 16:00:00,25884.46,168443.73,255804.09,1,7762
2023-10-20 17:00:00,25612.36,173754.58,270593.45,1,9027
2023-10-20 18:00:00,58005.31,170156.25,264881.42,1,8982
2023-10-20 19:00:00,24429.35,160074.63,249095.91,1,8513
2023-10-20 20:00:00,20001.84,117443.12,174345.79,1,6166
2023-10-20 21:00:00,20465.25,115517.3,170850.57,1,6040
2023-10-20 22:00:00,21752.06,122308.18,180077.27,1,6398
2023-10-20 23:00:00,22566.72,126896.12,185787.84,2,6503
2023-10-21 00:00:00,17254.83,98995.17,146492.24,1,5709
2023-10-21 01:00:00,12890.1,75447.25,113058.66,1,4755
2023-10-21 02:00:00,8652.82,52136.5,78977.71,1,3552
2023-10-21 03:00:00,5988.72,34073.04,50747.39,1,2159
2023-10-21 04:00:00,4539.91,23464.5,33377.8,1,1172
2023-10-21 05:00:00,3737.85,16829.7,23323.53,1,578
2023-10-21 06:00:00,5881.3,26427.78,36074.8,1,919
2023-10-21 07:00:00,7376.44,35721.98,50105.53,1,1625
2023-10-21 08:00:00,31586.67,47283.77,67483.69,1,2641
2023-10-21 09:00:00,11419.97,63226.72,92297.23,1,3678
2023-10-21 10:00:00,15009.33,86037.89,124579.0,1,4971
2023-10-21 11:00:00,16293.91,96765.2,140099.47,1,5656
2023-10-21 12:00:00,19534.39,116208.75,167840.76,1,6518
2023-10-21 13:00:00,19228.47,120152.06,172842.71,1,6718
2023-10-21 14:00:00,23344.24,132882.05,187262.59,1,6485
2023-10-21 15:00:00,23309.53,133804.08,188635.9,1,6489
2023-10-21 16:00:00,24032.88,139730.97,197401.16,1,6974
2023-10-21 17:00:00,22871.58,141319.58,199573.71,1,7448
2023-10-21 18:00:00,23357.45,147589.38,208619.87,1,7870
2023-10-21 19:00:00,23712.01,151884.78,214058.92,1,8207
2023-10-21 20:00:00,24541.77,121801.76,177705.99,1,6542
2023-10-21 21:00:00,19999.39,118753.08,174188.86,2,6321
2023-10-21 22:00:00,21857.15,131912.4,193662.46,1,7116
2023-10-21 23:00:00,24599.86,144413.37,209629.15,1,7347
2023-10-22 00:00:00,19537.05,116713.83,169941.4,1,6466
2023-10-22 01:00:00,14209.55,84644.78,126413.5,1,5304
2023-10-22 02:00:00,11001.93,62945.32,94843.62,1,4117
2023-10-22 03:00:00,8585.73,46168.03,68413.15,1,2749
2023-10-22 04:00:00,5870.26,29911.06,42982.11,1,1494
2023-10-22 05:00:00,3726.49,18050.62,24692.94,1,618
2023-10-22 06:00:00,6156.14,28463.13,38562.2,1,944
2023-10-22 07:00:00,44603.47,40891.43,56222.47,1,1513
2023-10-22 08:00:00,10231.5,49182.23,69405.6,1,2219
2023-10-22 09:00:00,13550.91,67676.9,97763.67,1,3542
2023-10-22 10:00:00,17358.71,92383.83,133783.04,1,4953
2023-10-22 11:00:00,18433.13,101146.53,147029.43,1,5567
2023-10-22 12:00:00,22422.75,122558.57,177024.09,1,6278
2023-10-22 13:00:00,25143.0,137067.39,196080.11,1,6533
2023-10-22 14:00:00,27833.01,151298.08,214369.37,1,6985
2023-10-22 15:00:00,27866.18,150823.55,213572.52,1,6774
2023-10-22 16:00:00,29419.3,160105.99,226046.76,1,6917
2023-10-22 17:00:00,25628.47,144279.61,203766.38,1,6724
2023-10-22 18:00:00,23085.02,130039.8,185400.08,1,6141
2023-10-22 19:00:00,22034.78,117765.08,167716.68,1,5595
2023-10-22 20:00:00,22000.03,110692.13,164141.26,1,5244
2023-10-22 21:00:00,19344.47,96458.24,141781.96,1,4430
2023-10-22 22:00:00,18864.97,88339.86,126294.24,1,3534
2023-10-22 23:00:00,17686.49,77547.87,110134.05,1,2695
2023-10-23 00:00:00,9690.31,42241.89,57844.26,1,1432
2023-10-23 01:00:00,2440.65,11844.62,16548.9,1,530
2023-10-23 02:00:00,1277.16,6032.64,8584.15,1,327
2023-10-23 03:00:00,1396.04,6656.17,9091.14,1,255
2023-10-23 04:00:00,2035.29,9171.82,12618.37,1,309
2023-10-23 05:00:00,5167.83,23186.82,32009.05,1,794
2023-10-23 06:00:00,8714.47,41361.83,57296.44,1,1808
2023-10-23 07:00:00,14877.32,79522.35,112742.65,1,3996
2023-10-23 08:00:00,15903.83,94368.49,134920.3,1,4925
2023-10-23 09:00:00,16311.96,96160.27,138558.31,1,4977
2023-10-23 10:00:00,17212.33,101520.45,144471.75,1,5012
2023-10-23 11:00:00,16880.51,101888.36,145582.56,1,5157
2023-10-23 12:00:00,19613.69,115918.34,165555.07,1,5655
2023-10-23 13:00:00,20382.27,113427.75,161574.88,1,5453
2023-10-23 14:00:00,24741.46,138131.26,195761.54,1,6233
2023-10-23 15:00:00,25232.42,146070.73,206685.85,1,6606
2023-10-23 16:00:00,50923.32,146475.66,225113.99,1,6612
2023-10-23 17:00:00,24488.76,143226.4,223870.8,1,7151
2023-10-23 18:00:00,24917.21,141298.87,224270.23,1,7464
2023-10-23 19:00:00,24123.15,126811.6,199589.07,1,6323
2023-10-23 20:00:00,22990.99,123696.3,181650.15,1,6018
2023-10-23 21:00:00,22230.66,111915.49,166527.82,1,5582
2023-10-23 22:00:00,18864.56,92236.92,134723.38999999998,1,4235
2023-10-23 23:00:00,15794.73,71983.21,103386.85,1,2865
2023-10-24 00:00:00,6961.86,32696.13,45401.21,1,1355
2023-10-24 01:00:00,2162.39,10169.13,14204.25,1,504
2023-10-24 02:00:00,1463.65,6938.25,9644.02,1,332
2023-10-24 03:00:00,1176.55,5492.2,7427.67,1,244
2023-10-24 04:00:00,2060.65,9735.85,12817.369999999999,1,305
2023-10-24 05:00:00,4525.66,20809.84,28860.329999999998,1,794
2023-10-24 06:00:00,7692.33,37444.53,52017.31,1,1814
2023-10-24 07:00:00,13356.59,77200.01,110073.53,1,4220
2023-10-24 08:00:00,221676.02000000002,103263.01,147622.11,1,5579
2023-10-24 09:00:00,16704.62,107534.39,154567.62,1,5660
2023-10-24 10:00:00,16843.96,106738.37,152688.07,1,5488
2023-10-24 11:00:00,17913.85,115945.62,164731.77,1,5622
2023-10-24 12:00:00,19050.1,124340.74,175375.38999999998,1,5936
2023-10-24 13:00:00,20975.62,129518.85,183113.37,1,6108
2023-10-24 14:00:00,24777.07,149850.6,210556.06,1,6774
2023-10-24 15:00:00,23046.61,150543.56,210967.95,1,6875
2023-10-24 16:00:00,24748.53,154206.11,234500.0,1,6906
2023-10-24 17:00:00,24075.42,160326.84,248802.17,1,7966
2023-10-24 18:00:00,25693.54,162154.3,255719.72,1,8633
2023-10-24 19:00:00,24100.0,137177.41,217121.51,1,7410
2023-10-24 20:00:00,26851.55,142735.42,213764.38,1,7498
2023-10-24 21:00:00,24589.97,136347.38,204348.56,1,7429
2023-10-24 22:00:00,21378.98,116240.15,171888.99,1,6199
2023-10-24 23:00:00,15619.71,77931.37,113088.9,1,3688
2023-10-25 00:00:00,7829.39,37639.68,53501.2,1,1790
2023-10-25 01:00:00,2189.75,10734.16,15586.87,1,613
2023-10-25 02:00:00,1151.56,6040.54,9032.17,1,395
2023-10-25 03:00:00,950.91,4436.77,6550.5,2,242
2023-10-25 04:00:00,1787.87,8980.45,12381.24,1,291
2023-10-25 05:00:00,4484.69,20021.79,27894.69,1,683
2023-10-25 06:00:00,7444.68,36834.49,51586.45,1,1721
2023-10-25 07:00:00,13739.2,79052.79,113667.56,1,4357
2023-10-25 08:00:00,16612.98,105640.6,151134.14,1,5739
2023-10-25 09:00:00,17189.77,110419.38,157907.24,1,5752
2023-10-25 10:00:00,16766.68,109208.9,156052.13,1,5629
2023-10-25 11:00:00,19313.97,127521.76,181013.66,1,5989
2023-10-25 12:00:00,20394.92,133344.22,188151.54,1,6305
2023-10-25 13:00:00,21986.93,136060.48,192539.59,1,6430
2023-10-25 14:00:00,25635.93,157044.52,221108.85,1,6954
2023-10-25 15:00:00,24625.08,158307.51,222580.04,1,7227
2023-10-25 16:00:00,23525.94,149821.02,230512.74,1,7082
2023-10-25 17:00:00,27010.14,172575.21,267338.4,1,8494
2023-10-25 18:00:00,27286.11,176288.11,277079.48,1,9285
2023-10-25 19:00:00,26725.18,157215.44,247123.51,1,8219
2023-10-25 20:00:00,27287.58,152868.86,225890.12,1,7571
2023-10-25 21:00:00,27389.7,154807.38,227828.95,1,7760
2023-10-25 22:00:00,25200.51,141724.15,206311.78,1,7018
2023-10-25 23:00:00,16432.67,84673.61,124577.01,1,4352
2023-10-26 00:00:00,8965.38,43966.88,64139.43,1,2279
2023-10-26 01:00:00,4315.79,21401.11,30898.74,1,1117
2023-10-26 02:00:00,2012.7,10224.44,14747.58,1,594
2023-10-26 03:00:00,1397.76,7128.75,10450.36,1,392
2023-10-26 04:00:00,2787.68,12707.63,17465.37,1,423
2023-10-26 05:00:00,5434.33,25026.0,34312.87,1,796
2023-10-26 06:00:00,8944.58,43061.49,59962.6,1,1911
2023-10-26 07:00:00,13177.91,76052.35,109315.42,1,4250
2023-10-26 08:00:00,16434.39,104050.64,148273.41,1,5530
2023-10-26 09:00:00,17025.6,109737.65,157550.58,1,5772
2023-10-26 10:00:00,17363.01,111421.01,158989.5,1,5725
2023-10-26 11:00:00,19446.28,126453.77,179462.59,1,6177
2023-10-26 12:00:00,21580.27,136447.18,192927.76,1,6438
2023-10-26 13:00:00,24206.5,145749.3,205017.11,1,6594
2023-10-26 14:00:00,26787.34,165280.17,232761.2,1,7394
2023-10-26 15:00:00,26091.44,167729.21,235603.62,1,7543
2023-10-26 16:00:00,27453.66,170596.78,260856.76,1,7746
2023-10-26 17:00:00,27157.51,176328.76,275514.22,1,8956
2023-10-26 18:00:00,29756.1,192587.0,302804.07,1,10134
2023-10-26 19:00:00,36422.06,166977.54,264161.02,1,9103
2023-10-26 20:00:00,28738.47,166441.39,244922.11,1,8375
2023-10-26 21:00:00,27957.06,163451.42,240613.06,1,8331
2023-10-26 22:00:00,28089.83,161039.78,235228.29,1,7925
2023-10-26 23:00:00,23171.67,130811.06,190240.46,1,6552
2023-10-27 00:00:00,14039.42,78126.31,112263.37,1,4020
2023-10-27 01:00:00,6963.92,37779.93,56490.98,1,2328
2023-10-27 02:00:00,4190.62,22845.27,33741.46,1,1423
2023-10-27 03:00:00,3184.04,16592.53,24711.44,1,994
2023-10-27 04:00:00,3543.46,17207.59,24356.079999999998,1,684
2023-10-27 05:00:00,6577.28,28112.24,38939.85,1,856
2023-10-27 06:00:00,8999.63,43819.21,60363.659999999996,1,1742
2023-10-27 07:00:00,56486.590000000004,74610.96,104744.62,1,3609
2023-10-27 08:00:00,15765.62,94496.32,134073.3,1,4715
2023-10-27 09:00:00,16455.22,102657.46,146203.73,1,5036
2023-10-27 10:00:00,17668.44,109998.52,157010.9,1,5323
2023-10-27 11:00:00,19515.84,120515.28,171016.52,1,5755
2023-10-27 12:00:00,20422.41,124629.65,177231.6,1,6172
2023-10-27 13:00:00,22943.58,134444.27,189531.67,1,6290
2023-10-27 14:00:00,26314.39,157074.95,221227.32,1,7140
2023-10-27 15:00:00,25962.56,164283.58,229540.08,1,7393
2023-10-27 16:00:00,26747.05,160238.68,243967.27,1,7306
2023-10-27 17:00:00,25403.38,157858.35,246736.58,1,8127
2023-10-27 18:00:00,26458.76,165518.19,260045.65,1,9135
2023-10-27 19:00:00,26925.27,168193.21,260470.09,1,8901
2023-10-27 20:00:00,25625.69,152060.39,221605.29,1,7602
2023-10-27 21:00:00,22763.78,141881.49,206054.38999999998,1,7398
2023-10-27 22:00:00,26668.02,163037.15,234759.86,1,7936
2023-10-27 23:00:00,24363.49,156078.55,222013.57,2,7469
2023-10-28 00:00:00,18656.33,124677.15,177618.0,1,6412
2023-10-28 01:00:00,15246.789999999999,101738.52,147541.05,1,5810
2023-10-28 02:00:00,12649.96,82163.33,119098.98,1,4843
2023-10-28 03:00:00,9272.85,59974.26,86208.48,1,3525
2023-10-28 04:00:00,6647.6,37481.63,53634.69,1,1925
2023-10-28 05:00:00,4077.4,19395.06,26691.0,1,740
2023-10-28 06:00:00,6580.11,29472.170000000002,39852.22,1,1016
2023-10-28 07:00:00,6397.1,30857.02,43172.09,1,1422
2023-10-28 08:00:00,9451.04,48881.94,68804.73,1,2501
2023-10-28 09:00:00,12390.79,68486.63,98003.52,1,3838
2023-10-28 10:00:00,14589.19,85645.22,122867.06,1,4825
2023-10-28 11:00:00,16428.29,99145.04,142599.75,1,5683
2023-10-28 12:00:00,18551.26,116852.57,166764.13,1,6503
2023-10-28 13:00:00,20788.22,128042.65,180356.65,1,6739
2023-10-28 14:00:00,22459.29,133781.54,187480.83,1,6732
2023-10-28 15:00:00,24735.66,149481.18,208100.78,1,7248
2023-10-28 16:00:00,23892.47,150845.4,210229.55,1,7310
2023-10-28 17:00:00,24462.8,161821.95,224231.01,1,7881
2023-10-28 18:00:00,23731.77,167884.09,231158.93,1,8166
2023-10-28 19:00:00,23107.53,164802.36,226513.08,1,8100
2023-10-28 20:00:00,22274.25,151963.49,215154.8,1,7501
2023-10-28 21:00:00,20683.0,147690.12,209932.23,2,7506
2023-10-28 22:00:00,23638.27,164685.93,230608.09,2,7696
2023-10-28 23:00:00,24391.75,172724.42,238055.51,2,7543
2023-10-29 00:00:00,18750.15,132860.14,185628.82,1,6489
2023-10-29 01:00:00,16516.95,112456.91,159886.94,1,6045
2023-10-29 02:00:00,14942.71,95206.94,136338.72,1,5270
2023-10-29 03:00:00,11598.76,76966.15,108481.46,1,4139
2023-10-29 04:00:00,8339.33,52163.35,71890.79,1,2495
2023-10-29 05:00:00,5051.87,23693.8,33292.52,1,946
2023-10-29 06:00:00,5407.18,25249.04,33675.54,1,865
2023-10-29 07:00:00,46707.48,32497.98,44443.45,1,1313
2023-10-29 08:00:00,9659.09,45989.4,65042.02,1,2198
2023-10-29 09:00:00,11398.05,59045.12,85349.88,1,3318
2023-10-29 10:00:00,15163.08,80740.84,117333.51,1,4753
2023-10-29 11:00:00,17263.71,100581.11,146746.29,1,6121
2023-10-29 12:00:00,21734.84,130094.38,187835.61,1,7408
2023-10-29 13:00:00,22656.57,138781.66,197908.55,1,7556
2023-10-29 14:00:00,23661.26,140365.47,198610.58,1,6823
2023-10-29 15:00:00,25563.97,149964.76,211701.88,1,7079
2023-10-29 16:00:00,23152.49,135995.48,190889.07,1,6276
2023-10-29 17:00:00,22776.59,131201.16,184014.31,1,6012
2023-10-29 18:00:00,20518.67,120312.15,170107.33,1,5840
2023-10-29 19:00:00,17443.41,94650.35,136345.18,1,4789
2023-10-29 20:00:00,19377.81,97527.75,142741.8,1,4487
2023-10-29 21:00:00,18553.1,89847.2,132196.57,1,4028
2023-10-29 22:00:00,15785.31,73894.14,107303.13,1,3185
2023-10-29 23:00:00,13152.37,58432.97,83533.56999999999,1,2208
2023-10-30 00:00:00,8150.88,35924.45,49011.29,1,1291
2023-10-30 01:00:00,4410.48,18960.74,25416.9,1,710
2023-10-30 02:00:00,1575.78,7468.44,10329.81,1,348
2023-10-30 03:00:00,967.84,5141.37,7182.39,1,232
2023-10-30 04:00:00,2314.22,10839.94,15038.83,1,390
2023-10-30 05:00:00,3996.97,19761.49,27466.69,1,813
2023-10-30 06:00:00,8405.5,44602.36,61356.47,1,2141
2023-10-30 07:00:00,16779.64,73056.07,103096.71,1,3933
2023-10-30 08:00:00,13976.63,88903.18,126206.44,1,4844
2023-10-30 09:00:00,15710.33,93108.11,133309.42,1,4802
2023-10-30 10:00:00,14106.22,87666.0,124601.86,1,4635
2023-10-30 11:00:00,14835.07,92467.42,130517.51,1,4731
2023-10-30 12:00:00,16077.83,98050.08,139236.71,1,5110
2023-10-30 13:00:00,16315.57,98878.33,140805.29,1,5267
2023-10-30 14:00:00,22123.2,121948.07,172522.95,1,5996
2023-10-30 15:00:00,22189.93,129962.37,183366.01,1,6287
2023-10-30 16:00:00,21730.01,125909.19,193989.21,1,6181
2023-10-30 17:00:00,21946.62,128207.88,201973.58,1,7020
2023-10-30 18:00:00,22804.75,130755.93,210138.01,1,7487
2023-10-30 19:00:00,20980.87,116316.24,187385.48,1,6756
2023-10-30 20:00:00,20342.29,108289.03,163996.9,1,6075
2023-10-30 21:00:00,19494.93,101425.32,151993.56,1,5619
2023-10-30 22:00:00,16185.68,80867.92,119658.99,1,4207
2023-10-30 23:00:00,13022.58,60866.96,87701.13,1,2650
2023-10-31 00:00:00,6016.12,28853.57,40500.73,1,1273
2023-10-31 01:00:00,2655.32,12375.43,17107.59,1,588
2023-10-31 02:00:00,1009.84,4993.54,7314.64,1,310
2023-10-31 03:00:00,956.1899999999999,4826.07,6718.0,2,222
2023-10-31 04:00:00,1577.4,7364.89,9919.76,1,252
2023-10-31 05:00:00,3741.43,17380.99,23551.04,1,669
2023-10-31 06:00:00,6909.32,34803.32,48631.26,1,1791
2023-10-31 07:00:00,11489.47,66796.97,95186.26,1,3833
2023-10-31 08:00:00,12812.78,86243.3,123650.28,1,5003
2023-10-31 09:00:00,36857.74,93333.59,133261.87,1,5236
2023-10-31 10:00:00,13667.91,90646.91,129192.59,1,5060
2023-10-31 11:00:00,14211.48,94311.34,134080.23,1,5187
2023-10-31 12:00:00,68176.04,101230.3,144613.55,1,5719
2023-10-31 13:00:00,106325.93000000001,109775.56,156808.93,1,5854
2023-10-31 14:00:00,21578.7,132580.62,186775.04,1,6674
2023-10-31 15:00:00,41018.670000000006,143088.62,201789.0,1,7058
2023-10-31 16:00:00,21010.29,130855.41,204447.01,1,6918
2023-10-31 17:00:00,151757.45,125483.0,199604.74,1,7088
2023-10-31 18:00:00,19989.88,120358.17,194479.11,1,7242
2023-10-31 19:00:00,18021.83,106489.72,171579.55,1,6291
2023-10-31 20:00:00,17903.68,104146.95,155709.6,1,5796
2023-10-31 21:00:00,17556.7,101726.38,149302.02,1,5424
2023-10-31 22:00:00,15730.16,92607.06,134300.17,1,4697
2023-10-31 23:00:00,13425.38,72501.64,104671.39,1,3613
2023-11-01 00:00:00,11.15,197.5,256.72,3,7
2023-11-01 19:00:00,9.79,43.6,46.85,1,1
2023-11-02 01:00:00,1.3,12.1,13.6,1,1
2023-11-02 06:00:00,2.97,18.4,22.4,1,1
2023-11-23 10:00:00,15.45,61.1,72.35,1,1
2023-11-23 13:00:00,4.41,26.1,36.12,1,1
2023-10-31 14:00:00,0.4,7.9,12.9,1,1
2023-10-31 15:00:00,1.85,9.3,15.05,1,1
2023-10-31 19:00:00,4.8,29.1,46.92,1,2
2023-10-31 20:00:00,6.21,34.7,51.4,1,2
2023-10-31 21:00:00,1.87,10.7,18.84,2,1
2023-10-31 22:00:00,12.49,57.099999999999994,75.24,2,2
2023-10-31 23:00:00,70.39,371.59999999999997,533.04,2,18
2023-11-01 00:00:00,8933.6,47434.92,67659.0,1,2468
2023-11-01 01:00:00,4802.6,28123.36,40326.77,1,1611
2023-11-01 02:00:00,3512.68,20366.01,29347.829999999998,1,1249
2023-11-01 03:00:00,41760.29000000001,15758.59,22042.56,2,893
2023-11-01 04:00:00,3054.63,16178.35,22350.04,1,715
2023-11-01 05:00:00,3679.17,17927.6,25171.24,1,813
2023-11-01 06:00:00,7283.79,37065.61,51576.68,1,1932
2023-11-01 07:00:00,12598.68,77666.49,110969.83,1,4478
2023-11-01 08:00:00,16810.61,109328.19,156959.12,1,6246
2023-11-01 09:00:00,49749.37,112081.38,161587.92,1,6044
2023-11-01 10:00:00,17080.82,111971.04,160594.56,1,5845
2023-11-01 11:00:00,17576.05,118900.7,170021.26,1,6059
2023-11-01 12:00:00,18096.42,123047.13,174444.22,1,6228
2023-11-01 13:00:00,21086.56,133766.0,189131.13999999998,1,6364
2023-11-01 14:00:00,24103.66,152173.16,214401.02,1,6881
2023-11-01 15:00:00,24088.95,156170.77,218442.86,1,7026
2023-11-01 16:00:00,24768.93,155186.68,239011.69,1,7293
2023-11-01 17:00:00,24899.19,164351.07,257781.34,1,8561
2023-11-01 18:00:00,25311.83,168388.9,267768.27,1,9462
2023-11-01 19:00:00,24836.25,149115.86,239269.19,1,8436
2023-11-01 20:00:00,25530.98,143633.31,217050.74,1,8164
2023-11-01 21:00:00,26917.12,150693.85,225785.43,1,8413
2023-11-01 22:00:00,24100.48,136239.17,200282.65,1,7285
2023-11-01 23:00:00,15860.49,82424.01,120155.03,1,4088
2023-11-02 00:00:00,7938.99,40234.53,57693.82,1,2065
2023-11-02 01:00:00,2872.53,14968.26,21898.74,1,845
2023-11-02 02:00:00,1651.34,8653.83,12611.44,1,512
2023-11-02 03:00:00,1118.19,5516.71,7914.06,1,302
2023-11-02 04:00:00,1802.69,8415.82,11511.66,1,310
2023-11-02 05:00:00,3810.63,17719.02,24656.52,1,687
2023-11-02 06:00:00,7683.9,38512.78,53619.08,1,1788
2023-11-02 07:00:00,13205.78,77100.24,109921.99,1,4321
2023-11-02 08:00:00,15585.68,102526.15,146556.75,1,5680
2023-11-02 09:00:00,16690.84,110439.67,157885.93,1,5843
2023-11-02 10:00:00,16662.98,110338.69,157171.48,1,5732
2023-11-02 11:00:00,16934.94,119083.4,169703.77,1,6086
2023-11-02 12:00:00,19896.27,133356.82,189219.17,1,6511
2023-11-02 13:00:00,20449.1,133440.61,188595.05,1,6466
2023-11-02 14:00:00,27304.78,168799.34,237223.72,1,7376
2023-11-02 15:00:00,27778.65,177725.73,249096.34,1,7769
2023-11-02 16:00:00,25159.43,159795.78,246456.92,1,7544
2023-11-02 17:00:00,27948.51,180221.78,279860.7,1,8882
2023-11-02 18:00:00,27774.32,184750.82,292217.91,1,10077
2023-11-02 19:00:00,26063.4,161663.56,254949.97,1,8600
2023-11-02 20:00:00,27678.45,159987.2,238413.92,1,8360
2023-11-02 21:00:00,28682.37,163199.48,243204.7,1,8688
2023-11-02 22:00:00,27478.22,158910.52,233848.59,1,8279
2023-11-02 23:00:00,19582.62,110118.78,160777.3,1,5695
2023-11-03 00:00:00,12116.15,63102.96,91874.04,1,3271
2023-11-03 01:00:00,5426.9,28177.24,41975.62,1,1728
2023-11-03 02:00:00,3035.83,15684.94,23473.22,1,994
2023-11-03 03:00:00,1976.8,10427.8,15441.63,1,630
2023-11-03 04:00:00,2851.48,12653.92,17728.28,1,467
2023-11-03 05:00:00,4107.74,18394.85,26284.8,1,667
2023-11-03 06:00:00,8196.58,39421.57,54746.04,1,1668
2023-11-03 07:00:00,12366.87,66683.16,95497.41,1,3451
2023-11-03 08:00:00,14748.62,86853.06,124696.08,1,4561
2023-11-03 09:00:00,16405.54,96793.98,139488.29,1,4953
2023-11-03 10:00:00,18195.16,109733.2,156869.94,1,5484
2023-11-03 11:00:00,18183.38,114583.95,165223.07,1,5823
2023-11-03 12:00:00,20130.11,124705.94,178242.84,1,6082
2023-11-03 13:00:00,20876.6,126187.3,180814.54,1,6100
2023-11-03 14:00:00,25871.18,155795.85,220794.88,1,7162
2023-11-03 15:00:00,26282.09,164552.84,231996.24,1,7407
2023-11-03 16:00:00,28176.23,170641.24,262301.91,1,7769
2023-11-03 17:00:00,26979.77,167460.92,264167.35,1,8814
2023-11-03 18:00:00,27855.01,174002.82,275439.0,1,9614
2023-11-03 19:00:00,21674.85,143382.29,229259.91,1,8350
2023-11-03 20:00:00,22197.03,127182.72,190307.13999999998,1,6758
2023-11-03 21:00:00,22469.76,127510.81,190136.07,1,6901
2023-11-03 22:00:00,23872.75,138202.52,205034.97,1,7340
2023-11-03 23:00:00,20396.35,119657.58,177513.55,1,6535
2023-11-04 00:00:00,16961.63,101858.17,149908.61,1,5861
2023-11-04 01:00:00,12026.45,73576.3,110890.69,1,4853
2023-11-04 02:00:00,8185.06,50371.91,76242.76,1,3427
2023-11-04 03:00:00,5693.23,31877.12,47970.08,1,2091
2023-11-04 04:00:00,3496.88,18384.95,27046.84,1,1029
2023-11-04 05:00:00,2709.49,12807.53,18188.48,1,491
2023-11-04 06:00:00,5888.39,26317.47,35826.72,1,923
2023-11-04 07:00:00,7011.43,33449.99,46941.37,1,1585
2023-11-04 08:00:00,9099.81,51116.85,72039.18,1,2666
2023-11-04 09:00:00,12566.96,73747.05,105299.89,1,4001
2023-11-04 10:00:00,14732.55,88734.85,127464.8,1,5010
2023-11-04 11:00:00,17313.57,106667.57,154086.71,1,6191
2023-11-04 12:00:00,19830.55,126991.28,181378.66,1,7118
2023-11-04 13:00:00,19857.25,128498.08,183506.23,1,6951
2023-11-04 14:00:00,56555.44,128638.64,182808.04,1,6826
2023-11-04 15:00:00,25415.31,150344.21,211343.65,1,7306
2023-11-04 16:00:00,24256.19,152915.12,213523.43,1,7454
2023-11-04 17:00:00,30430.78,152089.83,213493.0,1,7727
2023-11-04 18:00:00,21913.65,151723.07,211946.98,1,7968
2023-11-04 19:00:00,20120.67,137310.03,194286.74,1,7587
2023-11-04 20:00:00,18389.71,115272.41,168555.3,1,6266
2023-11-04 21:00:00,19160.61,116095.94,170366.66,2,6270
2023-11-04 22:00:00,55563.93,126844.05,185118.43,1,6739
2023-11-04 23:00:00,20275.18,129366.58,188298.52,1,6977
2023-11-05 00:00:00,17024.01,104246.42,152111.38,1,5968
2023-11-05 01:00:00,20992.62,129723.39,194082.01,1,8435
2023-11-05 02:00:00,5971.58,32832.42,49710.75,1,2217
2023-11-05 03:00:00,3957.63,21432.05,31853.46,1,1326
2023-11-05 04:00:00,3317.71,17738.75,25637.04,1,926
2023-11-05 05:00:00,5385.0,27209.45,37847.5,1,1117
2023-11-05 06:00:00,6821.33,32562.28,44379.4,1,1221
2023-11-05 07:00:00,8099.41,38831.94,53966.0,1,1641
2023-11-05 08:00:00,9239.08,44675.92,63265.58,1,2178
2023-11-05 09:00:00,11630.07,59704.38,85667.46,1,3240
2023-11-05 10:00:00,13578.38,72789.43,105577.03,1,4177
2023-11-05 11:00:00,15675.11,87161.11,126868.03,1,5084
2023-11-05 12:00:00,17997.92,100386.24,145231.66,1,5659
2023-11-05 13:00:00,20551.91,117586.04,169165.03,1,6103
2023-11-05 14:00:00,25173.73,141824.9,200236.32,2,6662
2023-11-05 15:00:00,27026.84,151208.85,212320.84,1,6703
2023-11-05 16:00:00,27411.46,159927.58,223850.23,1,7143
2023-11-05 17:00:00,25396.89,155773.28,217531.47,1,7037
2023-11-05 18:00:00,23612.89,148305.29,207384.76,1,7056
2023-11-05 19:00:00,23584.74,137846.51,194843.06,1,6368
2023-11-05 20:00:00,22224.79,120481.58,178304.55,1,5872
2023-11-05 21:00:00,21382.56,102163.02,150788.98,1,4876
2023-11-05 22:00:00,18850.96,89487.95,130094.19,1,3900
2023-11-05 23:00:00,14564.13,67996.4,98142.96,1,2875
2023-11-06 00:00:00,6151.93,29282.56,41705.28,1,1228
2023-11-06 01:00:00,2097.75,11168.83,15628.960000000001,1,566
2023-11-06 02:00:00,1277.13,6795.71,9559.71,1,354
2023-11-06 03:00:00,1567.85,7168.73,9638.03,2,266
2023-11-06 04:00:00,2983.57,13390.02,18455.34,1,418
2023-11-06 05:00:00,5788.8,26360.16,36810.99,1,865
2023-11-06 06:00:00,10288.56,49613.58,68496.84,1,2080
2023-11-06 07:00:00,13611.23,77043.24,108903.65,1,3876
2023-11-06 08:00:00,16141.16,96812.46,137451.5,1,4804
2023-11-06 09:00:00,16140.04,98910.23,141016.1,1,4967
2023-11-06 10:00:00,17827.54,106058.02,152032.29,1,5177
2023-11-06 11:00:00,17814.71,109275.9,155253.43,1,5260
2023-11-06 12:00:00,19422.21,118064.54,166890.88999999998,1,5649
2023-11-06 13:00:00,21986.18,128696.25,183383.95,1,6027
2023-11-06 14:00:00,26450.08,149429.14,210385.9,1,6429
2023-11-06 15:00:00,26172.12,152868.75,215585.92,1,6781
2023-11-06 16:00:00,24634.54,146939.94,226667.68,1,6821
2023-11-06 17:00:00,24597.64,152491.13,236635.35,1,7658
2023-11-06 18:00:00,24002.48,145879.78,233514.91,1,7959
2023-11-06 19:00:00,22115.76,125097.46,197963.86,1,6490
2023-11-06 20:00:00,21283.48,109148.44,164304.98,1,5722
2023-11-06 21:00:00,21530.45,110137.96,164966.83,1,5774
2023-11-06 22:00:00,18263.0,93489.93,138123.11,1,4630
2023-11-06 23:00:00,13254.18,63728.08,93015.13,1,2957
2023-11-07 00:00:00,6927.54,34364.32,48874.51,1,1549
2023-11-07 01:00:00,2455.41,11601.55,16585.23,1,592
2023-11-07 02:00:00,1037.13,4782.11,6842.41,1,290
2023-11-07 03:00:00,1014.57,4729.61,6607.23,1,227
2023-11-07 04:00:00,57178.74999999999,10231.96,13836.45,1,358
2023-11-07 05:00:00,4308.15,19422.25,27365.43,1,715
2023-11-07 06:00:00,8073.91,38727.45,54441.87,1,1899
2023-11-07 07:00:00,38443.44,69931.76,100482.12,1,3854
2023-11-07 08:00:00,14101.52,88905.25,128784.23,1,4940
2023-11-07 09:00:00,16529.5,103380.41,149453.16,1,5454
2023-11-07 10:00:00,15808.7,103797.87,148937.08,1,5430
2023-11-07 11:00:00,17257.51,114539.93,163245.07,1,5823
2023-11-07 12:00:00,18519.63,120588.02,171281.77,1,6141
2023-11-07 13:00:00,21602.4,131410.18,186845.15,1,6294
2023-11-07 14:00:00,23925.34,146919.18,208463.43,1,6904
2023-11-07 15:00:00,24237.27,146638.75,206969.31,1,6932
2023-11-07 16:00:00,23542.08,143151.69,203873.42,1,6984
2023-11-07 17:00:00,23149.51,150213.6,215027.1,1,7987
2023-11-07 18:00:00,23889.73,152705.86,222732.03,1,8754
2023-11-07 19:00:00,22526.66,126914.67,186129.65,1,7209
2023-11-07 20:00:00,22423.08,120680.24,183805.77,1,6934
2023-11-07 21:00:00,23837.21,132420.51,199953.02,1,7533
2023-11-07 22:00:00,21888.37,118903.28,177104.15,1,6449
2023-11-07 23:00:00,14005.68,69578.75,102713.81999999999,1,3630
2023-11-08 00:00:00,5692.56,28808.18,41795.38,1,1584
2023-11-08 01:00:00,1983.93,10542.54,15667.45,1,673
2023-11-08 02:00:00,1208.76,5980.53,8860.17,1,371
2023-11-08 03:00:00,1046.1,5031.86,7197.19,1,254
2023-11-08 04:00:00,2159.75,10163.55,13666.66,1,299
2023-11-08 05:00:00,4417.08,19719.11,27597.2,1,709
2023-11-08 06:00:00,7916.2699999999995,39800.69,56013.8,1,1902
2023-11-08 07:00:00,13253.28,78863.13,113208.48,1,4344
2023-11-08 08:00:00,17770.170000000002,103726.21,148920.15,1,5786
2023-11-08 09:00:00,37237.74,110518.67,159134.76,1,5834
2023-11-08 10:00:00,17259.91,110789.85,158563.9,1,5761
2023-11-08 11:00:00,18281.19,124214.14,176725.77,1,6059
2023-11-08 12:00:00,20074.42,132486.57,188102.21,1,6487
2023-11-08 13:00:00,21909.02,138763.48,195713.2,1,6498
2023-11-08 14:00:00,26251.55,158753.44,223888.66,1,7107
2023-11-08 15:00:00,26037.95,161370.5,230479.74,1,7577
2023-11-08 16:00:00,25184.5,158124.38,243351.27,1,7536
2023-11-08 17:00:00,24220.93,168310.35,263240.35,1,8696
2023-11-08 18:00:00,25437.09,176549.31,278740.16,1,9513
2023-11-08 19:00:00,24654.92,158722.07,251458.11,1,8597
2023-11-08 20:00:00,24690.56,142332.46,215161.02,1,7899
2023-11-08 21:00:00,26997.69,151735.15,227639.54,1,8400
2023-11-08 22:00:00,25583.01,146345.08,215477.13999999998,1,7646
2023-11-08 23:00:00,16795.61,91110.52,135350.83,1,4859
2023-11-09 00:00:00,7449.72,39663.72,58065.53,1,2217
2023-11-09 01:00:00,3082.5,16140.78,24201.829999999998,1,1001
2023-11-09 02:00:00,1698.64,9021.69,13431.99,1,593
2023-11-09 03:00:00,1613.7,7782.51,11338.34,1,411
2023-11-09 04:00:00,2647.72,12461.32,17319.89,1,425
2023-11-09 05:00:00,4972.09,21741.33,30470.38,1,802
2023-11-09 06:00:00,7795.33,38799.76,55010.95,1,1849
2023-11-09 07:00:00,14385.74,81282.79,115995.72,1,4309
2023-11-09 08:00:00,48713.299999999996,102877.92,147674.95,1,5583
2023-11-09 09:00:00,25851.05,114071.28,162829.18,1,5853
2023-11-09 10:00:00,18859.47,119203.34,169857.3,1,5965
2023-11-09 11:00:00,19512.15,134244.73,189491.47,1,6278
2023-11-09 12:00:00,21791.01,143160.03,202848.27,1,6717
2023-11-09 13:00:00,24208.29,150960.04,213094.52,1,6807
2023-11-09 14:00:00,27341.54,172416.89,241641.83,1,7222
2023-11-09 15:00:00,26764.85,172086.43,242505.57,1,7488
2023-11-09 16:00:00,26328.55,172970.17,263827.46,1,7618
2023-11-09 17:00:00,65087.0,176722.96,273367.28,1,8673
2023-11-09 18:00:00,27372.44,187280.22,294249.45,1,9728
2023-11-09 19:00:00,25332.54,161706.38,253504.48,1,8417
2023-11-09 20:00:00,27054.31,158557.69,237876.57,1,8210
2023-11-09 21:00:00,56735.22,167356.94,247898.87,1,8561
2023-11-09 22:00:00,27521.86,161458.16,237642.75,1,8214
2023-11-09 23:00:00,21869.94,121953.51,179571.87,1,6287
2023-11-10 00:00:00,12484.46,69288.78,102102.68,1,3856
2023-11-10 01:00:00,5761.17,32113.93,48581.64,1,2102
2023-11-10 02:00:00,3670.52,19613.8,29013.02,1,1204
2023-11-10 03:00:00,2459.42,12541.99,18432.48,1,733
2023-11-10 04:00:00,3295.29,15400.62,21806.78,1,620
2023-11-10 05:00:00,5209.11,23317.4,33190.77,1,803
2023-11-10 06:00:00,9405.79,42693.83,59823.9,1,1729
2023-11-10 07:00:00,12130.69,63602.6,91620.87,1,3284
2023-11-10 08:00:00,15975.53,87592.96,125667.9,1,4459
2023-11-10 09:00:00,17340.34,99840.41,144176.64,1,5060
2023-11-10 10:00:00,17861.29,109266.31,157070.48,1,5595
2023-11-10 11:00:00,18939.55,117233.34,168917.86,1,5999
2023-11-10 12:00:00,19636.26,121234.73,173968.71,1,6241
2023-11-10 13:00:00,23336.16,140089.82,200662.74,1,6882
2023-11-10 14:00:00,26701.67,161083.41,228931.69,1,7500
2023-11-10 15:00:00,27394.36,170641.73,241593.85,1,7887
2023-11-10 16:00:00,26287.35,162652.83,232628.97,1,7693
2023-11-10 17:00:00,23231.8,156364.32,226826.46,1,8476
2023-11-10 18:00:00,23874.81,161326.2,233657.42,1,9012
2023-11-10 19:00:00,25073.01,152101.11,220525.0,1,8174
2023-11-10 20:00:00,21062.64,125197.76,186432.63,1,6746
2023-11-10 21:00:00,23633.94,139213.01,204774.74,1,7159
2023-11-10 22:00:00,23900.89,144632.55,213662.61,1,7729
2023-11-10 23:00:00,20421.09,128191.32,188614.3,1,6995
2023-11-11 00:00:00,16707.08,105871.76,156507.64,1,6303
2023-11-11 01:00:00,12249.16,77493.02,117233.78,1,5235
2023-11-11 02:00:00,9244.11,56102.01,85399.89,1,3878
2023-11-11 03:00:00,6323.05,36643.89,55290.07,1,2479
2023-11-11 04:00:00,3845.0,21077.95,30524.56,1,1152
2023-11-11 05:00:00,3063.54,13987.05,19797.65,1,522
2023-11-11 06:00:00,4548.59,20886.75,28721.59,1,824
2023-11-11 07:00:00,6959.56,33309.83,46091.89,1,1400
2023-11-11 08:00:00,9057.17,46283.55,66161.44,1,2468
2023-11-11 09:00:00,11830.54,66464.35,95806.2,1,3731
2023-11-11 10:00:00,14796.68,86270.16,124638.56,1,4787
2023-11-11 11:00:00,17059.77,104903.74,149463.94,1,5573
2023-11-11 12:00:00,18606.24,118723.48,168163.44,1,6050
2023-11-11 13:00:00,21229.96,130505.09,183830.31,1,6465
2023-11-11 14:00:00,21906.06,131341.27,185132.65,1,6502
2023-11-11 15:00:00,24393.28,148108.32,209530.27,1,7414
2023-11-11 16:00:00,23431.24,149085.94,210247.31,1,7493
2023-11-11 17:00:00,20823.7,146991.77,206711.29,1,7765
2023-11-11 18:00:00,21184.62,153932.32,216956.65,1,8354
2023-11-11 19:00:00,23027.43,157331.66,220116.35,1,8302
2023-11-11 20:00:00,18999.97,120102.88,175290.36,1,6427
2023-11-11 21:00:00,20157.65,125235.39,184258.49,1,6832
2023-11-11 22:00:00,21031.98,135334.22,198371.33,1,7398
2023-11-11 23:00:00,20937.52,135090.75,196144.06,1,7259
2023-11-12 00:00:00,17589.55,114014.64,165604.54,1,6462
2023-11-12 01:00:00,13957.25,89595.89,131419.85,1,5378
2023-11-12 02:00:00,9842.87,62148.97,93020.56,1,4047
2023-11-12 03:00:00,7136.36,42069.4,62498.06,1,2695
2023-11-12 04:00:00,5214.15,29988.22,43134.92,1,1623
2023-11-12 05:00:00,4023.84,18969.89,26153.23,1,654
2023-11-12 06:00:00,6467.5,28905.55,39162.71,1,940
2023-11-12 07:00:00,8097.38,37988.37,52386.08,1,1416
2023-11-12 08:00:00,10146.88,48176.64,67909.82,1,2237
2023-11-12 09:00:00,12793.88,65159.09,94926.19,1,3585
2023-11-12 10:00:00,16883.42,88658.29,130091.87,1,4975
2023-11-12 11:00:00,18427.78,104502.0,152177.28,1,5695
2023-11-12 12:00:00,20496.27,116737.28,169193.42,1,6192
2023-11-12 13:00:00,24135.39,134486.76,192950.29,1,6655
2023-11-12 14:00:00,25924.61,147336.6,209346.35,1,6938
2023-11-12 15:00:00,27912.41,153317.61,218147.03,1,7095
2023-11-12 16:00:00,27472.81,153557.85,217833.23,1,7194
2023-11-12 17:00:00,24047.81,146811.56,207088.15,1,7174
2023-11-12 18:00:00,22630.6,134147.48,190727.59,1,6699
2023-11-12 19:00:00,21591.32,113175.14,162728.68,1,5373
2023-11-12 20:00:00,20931.25,105743.31,155758.87,1,4898
2023-11-12 21:00:00,20287.7,98460.38,146682.45,1,4587
2023-11-12 22:00:00,20540.09,94979.52,137333.58,1,3930
2023-11-12 23:00:00,14244.95,63312.51,90849.47,1,2437
2023-11-13 00:00:00,6295.24,29007.03,41173.58,1,1224
2023-11-13 01:00:00,2410.55,12143.69,17178.15,1,574
2023-11-13 02:00:00,1246.18,5975.26,8360.42,1,307
2023-11-13 03:00:00,1882.1,8018.03,11086.18,1,291
2023-11-13 04:00:00,2304.95,10615.95,14715.1,1,358
2023-11-13 05:00:00,4388.34,19667.57,27257.23,1,737
2023-11-13 06:00:00,9022.31,43467.61,60962.14,1,1945
2023-11-13 07:00:00,13134.34,72443.61,103031.54,1,3779
2023-11-13 08:00:00,17257.95,101788.71,144166.52,1,4965
2023-11-13 09:00:00,17735.19,102088.27,146656.86,1,5219
2023-11-13 10:00:00,17426.2,101920.91,146461.35,1,5188
2023-11-13 11:00:00,18363.13,110514.28,159139.83,1,5643
2023-11-13 12:00:00,20549.0,118932.96,170585.68,1,5866
2023-11-13 13:00:00,23417.58,129361.24,184464.32,1,6024
2023-11-13 14:00:00,23683.78,137682.46,197113.84,1,6607
2023-11-13 15:00:00,26544.61,148382.96,211394.54,1,6953
2023-11-13 16:00:00,25587.62,146919.0,227968.68,1,6810
2023-11-13 17:00:00,24484.59,148571.18,232171.29,1,7565
2023-11-13 18:00:00,21573.31,133071.16,215465.02,1,7779
2023-11-13 19:00:00,21417.46,118041.06,188574.46,1,6246
2023-11-13 20:00:00,21892.59,115583.34,174529.83,1,6080
2023-11-13 21:00:00,21959.61,112649.83,168001.57,1,5838
2023-11-13 22:00:00,19112.01,95030.42,139948.11,1,4529
2023-11-13 23:00:00,12447.22,59037.01,86349.26,1,2614
2023-11-14 00:00:00,6464.33,29468.51,41960.99,1,1355
2023-11-14 01:00:00,3024.66,13495.01,18721.81,1,588
2023-11-14 02:00:00,1093.04,5219.59,7476.57,1,295
2023-11-14 03:00:00,859.24,4384.41,6114.34,1,192
2023-11-14 04:00:00,1774.46,8345.73,11373.85,1,290
2023-11-14 05:00:00,4015.07,18822.21,27017.68,1,852
2023-11-14 06:00:00,66548.89,37550.0,53125.2,1,2010
2023-11-14 07:00:00,47556.76,78500.53,111933.56,1,4230
2023-11-14 08:00:00,43044.55,104957.65,150690.49,1,5720
2023-11-14 09:00:00,17567.43,110789.27,158943.5,1,5754
2023-11-14 10:00:00,17973.87,115155.62,164672.86,1,5759
2023-11-14 11:00:00,17334.25,114532.8,163638.31,1,5723
2023-11-14 12:00:00,17708.94,117320.62,167529.81,1,6028
2023-11-14 13:00:00,41910.93,127192.92,181150.25,1,6221
2023-11-14 14:00:00,24084.14,144880.92,206021.04,1,6842
2023-11-14 15:00:00,24677.52,150232.9,214069.32,1,7145
2023-11-14 16:00:00,24972.81,149030.73,230777.32,1,7048
2023-11-14 17:00:00,22874.78,153043.38,241916.49,1,8216
2023-11-14 18:00:00,23766.91,159381.73,253642.59,1,8939
2023-11-14 19:00:00,24025.58,141203.58,226062.35,1,7820
2023-11-14 20:00:00,24360.33,134281.05,204269.13,1,7514
2023-11-14 21:00:00,25267.24,143018.29,215748.88,1,8079
2023-11-14 22:00:00,24662.93,137729.07,203371.71,1,7157
2023-11-14 23:00:00,15811.0,84667.4,123998.01,1,4319
2023-11-15 00:00:00,7330.2,36347.8,52452.07,1,1792
2023-11-15 01:00:00,2515.21,12573.1,18612.329999999998,1,776
2023-11-15 02:00:00,1217.36,6151.41,9346.58,1,438
2023-11-15 03:00:00,1192.4,6005.06,8494.33,1,300
2023-11-15 04:00:00,1946.21,8732.53,11986.77,1,316
2023-11-15 05:00:00,3561.08,17023.7,23799.62,1,658
2023-11-15 06:00:00,8336.05,41718.54,58110.5,1,1887
2023-11-15 07:00:00,46715.67,81514.27,117009.5,1,4500
2023-11-15 08:00:00,16349.01,107804.37,153850.53,1,5896
2023-11-15 09:00:00,16699.91,109202.14,157197.25,1,5801
2023-11-15 10:00:00,17255.43,112442.15,160608.45,1,5814
2023-11-15 11:00:00,18441.4,122581.23,174455.62,1,6038
2023-11-15 12:00:00,41554.43,131933.77,186938.84,1,6362
2023-11-15 13:00:00,22598.17,141143.43,200646.46,1,6575
2023-11-15 14:00:00,24504.11,154950.7,219285.6,1,7121
2023-11-15 15:00:00,25527.97,162957.12,230640.71,1,7319
2023-11-15 16:00:00,23364.14,157425.21,240318.47,1,7271
2023-11-15 17:00:00,24485.36,174808.53,269943.06,1,8722
2023-11-15 18:00:00,24943.57,174528.38,275385.12,1,9379
2023-11-15 19:00:00,24628.01,153485.99,243635.54,1,8388
2023-11-15 20:00:00,27230.32,153089.75,231378.08,1,8300
2023-11-15 21:00:00,27237.82,158202.29,237155.82,1,8655
2023-11-15 22:00:00,24808.49,140791.48,210301.78,1,7836
2023-11-15 23:00:00,17713.79,90798.61,134702.07,1,4739
2023-11-16 00:00:00,8743.9,44271.93,65110.21,1,2405
2023-11-16 01:00:00,3604.95,19161.52,27841.88,1,1101
2023-11-16 02:00:00,1862.72,9411.02,14016.96,1,591
2023-11-16 03:00:00,1643.61,7866.14,11349.26,1,419
2023-11-16 04:00:00,2743.27,13177.45,18274.54,1,471
2023-11-16 05:00:00,4198.94,18964.7,26674.07,1,726
2023-11-16 06:00:00,13735.64,42224.69,59219.03,1,1906
2023-11-16 07:00:00,14137.11,82727.74,118483.73,1,4478
2023-11-16 08:00:00,17325.33,111691.94,159429.28,1,6061
2023-11-16 09:00:00,17338.09,111472.12,160909.45,1,5927
2023-11-16 10:00:00,17625.24,112518.67,161378.92,1,5813
2023-11-16 11:00:00,18225.96,119841.28,171003.26,1,6008
2023-11-16 12:00:00,19970.83,130538.74,185425.16,1,6484
2023-11-16 13:00:00,24507.39,147848.55,207665.12,1,6743
2023-11-16 14:00:00,25729.15,160754.0,226374.88,1,7298
2023-11-16 15:00:00,28019.81,171588.63,242125.56,1,7723
2023-11-16 16:00:00,28222.74,165434.42,254863.1,1,7679
2023-11-16 17:00:00,26889.66,179518.24,281114.5,1,9222
2023-11-16 18:00:00,28085.63,181385.89,289992.39,1,10101
2023-11-16 19:00:00,25904.05,160766.62,255167.03,1,8768
2023-11-16 20:00:00,27388.93,155442.21,233053.68,1,8275
2023-11-16 21:00:00,27805.16,158686.58,238686.35,1,8672
2023-11-16 22:00:00,26356.51,151646.86,225144.25,1,8156
2023-11-16 23:00:00,22474.53,121564.46,178714.31,1,6265
2023-11-17 00:00:00,13564.35,71685.62,105025.13,1,3770
2023-11-17 01:00:00,5955.57,31589.16,47384.4,1,1942
2023-11-17 02:00:00,3197.57,17221.08,26130.97,1,1143
2023-11-17 03:00:00,2691.1,13070.24,19167.96,1,751
2023-11-17 04:00:00,4278.43,19841.9,28058.24,1,693
2023-11-17 05:00:00,4817.58,22750.36,32434.09,1,822
2023-11-17 06:00:00,9325.55,44107.43,61251.17,1,1794
2023-11-17 07:00:00,13876.64,76972.04,109333.71,1,3804
2023-11-17 08:00:00,15546.49,91954.03,131554.21,1,4673
2023-11-17 09:00:00,16897.13,100891.69,144768.04,1,5043
2023-11-17 10:00:00,17071.03,103735.6,148303.02,1,5257
2023-11-17 11:00:00,17792.01,113918.96,162391.71,1,5612
2023-11-17 12:00:00,20017.32,125117.46,178316.97,1,6027
2023-11-17 13:00:00,22490.96,137109.64,192984.3,1,6406
2023-11-17 14:00:00,25187.86,157458.16,221627.48,1,7211
2023-11-17 15:00:00,25493.87,162696.19,228751.13,1,7584
2023-11-17 16:00:00,25329.3,160247.56,244208.71,1,7255
2023-11-17 17:00:00,24717.14,164602.17,255216.74,1,8438
2023-11-17 18:00:00,23918.65,157172.69,248967.31,1,8878
2023-11-17 19:00:00,23527.6,151143.14,237703.38,1,8195
2023-11-17 20:00:00,21159.02,121377.29,181457.08,1,6429
2023-11-17 21:00:00,21855.53,124039.24,184572.47,1,6557
2023-11-17 22:00:00,22859.42,133914.39,197581.11,1,7004
2023-11-17 23:00:00,20775.68,124287.99,183699.04,1,6720
2023-11-18 00:00:00,17485.31,103928.36,154655.54,1,6074
2023-11-18 01:00:00,13270.02,80010.18,120144.13,1,5141
2023-11-18 02:00:00,9199.73,54574.74,82514.14,1,3694
2023-11-18 03:00:00,6982.22,39000.57,58226.75,1,2501
2023-11-18 04:00:00,5112.42,28008.89,39835.91,1,1439
2023-11-18 05:00:00,4100.16,19126.58,26758.4,1,724
2023-11-18 06:00:00,6256.29,28049.41,38628.1,1,1103
2023-11-18 07:00:00,8179.85,37553.18,52252.659999999996,1,1563
2023-11-18 08:00:00,10200.77,50115.63,71260.89,1,2574
2023-11-18 09:00:00,11904.76,63576.55,93170.29,1,3866
2023-11-18 10:00:00,15788.88,86761.04,126945.85,1,5124
2023-11-18 11:00:00,52241.56999999999,95697.7,138926.77,1,5783
2023-11-18 12:00:00,18282.41,110029.55,158985.45,1,6394
2023-11-18 13:00:00,20556.95,125123.36,179479.03,1,6872
2023-11-18 14:00:00,22108.47,130615.12,186101.93,1,6901
2023-11-18 15:00:00,22088.04,134935.72,192792.46,1,7397
2023-11-18 16:00:00,24669.4,153380.09,217347.58,1,7859
2023-11-18 17:00:00,22627.0,150191.72,211902.27,1,8193
2023-11-18 18:00:00,21366.86,144644.32,205872.02,1,8259
2023-11-18 19:00:00,22843.72,150918.17,214153.82,1,8111
2023-11-18 20:00:00,18617.4,117266.12,171264.45,1,6385
2023-11-18 21:00:00,19988.31,121175.16,180286.94,2,6738
2023-11-18 22:00:00,20513.28,127501.73,188416.52,2,7082
2023-11-18 23:00:00,22337.22,136830.3,200280.72,1,7429
2023-11-19 00:00:00,17806.63,105521.4,155693.31,1,6199
2023-11-19 01:00:00,12741.97,77623.79,116178.89,1,4852
2023-11-19 02:00:00,10003.07,57084.55,85392.24,1,3676
2023-11-19 03:00:00,7618.39,41906.58,61864.8,1,2540
2023-11-19 04:00:00,5293.5,27245.87,39291.8,1,1418
2023-11-19 05:00:00,3729.94,16745.76,22925.61,1,571
2023-11-19 06:00:00,5965.65,24682.8,34061.43,1,909
2023-11-19 07:00:00,6676.02,30852.19,43160.97,1,1402
2023-11-19 08:00:00,8994.19,42718.48,60692.659999999996,1,2093
2023-11-19 09:00:00,12150.87,61743.56,89143.44,1,3476
2023-11-19 10:00:00,15101.84,80425.81,117003.49,1,4679
2023-11-19 11:00:00,16041.09,89934.59,132262.88,1,5334
2023-11-19 12:00:00,19556.0,109861.6,158959.95,1,6028
2023-11-19 13:00:00,20141.41,116027.96,166729.76,1,6003
2023-11-19 14:00:00,22385.66,127186.75,181562.37,1,6328
2023-11-19 15:00:00,23288.59,133084.76,188223.1,1,6411
2023-11-19 16:00:00,22958.34,131373.33,186737.68,1,6395
2023-11-19 17:00:00,21402.62,124564.67,177054.21,1,6252
2023-11-19 18:00:00,19837.28,113586.03,161119.56,1,5753
2023-11-19 19:00:00,19025.41,99590.38,142297.43,1,4992
2023-11-19 20:00:00,17647.55,88996.57,131182.91,1,4394
2023-11-19 21:00:00,16007.85,79454.03,118678.65,1,4099
2023-11-19 22:00:00,14637.9,68679.41,100649.47,1,3202
2023-11-19 23:00:00,11943.75,54604.22,77260.35,1,2183
2023-11-20 00:00:00,6668.48,29183.35,40491.94,1,1088
2023-11-20 01:00:00,2895.61,13492.99,18882.58,1,594
2023-11-20 02:00:00,1449.0,6798.99,9478.76,1,317
2023-11-20 03:00:00,1206.15,5385.85,7566.43,1,251
2023-11-20 04:00:00,2222.62,10430.08,14102.119999999999,1,356
2023-11-20 05:00:00,3797.85,17330.49,24042.69,1,672
2023-11-20 06:00:00,7535.31,36700.91,50740.1,1,1678
2023-11-20 07:00:00,12146.74,68353.56,97284.04,1,3587
2023-11-20 08:00:00,58095.57,86676.29,123011.3,1,4592
2023-11-20 09:00:00,16352.92,99435.83,141199.92,1,4989
2023-11-20 10:00:00,15026.52,95139.81,134553.06,1,4968
2023-11-20 11:00:00,38805.159999999996,102836.5,146019.53,1,5356
2023-11-20 12:00:00,16095.28,105593.24,150255.98,1,5637
2023-11-20 13:00:00,19273.64,118758.64,167467.06,1,6030
2023-11-20 14:00:00,21966.83,134142.55,188535.75,1,6645
2023-11-20 15:00:00,23479.3,144148.16,203448.05,1,7041
2023-11-20 16:00:00,21372.53,134849.05,209041.26,1,6856
2023-11-20 17:00:00,21359.91,136047.5,213627.74,1,7330
2023-11-20 18:00:00,21771.78,128665.0,205688.39,1,7476
2023-11-20 19:00:00,19099.09,112716.96,178559.51,1,6271
2023-11-20 20:00:00,17903.52,96755.95,146643.37,1,5564
2023-11-20 21:00:00,18121.16,95377.4,144210.97,1,5432
2023-11-20 22:00:00,14814.54,74517.13,110336.59,1,3950
2023-11-20 23:00:00,12018.9,56770.52,82113.45,1,2628
2023-11-21 00:00:00,6458.05,29621.21,42202.63,1,1382
2023-11-21 01:00:00,2699.02,12261.32,17427.35,1,634
2023-11-21 02:00:00,1502.86,6770.9800000000005,9608.78,1,349
2023-11-21 03:00:00,914.3,4172.85,6043.19,1,219
2023-11-21 04:00:00,2564.05,11517.06,15516.87,1,392
2023-11-21 05:00:00,3825.58,17909.04,24873.39,1,701
2023-11-21 06:00:00,6954.75,33977.5,47709.85,1,1684
2023-11-21 07:00:00,11748.81,64438.27,92433.72,1,3761
2023-11-21 08:00:00,14678.85,90418.9,129155.81,1,4976
2023-11-21 09:00:00,16562.16,102642.51,146453.42,1,5418
2023-11-21 10:00:00,15947.28,108286.27,153762.42,1,5564
2023-11-21 11:00:00,17054.46,116251.18,165043.3,1,5902
2023-11-21 12:00:00,18055.67,124916.67,175349.4,1,6211
2023-11-21 13:00:00,20375.08,145463.37,203268.15,1,7057
2023-11-21 14:00:00,23415.88,170935.37,237164.14,1,7821
2023-11-21 15:00:00,23712.21,175426.12,243710.9,1,7963
2023-11-21 16:00:00,23810.97,175190.26,259812.5,1,7594
2023-11-21 17:00:00,22388.89,170179.12,256547.26,1,7904
2023-11-21 18:00:00,20882.12,157585.58,244226.8,1,8350
2023-11-21 19:00:00,63636.65000000001,137146.1,213389.79,1,7508
2023-11-21 20:00:00,17791.52,108460.66,162066.44,1,6043
2023-11-21 21:00:00,17176.2,103733.51,155586.74,1,6231
2023-11-21 22:00:00,15816.22,91635.52,134696.88,1,5021
2023-11-21 23:00:00,12654.47,65341.06,94490.44,1,3292
2023-11-22 00:00:00,6687.81,34132.0,49161.58,1,1686
2023-11-22 01:00:00,3308.92,16030.85,22804.6,1,797
2023-11-22 02:00:00,1247.8799999999999,6834.57,9738.02,1,364
2023-11-22 03:00:00,1212.41,6562.79,9381.55,1,307
2023-11-22 04:00:00,4440.32,19991.95,27803.52,1,632
2023-11-22 05:00:00,4877.61,22646.38,31116.31,1,845
2023-11-22 06:00:00,6277.27,31678.72,44225.77,1,1550
2023-11-22 07:00:00,10338.37,53286.77,75173.66,1,2743
2023-11-22 08:00:00,12818.19,70637.91,100894.48,1,3764
2023-11-22 09:00:00,13705.12,80851.52,116167.97,1,4375
2023-11-22 10:00:00,15553.04,96226.94,136467.7,1,4959
2023-11-22 11:00:00,16017.81,102887.92,145767.65,1,5375
2023-11-22 12:00:00,17994.34,117416.55,165208.62,1,5903
2023-11-22 13:00:00,19748.9,128686.09,180696.16,1,6372
2023-11-22 14:00:00,22034.97,144129.97,200975.13,1,6818
2023-11-22 15:00:00,22255.21,144322.52,201795.4,1,6868
2023-11-22 16:00:00,20653.44,134498.15,205903.95,1,6553
2023-11-22 17:00:00,18918.5,120901.45,187762.13,1,6186
2023-11-22 18:00:00,16434.85,101123.44,160381.71,1,5817
2023-11-22 19:00:00,16324.14,93791.69,145775.51,1,4937
2023-11-22 20:00:00,13720.41,75322.98,112101.01,2,4149
2023-11-22 21:00:00,14184.91,76277.8,113333.43,2,4250
2023-11-22 22:00:00,12109.05,67267.87,100331.67,2,3810
2023-11-22 23:00:00,11009.11,57394.1,84103.02,2,3079
2023-11-23 00:00:00,8063.43,42018.14,60807.12,1,2253
2023-11-23 01:00:00,4842.55,27506.14,40212.95,1,1697
2023-11-23 02:00:00,3403.33,20383.94,29761.58,1,1277
2023-11-23 03:00:00,3264.74,17402.47,25060.65,1,1001
2023-11-23 04:00:00,3396.01,18031.02,25183.44,1,828
2023-11-23 05:00:00,3347.7400000000002,15319.66,21555.31,1,569
2023-11-23 06:00:00,6083.21,26994.42,36666.01,1,1025
2023-11-23 07:00:00,5193.84,26468.48,37466.58,2,1365
2023-11-23 08:00:00,49392.26,30603.73,43690.45,1,1740
2023-11-23 09:00:00,6719.71,35362.24,51687.62,1,2135
2023-11-23 10:00:00,8859.19,48368.84,69334.75,1,2607
2023-11-23 11:00:00,11020.92,61804.63,88548.11,2,3218
2023-11-23 12:00:00,11305.38,66830.74,94425.81999999999,2,3598
2023-11-23 13:00:00,13528.79,79598.3,111087.56,2,4125
2023-11-23 14:00:00,15060.19,90036.97,124083.72,2,4453
2023-11-23 15:00:00,16001.91,92571.65,128753.33,2,4739
2023-11-23 16:00:00,13916.81,79788.5,111393.56999999999,2,4280
2023-11-23 17:00:00,12734.73,70370.64,98485.92,2,3814
2023-11-23 18:00:00,10614.43,59725.71,84967.38,2,3631
2023-11-23 19:00:00,12061.97,65086.75,92127.65,2,3812
2023-11-23 20:00:00,10940.15,61814.3,91666.48,2,3799
2023-11-23 21:00:00,11510.42,62938.56,93289.94,2,3829
2023-11-23 22:00:00,8697.72,49203.26,72364.58,2,3050
2023-11-23 23:00:00,6064.24,33036.5,47511.27,1,1934
2023-11-24 00:00:00,3382.39,17398.62,24876.5,1,1042
2023-11-24 01:00:00,1577.86,8448.99,12385.57,1,552
2023-11-24 02:00:00,1138.12,5863.41,8638.8,1,381
2023-11-24 03:00:00,1111.34,5892.91,8384.42,2,263
2023-11-24 04:00:00,1518.85,7268.11,10040.36,2,258
2023-11-24 05:00:00,2416.03,10846.61,14704.15,2,352
2023-11-24 06:00:00,3249.28,15240.3,20673.46,1,648
2023-11-24 07:00:00,4647.16,22151.98,31383.56,1,1090
2023-11-24 08:00:00,6283.02,31187.13,45258.11,1,1786
2023-11-24 09:00:00,9097.49,46331.59,67209.62,2,2621
2023-11-24 10:00:00,10893.99,56823.21,82732.23,2,3412
2023-11-24 11:00:00,12329.64,68222.72,99625.5,2,4122
2023-11-24 12:00:00,13992.51,79810.89,115584.6,2,4664
2023-11-24 13:00:00,17056.92,95993.47,137045.85,2,5084
2023-11-24 14:00:00,18784.81,104740.28,149297.06,2,5518
2023-11-24 15:00:00,18394.31,105500.74,150152.01,2,5755
2023-11-24 16:00:00,18306.67,108360.34,168934.97,2,5732
2023-11-24 17:00:00,18650.47,111782.68,173361.34,2,5715
2023-11-24 18:00:00,18211.85,114194.13,178349.96,2,6019
2023-11-24 19:00:00,15812.26,98529.96,153661.76,2,5344
2023-11-24 20:00:00,15016.03,84408.67,125317.09,2,4609
2023-11-24 21:00:00,15616.79,85963.3,126498.18,2,4636
2023-11-24 22:00:00,15326.98,84401.23,124804.45,2,4702
2023-11-24 23:00:00,11814.34,62571.61,92762.02,2,3492
2023-11-25 00:00:00,6787.85,36044.82,53834.409999999996,1,2224
2023-11-25 01:00:00,4269.81,23552.24,35133.16,1,1547
2023-11-25 02:00:00,3416.97,19479.22,28706.57,1,1248
2023-11-25 03:00:00,3405.77,18722.9,27228.76,2,1116
2023-11-25 04:00:00,3097.38,17235.97,23825.5,1,763
2023-11-25 05:00:00,2892.14,13400.56,18082.39,1,372
2023-11-25 06:00:00,5401.97,23497.83,31289.05,1,713
2023-11-25 07:00:00,5650.41,25162.51,35035.46,1,985
2023-11-25 08:00:00,8829.18,41160.36,57800.36,1,1767
2023-11-25 09:00:00,10616.55,51602.33,74745.35,1,2677
2023-11-25 10:00:00,14411.36,71766.48,103747.01,1,3942
2023-11-25 11:00:00,14153.52,77767.04,112171.11,2,4521
2023-11-25 12:00:00,17715.02,100319.62,144201.06,2,5521
2023-11-25 13:00:00,19888.11,111042.73,157101.48,2,5557
2023-11-25 14:00:00,22004.52,120754.91,170470.29,2,5731
2023-11-25 15:00:00,21651.5,124967.61,175513.85,2,5983
2023-11-25 16:00:00,21549.42,127842.95,179000.05,2,6091
2023-11-25 17:00:00,19491.37,120967.35,170604.0,2,6029
2023-11-25 18:00:00,21825.55,127887.39,181285.77,2,6265
2023-11-25 19:00:00,20926.49,119007.74,168364.94,2,5843
2023-11-25 20:00:00,18505.72,101920.07,149283.15,2,4984
2023-11-25 21:00:00,17260.45,95755.0,140297.44,2,4950
2023-11-25 22:00:00,20074.9,106526.04,156343.28,2,5229
2023-11-25 23:00:00,18644.16,93209.72,135919.68,2,4469
2023-11-26 00:00:00,12295.64,62436.01,91388.63,1,3349
2023-11-26 01:00:00,6584.33,36752.68,55233.08,1,2388
2023-11-26 02:00:00,5151.51,29363.81,43700.89,1,1904
2023-11-26 03:00:00,4326.7,24908.29,36321.11,2,1489
2023-11-26 04:00:00,4470.35,23808.33,32917.4,2,1049
2023-11-26 05:00:00,3952.3,17130.69,23112.85,1,483
2023-11-26 06:00:00,5818.22,24593.82,33368.29,1,756
2023-11-26 07:00:00,8328.39,36905.44,50416.61,1,1248
2023-11-26 08:00:00,9616.87,44610.6,62760.3,1,1872
2023-11-26 09:00:00,12688.19,59311.38,85084.41,1,2857
2023-11-26 10:00:00,14719.64,73473.28,105233.38,1,3701
2023-11-26 11:00:00,15329.9,80143.08,115559.5,1,4235
2023-11-26 12:00:00,18452.19,97976.54,140994.16,1,5079
2023-11-26 13:00:00,21119.55,113510.68,162173.23,1,5468
2023-11-26 14:00:00,24916.75,137558.67,194051.31,1,6351
2023-11-26 15:00:00,24337.76,140591.3,199670.69,1,6599
2023-11-26 16:00:00,23816.17,134838.89,189336.49,1,6007
2023-11-26 17:00:00,22725.89,133546.28,188195.43,1,5991
2023-11-26 18:00:00,21172.23,120541.17,170727.36,1,5613
2023-11-26 19:00:00,19999.56,102147.48,145814.82,1,4654
2023-11-26 20:00:00,21399.28,104163.2,153305.47,1,4490
2023-11-26 21:00:00,20404.63,96802.85,141941.49,1,4124
2023-11-26 22:00:00,17820.04,83025.96,119886.14,1,3268
2023-11-26 23:00:00,12250.1,55559.82,79022.79,1,2060
2023-11-27 00:00:00,9356.3,40536.98,58166.27,1,1375
2023-11-27 01:00:00,7338.86,30388.21,41307.94,1,847
2023-11-27 02:00:00,3259.73,13761.0,18446.35,1,422
2023-11-27 03:00:00,1860.68,7933.6,10691.7,2,247
2023-11-27 04:00:00,2127.7,10325.24,13956.92,1,287
2023-11-27 05:00:00,3941.7,17292.16,23738.69,1,622
2023-11-27 06:00:00,8478.12,40061.04,54798.229999999996,1,1614
2023-11-27 07:00:00,72634.70999999999,72706.72,102542.21,1,3532
2023-11-27 08:00:00,17099.2,97360.88,138352.65,1,4796
2023-11-27 09:00:00,16904.12,95636.31,137073.72,1,4706
2023-11-27 10:00:00,17490.26,99211.57,140754.52,1,4814
2023-11-27 11:00:00,18055.41,104041.29,148038.74,1,5095
2023-11-27 12:00:00,19397.34,110757.84,158952.84,1,5483
2023-11-27 13:00:00,21803.17,120369.17,171517.07,1,5776
2023-11-27 14:00:00,25283.57,137268.71,194615.13,1,6352
2023-11-27 15:00:00,24982.1,142598.04,202155.84,1,6657
2023-11-27 16:00:00,22929.13,132533.8,204248.73,1,6249
2023-11-27 17:00:00,22916.24,133088.78,209461.71,1,6826
2023-11-27 18:00:00,21900.24,125199.24,202605.97,1,7040
2023-11-27 19:00:00,20509.24,110024.47,177027.8,1,6030
2023-11-27 20:00:00,21860.33,108236.44,164195.35,1,5547
2023-11-27 21:00:00,22075.8,110638.68,166081.45,1,5646
2023-11-27 22:00:00,20143.0,95569.28,139447.79,1,4112
2023-11-27 23:00:00,15517.05,69273.74,98134.87,1,2648
2023-11-28 00:00:00,9044.0,38495.65,53542.83,1,1352
2023-11-28 01:00:00,2323.2,10982.22,15654.86,1,528
2023-11-28 02:00:00,1628.09,7077.49,9915.19,1,314
2023-11-28 03:00:00,1147.77,5247.48,7204.55,1,206
2023-11-28 04:00:00,1520.45,6867.39,9333.03,1,241
2023-11-28 05:00:00,3695.71,17294.38,23777.52,1,644
2023-11-28 06:00:00,7292.24,35879.21,49910.92,1,1706
2023-11-28 07:00:00,13336.7,75711.88,107672.26,1,4014
2023-11-28 08:00:00,16596.83,103377.41,147634.51,1,5535
2023-11-28 09:00:00,48068.27,117085.73,167763.21,1,5881
2023-11-28 10:00:00,18638.95,119055.18,169367.36,1,5712
2023-11-28 11:00:00,17193.31,118038.38,166924.42,1,5792
2023-11-28 12:00:00,19439.55,129669.49,182759.8,1,6266
2023-11-28 13:00:00,21578.48,135893.63,192278.88,1,6456
2023-11-28 14:00:00,23320.98,146471.67,206808.6,1,6871
2023-11-28 15:00:00,23619.3,150396.51,213525.24,1,7356
2023-11-28 16:00:00,27147.14,170456.76,264463.38,1,8353
2023-11-28 17:00:00,30773.55,194015.14,303726.52,1,9701
2023-11-28 18:00:00,26582.41,171691.55,272867.88,1,9536
2023-11-28 19:00:00,22859.28,136899.74,218345.72,1,7680
2023-11-28 20:00:00,23508.66,128847.95,196405.22,1,7458
2023-11-28 21:00:00,27145.11,144160.08,216546.37,1,7858
2023-11-28 22:00:00,66176.18,127541.39,189924.75,1,6885
2023-11-28 23:00:00,16879.87,82772.39,121081.85,1,3972
2023-11-29 00:00:00,7482.91,36572.14,52521.23,1,1757
2023-11-29 01:00:00,3178.75,15552.93,22460.6,1,816
2023-11-29 02:00:00,1091.9,6124.05,8857.12,1,330
2023-11-29 03:00:00,1034.54,4903.57,7043.39,1,274
2023-11-29 04:00:00,1994.43,8801.72,11809.77,1,297
2023-11-29 05:00:00,2842.11,13494.92,19001.16,1,596
2023-11-29 06:00:00,6531.24,33340.5,47034.3,1,1759
2023-11-29 07:00:00,12502.42,74694.25,106812.15,1,4180
2023-11-29 08:00:00,15196.36,105050.25,149411.0,1,5750
2023-11-29 09:00:00,106374.7,109903.27,156235.62,1,5765
2023-11-29 10:00:00,17108.45,116749.18,165506.34,1,5609
2023-11-29 11:00:00,17464.84,125537.51,176916.28,1,5896
2023-11-29 12:00:00,17892.75,125682.15,176274.99,1,5925
2023-11-29 13:00:00,20542.61,135337.1,188537.61,1,5933
2023-11-29 14:00:00,23545.32,156904.76,218716.1,1,6546
2023-11-29 15:00:00,25218.05,164778.05,230280.72,1,7022
2023-11-29 16:00:00,22439.91,149284.48,226660.19,1,6738
2023-11-29 17:00:00,23041.35,159050.94,245706.8,1,7948
2023-11-29 18:00:00,23180.94,157913.28,247532.98,1,8294
2023-11-29 19:00:00,22452.8,140396.07,220702.21,1,7348
2023-11-29 20:00:00,22517.04,132646.58,198935.08,1,7022
2023-11-29 21:00:00,24159.74,139714.18,208081.57,1,7509
2023-11-29 22:00:00,22981.84,133215.79,196432.09,1,6937
2023-11-29 23:00:00,16583.63,90974.66,132906.99,1,4772
2023-11-30 00:00:00,8697.3,43994.28,64773.99,1,2407
2023-11-30 01:00:00,3216.3,16705.54,24935.6,1,1008
2023-11-30 02:00:00,1529.93,8502.76,12634.39,1,518
2023-11-30 03:00:00,1317.12,6408.85,9272.55,1,352
2023-11-30 04:00:00,1783.01,8461.05,12002.32,1,348
2023-11-30 05:00:00,3917.29,17808.56,25471.88,1,688
2023-11-30 06:00:00,19764.43,38901.81,54277.33,1,1857
2023-11-30 07:00:00,12840.72,74142.28,105767.19,1,4120
2023-11-30 08:00:00,16349.61,107671.99,152196.85,1,5707
2023-11-30 09:00:00,17243.06,113361.77,161742.01,1,5710
2023-11-30 10:00:00,19318.37,125369.47,177178.29,1,5835
2023-11-30 11:00:00,18350.63,123802.94,174768.94,1,5828
2023-11-30 12:00:00,20760.23,138825.71,194752.69,1,6233
2023-11-30 13:00:00,21779.71,139955.84,195792.17,1,6102
2023-11-30 14:00:00,26294.81,166857.29,234470.6,1,6977
2023-11-30 15:00:00,25560.74,167303.77,234567.52,1,7139
2023-11-30 16:00:00,25198.83,163410.64,247450.06,1,7159
2023-11-30 17:00:00,25960.5,175088.4,271938.86,1,8589
2023-11-30 18:00:00,26839.53,179865.45,283517.51,1,9409
2023-11-30 19:00:00,25436.69,161035.94,251255.89,1,8221
2023-11-30 20:00:00,89001.26,153027.18,227640.09,1,7875
2023-11-30 21:00:00,24728.05,146231.82,218838.94,1,7847
2023-11-30 22:00:00,26733.96,154443.22,227408.17,1,8107
2023-11-30 23:00:00,22866.55,130957.73,190182.69,1,6917
2023-12-01 00:00:00,16.68,79.0,108.18,1,3
2023-11-30 22:00:00,2.09,13.5,22.2,1,1
2023-11-30 23:00:00,95.88,558.52,849.31,2,33
2023-12-01 00:00:00,13538.8,71663.28,106815.21,1,4064
2023-12-01 01:00:00,5947.26,31675.62,48484.86,1,2004
2023-12-01 02:00:00,4011.57,21948.63,32830.4,1,1371
2023-12-01 03:00:00,2581.0,13101.04,19195.44,1,735
2023-12-01 04:00:00,2707.37,12762.04,18434.23,1,545
2023-12-01 05:00:00,4064.7,19176.63,26996.61,1,728
2023-12-01 06:00:00,8299.69,38800.68,53944.01,1,1580
2023-12-01 07:00:00,13203.41,69355.2,98761.65,1,3488
2023-12-01 08:00:00,35473.549999999996,88870.9,127783.96,1,4765
2023-12-01 09:00:00,18577.36,107382.84,153190.55,1,5209
2023-12-01 10:00:00,18488.54,112591.64,160974.85,1,5565
2023-12-01 11:00:00,19500.1,123823.02,175790.88,1,5890
2023-12-01 12:00:00,22085.61,144850.36,204555.47,1,7004
2023-12-01 13:00:00,22638.42,141370.06,200700.98,1,6572
2023-12-01 14:00:00,25465.23,160525.27,223435.6,1,7074
2023-12-01 15:00:00,26650.21,170252.52,237496.55,1,7518
2023-12-01 16:00:00,23805.05,162109.62,248125.92,1,7733
2023-12-01 17:00:00,136108.83000000002,189563.0,291783.63,1,9523
2023-12-01 18:00:00,27776.81,204609.76,319045.02,1,10909
2023-12-01 19:00:00,25514.64,176419.4,277604.13,1,9657
2023-12-01 20:00:00,22142.79,137893.28,205501.94,1,7533
2023-12-01 21:00:00,18844.73,110424.57,164767.5,1,5937
2023-12-01 22:00:00,21562.54,126223.2,187678.72,1,6778
2023-12-01 23:00:00,20153.79,117408.72,175687.1,1,6736
2023-12-02 00:00:00,66415.88,104550.91,156944.59,1,6213
2023-12-02 01:00:00,13182.42,77122.95,118210.23,1,5142
2023-12-02 02:00:00,9500.44,54367.54,83302.53,1,3693
2023-12-02 03:00:00,6558.19,35356.02,53719.93,1,2288
2023-12-02 04:00:00,4051.04,20168.74,28927.34,1,1050
2023-12-02 05:00:00,2754.84,12437.9,17625.24,1,452
2023-12-02 06:00:00,4585.14,20568.37,28551.68,1,838
2023-12-02 07:00:00,6588.44,30485.33,42801.31,1,1430
2023-12-02 08:00:00,8976.24,43489.09,62979.47,1,2469
2023-12-02 09:00:00,12571.27,66580.79,96792.14,1,3954
2023-12-02 10:00:00,15295.45,87527.43,127079.01,1,5214
2023-12-02 11:00:00,16084.1,97861.88,142180.71,1,5947
2023-12-02 12:00:00,19128.18,116459.2,166797.98,1,6656
2023-12-02 13:00:00,20946.58,129310.79,183265.0,1,6956
2023-12-02 14:00:00,22287.38,140595.64,197912.47,1,7017
2023-12-02 15:00:00,65202.23,152261.19,213313.79,1,7311
2023-12-02 16:00:00,22878.2,154630.65,214807.9,2,7059
2023-12-02 17:00:00,20934.51,150300.84,207824.79,1,7255
2023-12-02 18:00:00,20802.33,148494.49,207498.43,1,7380
2023-12-02 19:00:00,82267.59999999999,146724.63,205861.53,1,7539
2023-12-02 20:00:00,17310.33,117071.42,169229.0,1,5966
2023-12-02 21:00:00,18603.67,123512.29,179459.1,2,6310
2023-12-02 22:00:00,20485.18,135302.34,196727.13999999998,2,6922
2023-12-02 23:00:00,22205.65,145786.89,211291.57,1,7450
2023-12-03 00:00:00,19313.42,116834.9,170750.81,1,6357
2023-12-03 01:00:00,14386.92,87264.81,131540.15,1,5534
2023-12-03 02:00:00,10607.96,61771.5,94120.19,1,4135
2023-12-03 03:00:00,7985.2300000000005,43148.6,65049.85,1,2708
2023-12-03 04:00:00,6039.99,31341.079999999998,45094.24,1,1495
2023-12-03 05:00:00,3724.47,17588.89,24442.57,1,589
2023-12-03 06:00:00,5138.42,22377.0,30652.71,1,796
2023-12-03 07:00:00,6429.53,29989.3,42324.28,1,1256
2023-12-03 08:00:00,8881.86,44071.37,63392.82,1,2185
2023-12-03 09:00:00,35664.71,66518.91,97267.01,1,3815
2023-12-03 10:00:00,16811.23,91590.25,134437.82,1,5259
2023-12-03 11:00:00,18384.31,105845.05,154691.68,1,5941
2023-12-03 12:00:00,28401.64,130088.9,187884.05,1,6699
2023-12-03 13:00:00,22999.31,137338.83,196635.27,1,6924
2023-12-03 14:00:00,25985.25,146220.78,207644.59,1,6649
2023-12-03 15:00:00,27112.71,153119.49,217547.2,1,6874
2023-12-03 16:00:00,25955.28,148436.24,208606.93,1,6488
2023-12-03 17:00:00,23399.41,134534.48,190466.19,1,6067
2023-12-03 18:00:00,21936.84,121916.75,174291.78,1,6040
2023-12-03 19:00:00,21758.69,114524.17,164079.5,1,5661
2023-12-03 20:00:00,19044.87,98325.86,145240.84,1,4741
2023-12-03 21:00:00,18864.45,92287.31,137839.76,1,4447
2023-12-03 22:00:00,16401.29,78145.46,113264.7,1,3305
2023-12-03 23:00:00,12627.47,56781.84,81176.23,1,2287
2023-12-04 00:00:00,5682.5,25980.26,36184.49,1,1077
2023-12-04 01:00:00,2492.42,13125.14,17997.2,1,549
2023-12-04 02:00:00,1190.96,5432.0,7682.25,1,299
2023-12-04 03:00:00,1492.66,7218.49,9770.9,1,262
2023-12-04 04:00:00,2806.29,12388.85,16976.97,1,369
2023-12-04 05:00:00,4504.94,20403.63,28031.48,1,674
2023-12-04 06:00:00,8109.5,38673.79,53550.97,1,1701
2023-12-04 07:00:00,57985.72,73444.96,105115.46,1,3811
2023-12-04 08:00:00,16018.23,92270.45,133483.48,1,4945
2023-12-04 09:00:00,17449.02,101510.13,146625.22,1,5164
2023-12-04 10:00:00,17940.15,108679.15,155716.78,1,5186
2023-12-04 11:00:00,18057.09,109495.26,155930.79,1,5304
2023-12-04 12:00:00,19423.65,117411.42,167500.7,1,5682
2023-12-04 13:00:00,21577.48,126286.82,179367.89,1,5998
2023-12-04 14:00:00,26823.68,153345.02,215590.5,1,6691
2023-12-04 15:00:00,25202.44,150756.28,214719.76,1,6791
2023-12-04 16:00:00,24694.64,146714.29,223261.41,1,6449
2023-12-04 17:00:00,58074.91,144062.45,225158.82,1,6996
2023-12-04 18:00:00,22645.89,136170.62,217669.54,1,7351
2023-12-04 19:00:00,22148.42,124119.76,198310.38,1,6654
2023-12-04 20:00:00,21333.4,114950.55,174038.27,1,6294
2023-12-04 21:00:00,21283.64,112668.84,170439.35,1,6246
2023-12-04 22:00:00,18662.71,95954.7,143570.76,1,5080
2023-12-04 23:00:00,11815.64,56965.71,84230.88,1,2742
2023-12-05 00:00:00,5396.51,26086.75,38305.73,1,1321
2023-12-05 01:00:00,1612.8799999999999,8370.6,12325.16,1,511
2023-12-05 02:00:00,1110.93,5142.46,7405.13,1,290
2023-12-05 03:00:00,978.65,4528.85,6204.86,1,213
2023-12-05 04:00:00,1886.01,8896.19,11816.92,1,282
2023-12-05 05:00:00,3263.28,15018.99,21062.14,1,605
2023-12-05 06:00:00,7384.6,35639.99,49925.37,1,1753
2023-12-05 07:00:00,12594.55,70903.04,103084.98,1,4097
2023-12-05 08:00:00,16326.38,104014.98,150154.28,1,5631
2023-12-05 09:00:00,17074.59,111939.17,161033.47,1,5831
2023-12-05 10:00:00,17537.42,113657.88,162583.18,1,5655
2023-12-05 11:00:00,18255.51,124767.37,177241.45,1,6083
2023-12-05 12:00:00,20194.54,136507.16,192774.99,1,6504
2023-12-05 13:00:00,26205.73,145275.38,205613.96,1,6602
2023-12-05 14:00:00,25998.64,163740.85,232377.95,1,7319
2023-12-05 15:00:00,25117.71,164633.53,232218.13999999998,1,7438
2023-12-05 16:00:00,25089.28,160713.63,246299.26,1,7288
2023-12-05 17:00:00,24014.62,166855.6,259201.71,1,8180
2023-12-05 18:00:00,84185.69,161461.78,258040.36,1,8953
2023-12-05 19:00:00,23476.69,142960.12,228249.96,1,7846
2023-12-05 20:00:00,23367.84,137928.7,210722.09,1,7868
2023-12-05 21:00:00,25177.71,144277.0,218364.17,1,8277
2023-12-05 22:00:00,24970.03,134467.96,202697.41,1,7363
2023-12-05 23:00:00,17266.29,91853.72,137387.35,1,4933
2023-12-06 00:00:00,8582.07,41920.93,62360.02,1,2318
2023-12-06 01:00:00,2666.29,14194.06,21175.91,1,880
2023-12-06 02:00:00,1459.81,7942.07,11587.74,1,462
2023-12-06 03:00:00,1273.7,6071.98,8703.97,1,276
2023-12-06 04:00:00,1920.18,9020.42,12519.34,1,309
2023-12-06 05:00:00,3389.14,16030.61,22901.86,1,627
2023-12-06 06:00:00,7287.88,35266.32,49956.54,1,1711
2023-12-06 07:00:00,15667.11,83962.75,121498.91,1,4511
2023-12-06 08:00:00,17105.64,107230.72,154887.39,1,6014
2023-12-06 09:00:00,17825.87,115128.27,166957.31,1,5949
2023-12-06 10:00:00,17699.35,122415.16,174362.14,1,5839
2023-12-06 11:00:00,17179.77,123783.37,176091.05,1,5987
2023-12-06 12:00:00,19537.61,136470.13,192444.53,1,6554
2023-12-06 13:00:00,23356.77,149828.74,211208.32,1,6706
2023-12-06 14:00:00,24578.65,163667.69,231238.13999999998,1,7413
2023-12-06 15:00:00,26471.49,174045.95,246217.44,1,7774
2023-12-06 16:00:00,26380.4,167715.7,257042.8,1,7572
2023-12-06 17:00:00,24461.87,173067.29,271677.24,1,8925
2023-12-06 18:00:00,25057.35,174999.75,278110.42,1,9375
2023-12-06 19:00:00,25487.15,161576.19,256210.17,1,8582
2023-12-06 20:00:00,26739.329999999998,155840.4,236101.06,1,8564
2023-12-06 21:00:00,29151.16,164912.73,248649.15,1,9162
2023-12-06 22:00:00,27014.41,151180.27,226078.83,1,8168
2023-12-06 23:00:00,20259.64,107553.38,161412.89,1,5904
2023-12-07 00:00:00,11044.27,59100.89,87388.67,1,3234
2023-12-07 01:00:00,4517.5,25371.18,37806.63,1,1547
2023-12-07 02:00:00,2405.15,12703.88,18704.82,1,763
2023-12-07 03:00:00,1616.89,8192.77,11944.69,1,454
2023-12-07 04:00:00,2462.6,11957.85,16302.31,1,416
2023-12-07 05:00:00,3674.41,17131.11,24685.82,1,668
2023-12-07 06:00:00,8245.44,39891.43,55970.86,1,1843
2023-12-07 07:00:00,14579.86,83211.08,119986.89,1,4566
2023-12-07 08:00:00,17371.66,112138.89,161748.27,1,6183
2023-12-07 09:00:00,18746.82,123334.59,177298.73,1,6285
2023-12-07 10:00:00,20742.0,138499.85,197126.34,1,6758
2023-12-07 11:00:00,20474.57,137676.01,196069.81,1,6472
2023-12-07 12:00:00,22172.25,147335.25,209045.2,1,6782
2023-12-07 13:00:00,24411.5,157792.71,222749.24,1,6973
2023-12-07 14:00:00,26692.19,173722.46,243471.56,1,7382
2023-12-07 15:00:00,28150.44,183212.73,258058.5,1,7703
2023-12-07 16:00:00,26305.16,173865.08,264215.59,1,7453
2023-12-07 17:00:00,25083.88,181880.52,278317.29,1,8680
2023-12-07 18:00:00,27277.04,189700.13,294392.75,1,9714
2023-12-07 19:00:00,25775.83,163709.77,257049.85,1,8563
2023-12-07 20:00:00,26028.95,156047.49,233619.16,1,8259
2023-12-07 21:00:00,28640.27,169659.73,249713.95,1,8925
2023-12-07 22:00:00,30043.43,172791.17,254035.66,1,8862
2023-12-07 23:00:00,24866.4,137588.57,203777.79,1,7052
2023-12-08 00:00:00,16999.9,108613.84,151864.91,1,5627
2023-12-08 01:00:00,8853.09,50294.47,73559.05,1,2972
2023-12-08 02:00:00,4155.59,22408.14,33779.09,1,1429
2023-12-08 03:00:00,2950.65,15580.23,22682.9,1,899
2023-12-08 04:00:00,3141.9900000000002,15987.1,22114.57,1,638
2023-12-08 05:00:00,5146.79,22882.67,32015.5,1,704
2023-12-08 06:00:00,8512.04,40802.6,56847.14,1,1742
2023-12-08 07:00:00,13844.92,74933.23,106400.36,1,3837
2023-12-08 08:00:00,79438.71,90719.18,131068.81,1,4717
2023-12-08 09:00:00,17493.67,101944.03,146939.81,1,5128
2023-12-08 10:00:00,18917.41,112220.88,161114.93,1,5620
2023-12-08 11:00:00,21457.2,127836.21,182772.13,1,6069
2023-12-08 12:00:00,21198.78,128974.06,182738.68,1,6171
2023-12-08 13:00:00,23276.92,140071.19,197656.67,1,6456
2023-12-08 14:00:00,26902.63,165688.0,233640.26,1,7419
2023-12-08 15:00:00,25205.71,162320.7,230111.13,1,7718
2023-12-08 16:00:00,25816.11,164923.58,251760.57,1,7756
2023-12-08 17:00:00,25240.13,166071.45,258647.7,1,8777
2023-12-08 18:00:00,27074.83,176632.85,279509.28,1,9494
2023-12-08 19:00:00,25463.18,162795.95,251394.54,1,8621
2023-12-08 20:00:00,22288.25,140460.11,208465.17,1,7511
2023-12-08 21:00:00,22485.09,139045.38,205704.1,2,7322
2023-12-08 22:00:00,24336.41,150484.16,219939.55,1,7934
2023-12-08 23:00:00,46107.26,149761.3,216030.69,1,8245
2023-12-09 00:00:00,20688.3,122837.04,182214.23,1,7027
2023-12-09 01:00:00,14701.78,90142.61,133446.11,1,5597
2023-12-09 02:00:00,11308.84,67578.08,97922.72,1,4264
2023-12-09 03:00:00,6892.15,37562.35,56361.33,1,2423
2023-12-09 04:00:00,3971.33,20585.39,30219.5,1,1150
2023-12-09 05:00:00,2504.38,11409.15,16041.710000000001,1,473
2023-12-09 06:00:00,4678.22,21519.43,29460.71,1,810
2023-12-09 07:00:00,8279.08,38178.07,52579.42,1,1541
2023-12-09 08:00:00,10537.59,53003.88,75026.2,1,2782
2023-12-09 09:00:00,12786.08,68708.98,100010.73,1,4131
2023-12-09 10:00:00,15225.82,85786.21,126082.29,1,5306
2023-12-09 11:00:00,17957.45,106742.66,154700.32,1,6384
2023-12-09 12:00:00,20916.23,130603.02,186771.95,1,7402
2023-12-09 13:00:00,22257.37,136772.68,194426.03,1,7264
2023-12-09 14:00:00,24298.28,154119.97,216489.29,2,7710
2023-12-09 15:00:00,24982.56,165870.17,230836.12,2,8278
2023-12-09 16:00:00,24172.84,162753.19,227093.1,2,7932
2023-12-09 17:00:00,22739.35,166142.95,231039.49,1,8296
2023-12-09 18:00:00,24150.63,182607.62,248221.38999999998,2,8844
2023-12-09 19:00:00,24102.63,175836.02,244431.16,2,8767
2023-12-09 20:00:00,20721.61,144897.87,208248.79,2,7213
2023-12-09 21:00:00,55094.89,141320.59,200105.57,2,6932
2023-12-09 22:00:00,21367.19,151703.12,217044.8,2,7486
2023-12-09 23:00:00,21934.76,149362.61,216508.39,1,7508
2023-12-10 00:00:00,20489.28,144201.64,198030.74,1,7162
2023-12-10 01:00:00,51398.670000000006,103046.36,148003.0,1,6093
2023-12-10 02:00:00,11099.57,62454.46,95642.69,1,4151
2023-12-10 03:00:00,8596.24,49579.09,71613.46,1,2974
2023-12-10 04:00:00,6689.37,35447.48,49778.33,1,1844
2023-12-10 05:00:00,3849.17,17616.43,24535.57,1,603
2023-12-10 06:00:00,5625.23,25109.59,34164.17,1,888
2023-12-10 07:00:00,7980.68,37013.29,51489.28,1,1442
2023-12-10 08:00:00,9843.84,45837.24,65556.54,1,2206
2023-12-10 09:00:00,13967.960000000001,69580.94,101487.04,1,3703
2023-12-10 10:00:00,18336.36,95466.3,139254.77,1,5189
2023-12-10 11:00:00,18317.8,103950.87,152891.58,1,6036
2023-12-10 12:00:00,23721.3,138188.84,200546.03,1,7596
2023-12-10 13:00:00,26406.2,162337.0,229015.0,1,8350
2023-12-10 14:00:00,27712.43,167272.83,234330.48,1,7791
2023-12-10 15:00:00,26174.54,147396.99,208460.92,1,6595
2023-12-10 16:00:00,25492.55,156110.8,215587.52,1,6730
2023-12-10 17:00:00,55638.87,135595.4,188471.88999999998,1,6256
2023-12-10 18:00:00,20138.36,111908.14,160339.66,1,5501
2023-12-10 19:00:00,18258.32,96494.01,137203.28,1,4909
2023-12-10 20:00:00,18376.52,98785.66,147372.78,1,5324
2023-12-10 21:00:00,15308.53,79496.46,119935.08,1,4307
2023-12-10 22:00:00,14283.19,73477.3,107300.95,1,3676
2023-12-10 23:00:00,13877.24,65906.48,94961.69,1,3008
2023-12-11 00:00:00,7708.33,34839.94,48798.2,1,1335
2023-12-11 01:00:00,5155.39,21781.46,29625.27,1,758
2023-12-11 02:00:00,2350.21,10670.99,14272.77,1,378
2023-12-11 03:00:00,1311.32,5893.5,8433.63,1,233
2023-12-11 04:00:00,2415.85,10967.0,14975.22,1,341
2023-12-11 05:00:00,4073.38,19939.73,27515.92,1,810
2023-12-11 06:00:00,8496.83,42592.98,59573.79,1,2067
2023-12-11 07:00:00,14242.51,82049.65,116297.35,1,4253
2023-12-11 08:00:00,15450.63,111444.66,153167.96,1,5433
2023-12-11 09:00:00,16798.27,109936.25,156114.49,1,5370
2023-12-11 10:00:00,18761.06,113651.01,162555.32,1,5346
2023-12-11 11:00:00,18447.36,113145.53,161331.89,1,5526
2023-12-11 12:00:00,18703.37,116925.89,167342.33,1,5824
2023-12-11 13:00:00,20460.99,121836.46,173464.27,1,6021
2023-12-11 14:00:00,23807.61,141181.71,200716.43,1,6776
2023-12-11 15:00:00,26083.45,153418.07,217135.5,1,7204
2023-12-11 16:00:00,24700.34,143724.05,222622.24,1,6833
2023-12-11 17:00:00,24179.59,147934.98,232522.3,1,7744
2023-12-11 18:00:00,24486.5,150797.24,238368.92,1,8552
2023-12-11 19:00:00,22816.86,127625.61,204950.97,1,7118
2023-12-11 20:00:00,20378.93,112365.68,171907.02,1,6378
2023-12-11 21:00:00,22759.58,123312.92,184751.98,1,6980
2023-12-11 22:00:00,20805.31,109436.69,163523.28,1,5918
2023-12-11 23:00:00,14689.24,70784.7,104960.3,1,3411
2023-12-12 00:00:00,10332.47,48232.86,70012.59,1,2133
2023-12-12 01:00:00,3847.61,18846.27,26839.84,1,870
2023-12-12 02:00:00,1290.43,6093.28,9011.53,1,358
2023-12-12 03:00:00,1076.54,5104.08,7083.77,1,237
2023-12-12 04:00:00,1951.85,9061.05,12434.41,1,336
2023-12-12 05:00:00,3314.2,15560.03,21647.4,1,617
2023-12-12 06:00:00,7306.42,36826.54,51023.27,1,1764
2023-12-12 07:00:00,13425.13,79277.28,116655.12,1,4318
2023-12-12 08:00:00,16377.66,105008.4,151224.42,1,5708
2023-12-12 09:00:00,18138.21,120925.4,172929.9,1,6010
2023-12-12 10:00:00,18568.94,125073.86,176829.97,1,5887
2023-12-12 11:00:00,18478.42,130638.86,184200.35,1,6117
2023-12-12 12:00:00,19372.11,133603.66,187650.77,1,6277
2023-12-12 13:00:00,21021.01,139809.77,196032.04,1,6421
2023-12-12 14:00:00,25703.01,163408.25,229525.88,1,7201
2023-12-12 15:00:00,25922.61,167528.79,238005.6,1,7599
2023-12-12 16:00:00,24556.42,161369.03,246038.65,1,7563
2023-12-12 17:00:00,22954.71,166789.66,256721.07,1,8425
2023-12-12 18:00:00,24570.45,169221.38,268877.52,1,9302
2023-12-12 19:00:00,24430.19,152845.38,241690.16,1,8512
2023-12-12 20:00:00,26026.12,152940.1,227603.21,1,8421
2023-12-12 21:00:00,26805.44,152573.42,230743.78,1,8758
2023-12-12 22:00:00,24058.39,146382.62,211236.27,1,7735
2023-12-12 23:00:00,20115.23,115942.41,165645.8,1,6231
2023-12-13 00:00:00,9964.33,50129.22,72861.02,1,2622
2023-12-13 01:00:00,3437.09,17461.61,26040.61,1,1110
2023-12-13 02:00:00,1448.29,7822.57,11527.6,1,518
2023-12-13 03:00:00,1865.8700000000001,8315.38,11182.95,1,319
2023-12-13 04:00:00,2681.27,12193.48,16304.9,1,377
2023-12-13 05:00:00,3753.32,18227.45,26070.17,1,682
2023-12-13 06:00:00,7504.6,36920.98,51967.2,1,1800
2023-12-13 07:00:00,13626.78,76620.01,110946.02,1,4239
2023-12-13 08:00:00,17931.7,117853.66,166045.43,1,6173
2023-12-13 09:00:00,62004.090000000004,116403.87,167074.52,1,6034
2023-12-13 10:00:00,18603.16,121843.45,173663.78,1,5849
2023-12-13 11:00:00,18325.5,127512.62,181267.98,1,6213
2023-12-13 12:00:00,58926.299999999996,138233.5,195416.92,1,6509
2023-12-13 13:00:00,22113.65,142847.82,201986.79,1,6532
2023-12-13 14:00:00,24637.02,161118.92,227454.13,1,7348
2023-12-13 15:00:00,25690.87,171598.05,241761.44,1,7818
2023-12-13 16:00:00,23870.53,159555.52,247295.07,1,7725
2023-12-13 17:00:00,26795.04,184148.38,287617.45,1,9626
2023-12-13 18:00:00,27639.03,192551.32,299205.03,1,10707
2023-12-13 19:00:00,25934.78,166290.33,262694.68,1,9227
2023-12-13 20:00:00,27525.41,165080.89,247957.91,1,8900
2023-12-13 21:00:00,30739.28,187063.94,271899.99,1,10128
2023-12-13 22:00:00,30320.79,173855.52,255517.68,1,9324
2023-12-13 23:00:00,22545.34,124730.91,184062.66,1,6545
2023-12-14 00:00:00,12801.76,84393.95,116621.86,1,4186
2023-12-14 01:00:00,6768.8,37593.31,54175.32,1,2024
2023-12-14 02:00:00,2628.82,13950.24,20615.71,1,877
2023-12-14 03:00:00,1852.33,9140.19,13411.75,1,513
2023-12-14 04:00:00,2735.32,13162.07,18145.54,1,457
2023-12-14 05:00:00,3944.71,18461.65,26218.01,1,716
2023-12-14 06:00:00,8438.33,42135.71,58623.24,1,2018
2023-12-14 07:00:00,16097.76,92061.45,129916.85,1,4881
2023-12-14 08:00:00,18714.72,112870.23,162896.97,1,6139
2023-12-14 09:00:00,42423.27,121504.57,174906.73,1,6401
2023-12-14 10:00:00,19992.71,130165.5,185979.38,1,6344
2023-12-14 11:00:00,19307.07,132540.48,188421.6,1,6405
2023-12-14 12:00:00,21071.65,144465.85,204396.0,1,6850
2023-12-14 13:00:00,22042.97,150237.48,210632.02,1,6793
2023-12-14 14:00:00,26621.99,176403.53,246462.47,1,7650
2023-12-14 15:00:00,26590.75,180278.61,253856.13999999998,1,7946
2023-12-14 16:00:00,28329.46,194106.46,291891.57,1,8531
2023-12-14 17:00:00,28268.2,205651.18,314387.28,1,9933
2023-12-14 18:00:00,67987.2,195684.71,309803.92,1,10514
2023-12-14 19:00:00,28570.69,193744.66,297055.08,1,9997
2023-12-14 20:00:00,27996.02,181201.26,265319.71,1,9238
2023-12-14 21:00:00,29666.48,182912.07,270931.04,1,9317
2023-12-14 22:00:00,31400.75,195320.83,277272.76,1,9219
2023-12-14 23:00:00,28737.3,190482.08,260159.03,1,8029
2023-12-15 00:00:00,21571.9,121281.87,174174.57,1,5894
2023-12-15 01:00:00,11708.9,68448.23,98817.4,1,3717
2023-12-15 02:00:00,5660.55,35511.9,50834.44,1,2035
2023-12-15 03:00:00,3049.43,16926.93,25389.25,1,1018
2023-12-15 04:00:00,3550.04,17864.74,25304.11,1,672
2023-12-15 05:00:00,5617.26,26936.74,37231.64,1,998
2023-12-15 06:00:00,10256.67,50334.56,70036.16,1,2144
2023-12-15 07:00:00,15810.6,84016.3,119237.45,1,4025
2023-12-15 08:00:00,16761.68,107852.95,149523.13,1,5392
2023-12-15 09:00:00,17302.23,106223.95,151508.24,1,5478
2023-12-15 10:00:00,18546.2,112439.95,161814.83,1,5544
2023-12-15 11:00:00,19245.72,123734.16,176284.74,1,6122
2023-12-15 12:00:00,20091.01,129041.95,182431.34,1,6483
2023-12-15 13:00:00,23309.99,141012.4,200399.5,1,6613
2023-12-15 14:00:00,37945.41,171885.96,240788.0,1,7727
2023-12-15 15:00:00,28996.8,190704.57,265454.9,1,8770
2023-12-15 16:00:00,25652.48,161634.83,250973.58,1,7941
2023-12-15 17:00:00,26907.11,177066.59,274499.95,1,9377
2023-12-15 18:00:00,29385.16,198356.9,303435.63,1,10832
2023-12-15 19:00:00,69966.46,171977.15,269364.88,1,9528
2023-12-15 20:00:00,21931.52,138907.99,206322.36,1,7431
2023-12-15 21:00:00,23103.8,148868.64,218033.59,1,7816
2023-12-15 22:00:00,25213.77,157072.39,229134.39,1,8057
2023-12-15 23:00:00,26633.63,157065.22,231291.98,1,8132
2023-12-16 00:00:00,22657.48,145301.94,204562.38,1,7730
2023-12-16 01:00:00,17299.31,105269.0,152595.38999999998,1,6249
2023-12-16 02:00:00,10927.38,61925.33,93904.63,1,4088
2023-12-16 03:00:00,8581.45,49133.39,70858.05,1,2990
2023-12-16 04:00:00,5869.72,31137.93,43535.51,1,1654
2023-12-16 05:00:00,3792.18,16828.65,23433.81,1,572
2023-12-16 06:00:00,5536.76,24710.31,33576.9,1,938
2023-12-16 07:00:00,7294.32,34083.49,47272.409999999996,1,1423
2023-12-16 08:00:00,10077.09,49380.56,70117.04,1,2521
2023-12-16 09:00:00,13407.73,70227.78,101487.17,1,3968
2023-12-16 10:00:00,15596.31,87394.28,127051.95,1,5237
2023-12-16 11:00:00,16479.22,98875.44,143340.44,1,6057
2023-12-16 12:00:00,19599.46,118209.64,170337.54,1,6776
2023-12-16 13:00:00,22701.53,139908.62,197698.81,2,7464
2023-12-16 14:00:00,23908.92,146855.72,207541.95,2,7579
2023-12-16 15:00:00,24528.73,154245.67,217489.12,1,7808
2023-12-16 16:00:00,23803.24,165086.68,227897.38999999998,2,7964
2023-12-16 17:00:00,24985.87,174990.22,241111.06,2,8458
2023-12-16 18:00:00,23214.84,167142.03,233432.92,2,8342
2023-12-16 19:00:00,22216.35,176517.75,239506.63,2,8866
2023-12-16 20:00:00,21128.05,150641.66,213630.85,2,7591
2023-12-16 21:00:00,19512.55,132835.93,193099.83,2,6909
2023-12-16 22:00:00,21288.98,147711.5,210911.58,2,7446
2023-12-16 23:00:00,77838.93,163100.3,227391.23,2,8279
2023-12-17 00:00:00,20617.98,124460.93,182742.66,1,6945
2023-12-17 01:00:00,16927.09,104629.43,152981.11,1,6316
2023-12-17 02:00:00,13203.83,81532.49,117616.28,1,5133
2023-12-17 03:00:00,9308.1,51550.5,75856.81,1,3075
2023-12-17 04:00:00,6883.57,34806.14,49835.06,1,1720
2023-12-17 05:00:00,4336.54,21055.54,28721.49,1,758
2023-12-17 06:00:00,5328.07,23897.29,32624.22,1,822
2023-12-17 07:00:00,7506.47,33683.55,46761.36,1,1248
2023-12-17 08:00:00,10217.22,48123.39,67534.85,1,2153
2023-12-17 09:00:00,13988.44,68634.21,99052.48,1,3567
2023-12-17 10:00:00,16200.0,85462.25,124947.71,1,4838
2023-12-17 11:00:00,17353.65,98641.46,143422.12,1,5589
2023-12-17 12:00:00,20044.84,119357.58,172355.52,2,6684
2023-12-17 13:00:00,22743.43,138938.33,199097.78,1,7270
2023-12-17 14:00:00,25869.95,149558.95,210113.63,2,6928
2023-12-17 15:00:00,24054.6,140529.01,196992.1,2,6600
2023-12-17 16:00:00,22524.36,131034.48,186135.23,2,6238
2023-12-17 17:00:00,21205.16,122934.28,173169.34,2,5873
2023-12-17 18:00:00,18239.92,111784.1,158795.94,1,6006
2023-12-17 19:00:00,17643.55,96775.05,138621.86,1,5156
2023-12-17 20:00:00,16212.03,85077.79,126392.86,1,4460
2023-12-17 21:00:00,15167.41,79166.78,118334.23,1,4270
2023-12-17 22:00:00,14018.82,70042.36,102679.98,1,3628
2023-12-17 23:00:00,11132.12,51856.34,74869.98,1,2380
2023-12-18 00:00:00,8716.98,41702.89,58300.75,1,1755
2023-12-18 01:00:00,4676.16,21267.18,28689.74,1,820
2023-12-18 02:00:00,1355.22,6838.11,9375.62,1,316
2023-12-18 03:00:00,1389.05,7208.12,9960.08,2,334
2023-12-18 04:00:00,2815.02,13745.59,18379.85,1,527
2023-12-18 05:00:00,3659.53,16428.48,22955.78,1,642
2023-12-18 06:00:00,6971.65,36199.87,49572.8,1,1842
2023-12-18 07:00:00,87591.19,82745.85,112661.95,1,4187
2023-12-18 08:00:00,14237.69,85134.62,120726.89,1,4661
2023-12-18 09:00:00,13915.06,84917.73,121683.55,1,4586
2023-12-18 10:00:00,15713.42,98321.72,139356.43,1,5179
2023-12-18 11:00:00,15700.62,106312.69,151124.49,1,5735
2023-12-18 12:00:00,18042.2,117908.23,168369.17,1,6264
2023-12-18 13:00:00,18881.25,120280.03,170220.71,1,6376
2023-12-18 14:00:00,21934.38,129875.7,183090.9,1,6150
2023-12-18 15:00:00,21486.15,131780.97,186454.67,1,6468
2023-12-18 16:00:00,21931.25,131156.01,201238.15,1,6523
2023-12-18 17:00:00,22090.05,131261.82,206646.18,1,7118
2023-12-18 18:00:00,19896.03,117555.31,190485.16,1,7028
2023-12-18 19:00:00,19290.77,105338.4,169491.76,1,6163
2023-12-18 20:00:00,18277.82,98290.11,149580.92,1,5798
2023-12-18 21:00:00,17751.34,94831.33,143745.14,1,5503
2023-12-18 22:00:00,15050.53,77493.16,115694.26,1,4330
2023-12-18 23:00:00,14153.3,68652.77,99470.88,1,3278
2023-12-19 00:00:00,7183.37,35399.31,50581.98,1,1679
2023-12-19 01:00:00,3405.16,15981.59,22443.22,1,797
2023-12-19 02:00:00,1960.41,9572.54,13129.59,1,457
2023-12-19 03:00:00,1734.02,7759.29,10781.57,1,296
2023-12-19 04:00:00,3703.0,15713.13,21283.04,1,456
2023-12-19 05:00:00,5007.57,23519.84,32160.46,1,881
2023-12-19 06:00:00,7218.6,35428.53,49341.63,1,1718
2023-12-19 07:00:00,12177.19,67679.97,98159.98,1,3933
2023-12-19 08:00:00,15029.76,93143.45,132259.13,1,5291
2023-12-19 09:00:00,16628.58,103712.03,148283.1,1,5645
2023-12-19 10:00:00,16981.26,108936.81,154914.41,1,5758
2023-12-19 11:00:00,17624.51,117359.21,166987.27,1,6124
2023-12-19 12:00:00,18559.53,126150.11,178898.15,1,6664
2023-12-19 13:00:00,19299.33,127016.49,180322.38999999998,1,6597
2023-12-19 14:00:00,23789.05,158772.46,222115.31,1,7613
2023-12-19 15:00:00,25012.62,169187.31,236347.87,1,8103
2023-12-19 16:00:00,22946.07,154049.0,237883.05,1,7749
2023-12-19 17:00:00,24626.62,170674.44,262609.77,1,8774
2023-12-19 18:00:00,23181.89,162646.86,253005.28,1,9424
2023-12-19 19:00:00,22624.42,136120.73,217665.28,1,7950
2023-12-19 20:00:00,20715.42,120282.4,182691.11,1,7007
2023-12-19 21:00:00,57310.19,128585.92,192280.88,1,7641
2023-12-19 22:00:00,19915.32,114093.0,169416.96,1,6545
2023-12-19 23:00:00,18200.66,94462.93,139201.71,1,4941
2023-12-20 00:00:00,9519.92,49689.65,71226.56999999999,1,2705
2023-12-20 01:00:00,3837.93,19254.99,27955.01,1,1093
2023-12-20 02:00:00,1664.22,8899.13,12788.82,1,497
2023-12-20 03:00:00,1493.59,7587.18,10688.13,1,361
2023-12-20 04:00:00,3416.52,15454.82,21198.04,1,549
2023-12-20 05:00:00,4414.55,20109.82,28066.21,1,723
2023-12-20 06:00:00,7592.12,38241.32,52852.77,1,1787
2023-12-20 07:00:00,12590.78,74529.7,103597.26,1,3962
2023-12-20 08:00:00,14345.04,88209.28,127098.81,1,4991
2023-12-20 09:00:00,16564.2,103826.89,147380.83,1,5497
2023-12-20 10:00:00,16880.03,111371.18,157935.55,1,5948
2023-12-20 11:00:00,53813.200000000004,123045.94,174270.89,1,6231
2023-12-20 12:00:00,18472.22,127743.05,180159.15,1,6570
2023-12-20 13:00:00,20211.64,133136.61,187715.29,1,6667
2023-12-20 14:00:00,23280.83,149186.36,209387.13999999998,1,7141
2023-12-20 15:00:00,23817.0,156911.52,220571.46,1,7455
2023-12-20 16:00:00,23929.94,161067.35,242204.27,1,7692
2023-12-20 17:00:00,24062.71,163350.77,251942.92,1,8519
2023-12-20 18:00:00,23063.42,149349.98,239330.31,1,8678
2023-12-20 19:00:00,21063.14,128504.0,205166.93,1,7625
2023-12-20 20:00:00,19208.69,112750.69,169794.23,1,6505
2023-12-20 21:00:00,18920.97,112621.15,170612.0,1,6749
2023-12-20 22:00:00,19821.07,113205.1,167832.88,1,6452
2023-12-20 23:00:00,14529.42,80702.56,117023.89,1,4304
2023-12-21 00:00:00,7721.59,39310.33,58525.38,1,2319
2023-12-21 01:00:00,3669.25,20184.77,29774.0,1,1235
2023-12-21 02:00:00,2561.39,13626.58,19607.46,1,759
2023-12-21 03:00:00,2272.81,11341.49,16459.91,1,548
2023-12-21 04:00:00,3542.32,15555.67,21239.44,1,533
2023-12-21 05:00:00,4170.69,19379.12,26773.91,1,751
2023-12-21 06:00:00,7524.94,34881.33,47925.75,1,1554
2023-12-21 07:00:00,11578.08,61723.75,87844.74,1,3272
2023-12-21 08:00:00,13167.45,78618.58,112922.36,1,4495
2023-12-21 09:00:00,14541.41,88795.48,127313.51,1,5075
2023-12-21 10:00:00,16706.8,105150.46,150498.11,1,5648
2023-12-21 11:00:00,18249.45,121667.78,171367.18,1,6224
2023-12-21 12:00:00,19821.2,131064.56,185634.47,1,6840
2023-12-21 13:00:00,20776.43,135111.93,190412.95,1,6857
2023-12-21 14:00:00,23410.87,154614.11,216388.27,1,7531
2023-12-21 15:00:00,24688.55,167968.73,233230.66,1,8145
2023-12-21 16:00:00,23552.11,156110.49,238302.39,1,7574
2023-12-21 17:00:00,23823.11,161568.04,248264.13,1,8224
2023-12-21 18:00:00,23534.12,159713.18,245693.86,1,8904
2023-12-21 19:00:00,20710.72,125693.55,198387.51,1,7230
2023-12-21 20:00:00,19465.24,115704.77,172844.58,1,6581
2023-12-21 21:00:00,19935.89,118509.64,176276.93,1,6734
2023-12-21 22:00:00,18208.53,103685.33,153618.49,1,5695
2023-12-21 23:00:00,16140.38,86668.95,126040.06999999999,1,4366
2023-12-22 00:00:00,11890.14,64388.5,92710.87,1,3488
2023-12-22 01:00:00,5430.29,29973.85,43690.51,1,1774
2023-12-22 02:00:00,3087.68,16443.56,24261.1,1,1016
2023-12-22 03:00:00,2840.79,14500.96,20927.19,1,753
2023-12-22 04:00:00,3750.04,18644.56,25388.26,1,806
2023-12-22 05:00:00,3722.56,17203.81,23865.89,1,648
2023-12-22 06:00:00,168303.79,31846.94,43177.29,1,1435
2023-12-22 07:00:00,10328.59,54697.22,75436.22,1,2801
2023-12-22 08:00:00,12619.48,67482.12,96852.75,1,3743
2023-12-22 09:00:00,13162.13,77104.0,110535.52,1,4449
2023-12-22 10:00:00,15809.6,95612.11,136475.01,1,5391
2023-12-22 11:00:00,16242.67,104015.08,148779.29,1,5798
2023-12-22 12:00:00,18311.91,115847.75,165657.58,1,6461
2023-12-22 13:00:00,19991.55,126077.13,177495.44,1,6823
2023-12-22 14:00:00,24326.05,153722.32,213978.01,1,7804
2023-12-22 15:00:00,26262.8,167759.05,233557.72,1,8671
2023-12-22 16:00:00,25069.79,159191.14,242175.09,1,8359
2023-12-22 17:00:00,24103.45,151674.83,231823.21,1,8269
2023-12-22 18:00:00,21575.34,135505.24,208736.38999999998,1,7773
2023-12-22 19:00:00,19768.22,114843.22,178186.69,2,6176
2023-12-22 20:00:00,15236.14,88864.85,131839.82,2,4913
2023-12-22 21:00:00,15304.35,91004.72,133644.74,2,4987
2023-12-22 22:00:00,16444.78,94366.13,138136.67,2,4980
2023-12-22 23:00:00,14426.38,77848.35,113715.31,2,4068
2023-12-23 00:00:00,9388.14,50748.409999999996,74558.36,1,2941
2023-12-23 01:00:00,6130.06,32618.14,48244.36,1,2005
2023-12-23 02:00:00,4241.11,22614.24,33862.4,1,1469
2023-12-23 03:00:00,3977.09,21464.39,30667.76,2,1261
2023-12-23 04:00:00,4133.13,20363.83,28216.02,1,1011
2023-12-23 05:00:00,2910.75,12820.53,17711.81,1,433
2023-12-23 06:00:00,4018.65,18890.25,25274.29,1,719
2023-12-23 07:00:00,4962.89,24043.57,33036.29,1,1057
2023-12-23 08:00:00,7195.4,34699.29,48874.47,1,1767
2023-12-23 09:00:00,9653.41,50040.17,72211.03,1,2886
2023-12-23 10:00:00,11357.78,63427.67,92097.51,1,3879
2023-12-23 11:00:00,13236.89,77189.93,111966.56,1,4730
2023-12-23 12:00:00,15583.41,92194.04,132598.26,2,5353
2023-12-23 13:00:00,16812.19,101130.38,143376.45,1,5695
2023-12-23 14:00:00,19691.96,113690.99,160495.84,2,5754
2023-12-23 15:00:00,20643.55,122562.08,170970.79,2,6022
2023-12-23 16:00:00,19652.89,118967.23,165387.06,2,5903
2023-12-23 17:00:00,18244.37,111719.24,155810.42,2,5706
2023-12-23 18:00:00,16719.23,103122.45,143423.74,2,5235
2023-12-23 19:00:00,14900.85,92905.57,128814.08,2,4679
2023-12-23 20:00:00,13583.06,78921.14,113568.28,2,4011
2023-12-23 21:00:00,11786.32,71217.34,102643.16,2,3765
2023-12-23 22:00:00,13744.76,77718.21,112695.2,2,4020
2023-12-23 23:00:00,10107.32,55607.08,80394.93,2,3011
2023-12-24 00:00:00,7995.52,39254.02,56142.0,2,2053
2023-12-24 01:00:00,4668.36,24365.46,35165.63,1,1422
2023-12-24 02:00:00,3085.89,16016.29,22865.26,1,960
2023-12-24 03:00:00,2813.9,13857.3,19984.05,1,746
2023-12-24 04:00:00,3175.13,14645.99,20564.75,1,615
2023-12-24 05:00:00,2683.15,12757.07,16922.92,1,414
2023-12-24 06:00:00,3709.73,16889.54,22377.19,1,596
2023-12-24 07:00:00,4809.99,21567.56,29485.54,1,910
2023-12-24 08:00:00,7205.13,33935.57,46738.97,1,1610
2023-12-24 09:00:00,7962.49,40096.43,56760.409999999996,1,2310
2023-12-24 10:00:00,8702.71,46541.4,68166.64,1,3017
2023-12-24 11:00:00,9913.7,56094.27,81908.57,1,3701
2023-12-24 12:00:00,12406.0,71282.95,102539.93,2,4284
2023-12-24 13:00:00,12890.23,71970.3,103091.22,2,4350
2023-12-24 14:00:00,14049.44,80451.57,114087.5,2,4624
2023-12-24 15:00:00,15958.82,91747.81,127821.85,2,5034
2023-12-24 16:00:00,16019.95,89186.63,125357.29,2,4715
2023-12-24 17:00:00,14556.37,87472.86,122194.36,2,4745
2023-12-24 18:00:00,13537.72,78698.57,108890.56999999999,2,4500
2023-12-24 19:00:00,11365.29,64360.68,90173.3,2,3691
2023-12-24 20:00:00,9963.62,55330.6,82064.43,2,3323
2023-12-24 21:00:00,10275.03,56925.56,82877.0,2,3295
2023-12-24 22:00:00,8727.65,46260.23,67315.47,2,2722
2023-12-24 23:00:00,6659.3,35825.1,51838.77,2,2060
2023-12-25 00:00:00,5051.49,26293.86,37863.01,2,1573
2023-12-25 01:00:00,3019.48,15462.46,22095.53,1,978
2023-12-25 02:00:00,1418.28,6900.53,10036.12,1,390
2023-12-25 03:00:00,1329.82,6646.6,9114.05,1,314
2023-12-25 04:00:00,1686.59,7134.22,9390.4,1,296
2023-12-25 05:00:00,1492.46,6846.79,9220.48,1,192
2023-12-25 06:00:00,3413.13,15386.85,20008.53,1,491
2023-12-25 07:00:00,3588.33,16661.15,22213.85,1,663
2023-12-25 08:00:00,4017.59,19197.09,26667.61,1,894
2023-12-25 09:00:00,5527.37,25714.22,36736.28,2,1354
2023-12-25 10:00:00,6782.97,33386.95,47750.9,2,1908
2023-12-25 11:00:00,8183.87,43057.36,61122.35,2,2443
2023-12-25 12:00:00,10129.37,51541.49,73472.66,2,2895
2023-12-25 13:00:00,12823.0,64874.53,89846.14,2,3249
2023-12-25 14:00:00,13015.38,70178.43,97608.78,2,3411
2023-12-25 15:00:00,64038.22,73448.78,101414.68,2,3434
2023-12-25 16:00:00,14421.99,75797.82,104671.52,2,3368
2023-12-25 17:00:00,13517.45,71241.38,97131.09,2,3104
2023-12-25 18:00:00,10692.85,59397.37,83068.64,2,2753
2023-12-25 19:00:00,10618.88,56370.05,77729.93,2,2672
2023-12-25 20:00:00,10737.42,57137.58,81887.4,2,2739
2023-12-25 21:00:00,9231.64,48654.16,70652.01,2,2484
2023-12-25 22:00:00,9213.76,45191.56,64498.86,2,2179
2023-12-25 23:00:00,8425.960000000001,39928.97,55247.92,1,1682
2023-12-26 00:00:00,4415.4,20594.07,28805.16,1,863
2023-12-26 01:00:00,1156.99,5608.77,7984.48,1,329
2023-12-26 02:00:00,1061.59,4766.12,6940.5199999999995,1,237
2023-12-26 03:00:00,1016.81,4449.16,6239.84,1,168
2023-12-26 04:00:00,1186.63,5700.42,7768.63,1,194
2023-12-26 05:00:00,2370.24,10774.29,14587.8,1,387
2023-12-26 06:00:00,4801.44,22032.92,29312.43,1,827
2023-12-26 07:00:00,6471.2300000000005,29866.55,40859.18,1,1320
2023-12-26 08:00:00,7433.01,37786.1,53525.97,1,1912
2023-12-26 09:00:00,9261.56,47811.76,68522.01,1,2591
2023-12-26 10:00:00,12404.59,64911.12,92801.15,2,3489
2023-12-26 11:00:00,13116.24,73568.33,105081.93,2,3964
2023-12-26 12:00:00,14843.69,84851.94,120831.31,2,4625
2023-12-26 13:00:00,16585.27,95933.94,134675.34,2,4908
2023-12-26 14:00:00,43128.69,107264.09,149704.33,2,5031
2023-12-26 15:00:00,20103.41,115065.97,159883.12,2,5369
2023-12-26 16:00:00,21174.68,121821.91,181927.46,2,5367
2023-12-26 17:00:00,19080.7,112947.3,171290.49,2,5058
2023-12-26 18:00:00,16043.83,94248.1,144621.42,2,4628
2023-12-26 19:00:00,16529.23,90203.54,137541.14,2,4196
2023-12-26 20:00:00,15379.28,78963.31,114292.74,2,3773
2023-12-26 21:00:00,14394.06,77012.42,111177.94,2,3699
2023-12-26 22:00:00,15032.35,72438.45,103640.56999999999,2,3170
2023-12-26 23:00:00,10625.51,49307.14,70124.36,2,2156
2023-12-27 00:00:00,8459.76,37486.05,52611.94,1,1454
2023-12-27 01:00:00,5767.62,24619.57,33450.68,1,856
2023-12-27 02:00:00,1636.02,7728.69,10849.89,1,367
2023-12-27 03:00:00,1348.15,5974.43,8138.55,1,258
2023-12-27 04:00:00,1724.81,7594.22,10094.039999999999,1,262
2023-12-27 05:00:00,3063.28,12781.49,16874.71,1,464
2023-12-27 06:00:00,8162.43,28061.78,37670.33,1,1089
2023-12-27 07:00:00,7823.14,37472.51,50733.03,1,1619
2023-12-27 08:00:00,9961.83,51909.5,72705.55,1,2523
2023-12-27 09:00:00,11906.0,64492.16,91668.17,1,3407
2023-12-27 10:00:00,14095.32,81209.58,114772.64,1,4339
2023-12-27 11:00:00,14607.42,88916.82,125457.01,2,4713
2023-12-27 12:00:00,15662.21,96953.0,135650.56,2,5047
2023-12-27 13:00:00,19201.41,114563.7,157840.66,2,5410
2023-12-27 14:00:00,20963.16,121868.09,168981.08,2,5646
2023-12-27 15:00:00,21946.12,132808.63,184983.73,2,6128
2023-12-27 16:00:00,21118.85,127906.67,191036.74,2,5762
2023-12-27 17:00:00,20203.29,120314.64,183125.66,2,5548
2023-12-27 18:00:00,19026.31,114580.15,176972.71,2,5735
2023-12-27 19:00:00,18474.86,100149.62,153187.12,2,4745
2023-12-27 20:00:00,17358.31,88680.78,129815.78,2,4162
2023-12-27 21:00:00,17068.97,92134.64,133473.8,2,4617
2023-12-27 22:00:00,16995.58,88480.81,127198.79,2,4310
2023-12-27 23:00:00,13252.72,62934.7,89398.25,1,2832
2023-12-28 00:00:00,7857.72,37072.82,52553.0,1,1644
2023-12-28 01:00:00,5033.48,23203.65,32471.39,1,997
2023-12-28 02:00:00,2474.22,12196.12,16996.82,1,617
2023-12-28 03:00:00,1406.28,7128.46,10163.11,1,346
2023-12-28 04:00:00,1505.77,7071.83,9419.0,1,274
2023-12-28 05:00:00,2597.34,11278.62,15230.78,1,472
2023-12-28 06:00:00,6538.9,29067.13,38698.58,1,1051
2023-12-28 07:00:00,7830.29,37741.14,51228.85,1,1556
2023-12-28 08:00:00,10519.96,53523.44,74672.16,1,2609
2023-12-28 09:00:00,12495.07,69136.85,98178.14,1,3550
2023-12-28 10:00:00,14018.0,81209.89,113877.47,1,4275
2023-12-28 11:00:00,15722.81,94804.89,132798.77,1,4750
2023-12-28 12:00:00,15589.09,100663.93,139964.6,2,5258
2023-12-28 13:00:00,19486.27,117458.24,162314.58,2,5548
2023-12-28 14:00:00,23204.36,134965.87,186766.74,2,6178
2023-12-28 15:00:00,22900.96,142126.7,196760.67,2,6589
2023-12-28 16:00:00,22478.38,135234.39,202088.18,2,5981
2023-12-28 17:00:00,22109.29,132414.36,201092.45,2,6081
2023-12-28 18:00:00,18235.33,110307.42,168961.81,2,5608
2023-12-28 19:00:00,18477.95,101609.32,156605.04,2,4957
2023-12-28 20:00:00,16013.62,88635.84,129239.38,2,4389
2023-12-28 21:00:00,16115.08,86999.04,127337.48,2,4472
2023-12-28 22:00:00,17309.56,87036.58,125052.42,2,4054
2023-12-28 23:00:00,14296.82,69722.5,100831.49,1,3163
2023-12-29 00:00:00,9582.7,46253.79,67077.14,1,2340
2023-12-29 01:00:00,5466.41,27240.38,39071.9,1,1457
2023-12-29 02:00:00,2813.75,14455.83,21020.37,1,846
2023-12-29 03:00:00,2489.45,12314.25,17512.15,1,750
2023-12-29 04:00:00,2785.74,13857.99,18437.75,1,582
2023-12-29 05:00:00,3015.81,13731.84,18299.5,1,476
2023-12-29 06:00:00,5163.62,24360.94,32401.65,1,963
2023-12-29 07:00:00,7884.2,35807.84,48606.92,1,1458
2023-12-29 08:00:00,10212.81,49732.37,69301.34,1,2315
2023-12-29 09:00:00,12811.039999999999,64936.909999999996,91081.22,1,3199
2023-12-29 10:00:00,12297.11,69378.23,97953.07,1,3856
2023-12-29 11:00:00,15152.47,86888.35,122780.5,2,4592
2023-12-29 12:00:00,15130.42,90591.82,128169.59,2,4931
2023-12-29 13:00:00,18690.98,109709.84,152993.92,2,5451
2023-12-29 14:00:00,21894.05,126639.87,175334.82,2,5878
2023-12-29 15:00:00,21289.05,126333.08,176710.12,2,6147
2023-12-29 16:00:00,22568.17,132318.66,199814.7,2,6192
2023-12-29 17:00:00,21802.41,130134.47,196122.98,2,5883
2023-12-29 18:00:00,19507.01,116189.13,178578.93,2,5658
2023-12-29 19:00:00,19981.74,112149.03,169629.84,2,5330
2023-12-29 20:00:00,17160.77,100651.51,146424.93,2,5021
2023-12-29 21:00:00,16062.63,90901.58,131500.52,2,4440
2023-12-29 22:00:00,17161.64,92134.97,132886.41,2,4406
2023-12-29 23:00:00,16555.96,83574.59,120227.35,2,4000
2023-12-30 00:00:00,11848.13,60909.36,89958.71,1,3263
2023-12-30 01:00:00,7639.79,40070.33,59121.7,1,2383
2023-12-30 02:00:00,5270.83,29159.59,42838.58,2,1874
2023-12-30 03:00:00,4391.73,22815.3,32909.93,2,1331
2023-12-30 04:00:00,2961.92,15062.21,21549.96,1,756
2023-12-30 05:00:00,2507.4,11220.43,15112.56,1,395
2023-12-30 06:00:00,5268.85,23302.13,31019.94,1,745
2023-12-30 07:00:00,6663.64,29635.09,39377.81,1,982
2023-12-30 08:00:00,7718.69,35344.81,49541.36,1,1598
2023-12-30 09:00:00,10567.61,52406.98,73809.28,1,2593
2023-12-30 10:00:00,12952.8,66293.21,93975.41,2,3449
2023-12-30 11:00:00,14374.12,76631.22,109368.74,2,4224
2023-12-30 12:00:00,14759.71,83134.36,119135.56,2,4711
2023-12-30 13:00:00,26983.27,98920.39,138871.15,2,5135
2023-12-30 14:00:00,24034.74,117605.05,165118.38,2,5652
2023-12-30 15:00:00,20586.37,116974.42,162005.24,2,5692
2023-12-30 16:00:00,21227.97,122392.79,169033.74,2,5633
2023-12-30 17:00:00,19155.64,114304.33,158757.38,2,5378
2023-12-30 18:00:00,18317.56,109721.12,152730.19,2,5220
2023-12-30 19:00:00,17837.52,103927.65,144994.27,2,4887
2023-12-30 20:00:00,16512.63,91676.37,131947.0,2,4270
2023-12-30 21:00:00,15981.23,87482.05,125590.51,2,4044
2023-12-30 22:00:00,16662.81,88825.41,127753.12,2,4211
2023-12-30 23:00:00,16079.69,82834.39,120353.16,2,4075
2023-12-31 00:00:00,13032.26,66528.64,96989.96,1,3504
2023-12-31 01:00:00,7297.29,39146.75,57206.06,1,2276
2023-12-31 02:00:00,5036.19,26315.76,38533.83,1,1644
2023-12-31 03:00:00,3989.68,21409.01,30470.38,1,1227
2023-12-31 04:00:00,3567.91,17363.98,23583.75,1,844
2023-12-31 05:00:00,2660.04,13247.69,16873.97,1,393
2023-12-31 06:00:00,5221.25,22584.91,29437.74,1,682
2023-12-31 07:00:00,6632.92,29116.51,38853.3,1,971
2023-12-31 08:00:00,6826.53,32490.36,43987.45,1,1364
2023-12-31 09:00:00,9478.07,44941.5,63349.81,1,2180
2023-12-31 10:00:00,10276.44,50959.29,72614.46,2,2793
2023-12-31 11:00:00,10674.73,57285.28,82431.44,1,3388
2023-12-31 12:00:00,12897.64,68956.06,98979.52,2,4004
2023-12-31 13:00:00,16818.25,85988.84,122038.37,2,4485
2023-12-31 14:00:00,16180.18,85601.12,120197.3,2,4401
2023-12-31 15:00:00,16364.15,88532.34,124835.62,2,4599
2023-12-31 16:00:00,18675.45,99070.11,137706.23,2,4726
2023-12-31 17:00:00,15451.58,85166.39,120505.21,2,4569
2023-12-31 18:00:00,15440.68,82103.12,115949.01,2,4535
2023-12-31 19:00:00,18668.81,97290.54,137330.92,2,5237
2023-12-31 20:00:00,17429.15,95428.46,138070.43,2,5377
2023-12-31 21:00:00,18391.27,100119.54,141494.72,2,5284
2023-12-31 22:00:00,16290.99,88386.3,124605.19,2,4717
2023-12-31 23:00:00,14022.3,74271.58,104946.81,2,3755
2024-01-01 00:00:00,2.41,17.2,29.56,2,2
2024-01-03 10:00:00,21.6,82.1,110.75,1,1
2024-01-03 18:00:00,0.01,86.69,105.23,2,1
2024-01-03 19:00:00,16.67,65.3,73.55,1,1
2023-12-31 23:00:00,26.01,144.1,224.62,2,10
2024-01-01 00:00:00,19381.38,125174.45,176960.97,2,6596
2024-01-01 01:00:00,20829.15,150484.74,205526.85,2,7355
2024-01-01 02:00:00,17091.18,122564.58,170562.29,2,6220
2024-01-01 03:00:00,14267.93,98870.3,134694.89,2,4936
2024-01-01 04:00:00,10762.38,65215.89,86447.24,1,3188
2024-01-01 05:00:00,6313.85,32921.36,43800.05,1,1522
2024-01-01 06:00:00,8143.04,40309.99,51496.15,1,1532
2024-01-01 07:00:00,8201.19,37475.35,48969.72,1,1378
2024-01-01 08:00:00,7128.41,32791.15,44094.6,1,1204
2024-01-01 09:00:00,7702.59,35620.49,49636.62,2,1430
2024-01-01 10:00:00,11072.26,51172.35,71555.15,2,2263
2024-01-01 11:00:00,11863.21,59555.9,83667.45,2,2974
2024-01-01 12:00:00,13730.72,71009.24,100460.95,2,3753
2024-01-01 13:00:00,16282.53,79107.11,111275.55,2,3743
2024-01-01 14:00:00,18105.31,94643.83,130333.04,2,4310
2024-01-01 15:00:00,48611.57,104253.49,142103.61,2,4650
2024-01-01 16:00:00,19732.0,99518.63,138776.25,2,4261
2024-01-01 17:00:00,16172.96,83601.44,117822.62,2,3813
2024-01-01 18:00:00,16064.84,81502.47,113340.39,2,3702
2024-01-01 19:00:00,15445.48,75265.14,104803.43,2,3253
2024-01-01 20:00:00,13413.89,63285.06,91716.49,2,2805
2024-01-01 21:00:00,12198.33,56666.090000000004,79924.73,2,2462
2024-01-01 22:00:00,13440.35,59495.45,83639.31999999999,1,2187
2024-01-01 23:00:00,10244.54,44608.45,61234.89,1,1476
2024-01-02 00:00:00,5661.27,25428.47,35829.88,1,967
2024-01-02 01:00:00,2552.92,11104.44,15043.13,1,428
2024-01-02 02:00:00,1601.93,6711.88,8995.78,1,244
2024-01-02 03:00:00,1815.91,8001.78,10560.03,2,234
2024-01-02 04:00:00,2079.93,9447.58,12428.39,1,285
2024-01-02 05:00:00,4964.29,20889.14,27922.12,1,643
2024-01-02 06:00:00,7872.61,36107.64,48387.82,1,1454
2024-01-02 07:00:00,13397.52,66412.24,90039.08,1,2891
2024-01-02 08:00:00,15533.53,70832.27,99455.23,1,3541
2024-01-02 09:00:00,14414.68,76685.18,108109.91,1,3932
2024-01-02 10:00:00,15254.62,81411.11,114481.61,1,4178
2024-01-02 11:00:00,15202.32,84343.08,119402.79,1,4538
2024-01-02 12:00:00,17014.6,93382.96,131010.26,1,4641
2024-01-02 13:00:00,18385.36,96459.0,134942.88,1,4780
2024-01-02 14:00:00,20003.8,108212.24,151492.13,1,5187
2024-01-02 15:00:00,21123.64,114659.64,159991.83,1,5386
2024-01-02 16:00:00,20857.04,111931.67,170896.72,1,5290
2024-01-02 17:00:00,20979.61,109853.56,170210.69,1,5464
2024-01-02 18:00:00,18000.44,98331.58,154556.0,1,5223
2024-01-02 19:00:00,17973.92,87361.45,134947.23,1,4259
2024-01-02 20:00:00,15125.48,72560.66,106904.37,1,3590
2024-01-02 21:00:00,15453.09,75927.82,110684.14,1,3640
2024-01-02 22:00:00,13517.96,63739.71,91072.64,1,2767
2024-01-02 23:00:00,12278.6,53617.32,74831.36,1,1957
2024-01-03 00:00:00,8664.44,37323.87,51401.51,1,1201
2024-01-03 01:00:00,2333.36,10660.94,14596.96,1,462
2024-01-03 02:00:00,1349.07,6154.5,8578.36,1,293
2024-01-03 03:00:00,1146.15,5044.32,6761.99,2,193
2024-01-03 04:00:00,1877.51,8588.72,11341.12,2,244
2024-01-03 05:00:00,4063.3,18021.56,23939.72,1,632
2024-01-03 06:00:00,8377.37,37869.83,50567.77,1,1468
2024-01-03 07:00:00,10223.23,51903.87,71960.59,1,2631
2024-01-03 08:00:00,12057.0,66331.46,94359.63,1,3797
2024-01-03 09:00:00,13958.24,78263.64,112289.09,1,4336
2024-01-03 10:00:00,15227.32,83878.61,119127.87,1,4408
2024-01-03 11:00:00,27257.89,91819.56,128925.52,1,4741
2024-01-03 12:00:00,16066.92,92813.44,130677.93,1,5008
2024-01-03 13:00:00,19104.62,105623.82,148036.93,1,5300
2024-01-03 14:00:00,20071.95,110508.02,154988.61,1,5621
2024-01-03 15:00:00,20888.64,114332.51,160343.57,1,5656
2024-01-03 16:00:00,21668.71,114760.27,176363.16,1,5717
2024-01-03 17:00:00,18487.3,103335.19,163667.51,1,5751
2024-01-03 18:00:00,17986.2,99961.45,159963.34,1,5823
2024-01-03 19:00:00,18621.71,94297.83,148855.83,1,5070
2024-01-03 20:00:00,17826.18,86553.04,127280.77,1,4388
2024-01-03 21:00:00,16187.78,78015.7,113974.67,1,3962
2024-01-03 22:00:00,14120.61,67492.58,97880.58,1,3242
2024-01-03 23:00:00,12119.41,57291.66,81705.45,1,2483
2024-01-04 00:00:00,6157.95,27540.74,38751.05,1,1164
2024-01-04 01:00:00,2680.0,12012.35,16654.65,1,535
2024-01-04 02:00:00,1951.1200000000001,8723.68,11801.88,1,336
2024-01-04 03:00:00,1979.57,8610.42,11188.59,1,270
2024-01-04 04:00:00,1758.11,7533.58,9896.39,1,252
2024-01-04 05:00:00,3044.84,13889.72,18749.829999999998,1,563
2024-01-04 06:00:00,6991.52,32651.25,44182.3,1,1471
2024-01-04 07:00:00,10224.17,53103.15,73302.72,1,2699
2024-01-04 08:00:00,12328.24,68386.79,97639.32,1,3967
2024-01-04 09:00:00,13854.91,80667.28,116288.97,1,4488
2024-01-04 10:00:00,14966.69,87230.96,124100.86,1,4742
2024-01-04 11:00:00,14662.74,87246.73,123864.27,1,4862
2024-01-04 12:00:00,16523.85,95412.22,135517.86,1,5284
2024-01-04 13:00:00,17770.56,100981.92,142965.31,1,5400
2024-01-04 14:00:00,20576.48,116412.35,164956.56,1,6038
2024-01-04 15:00:00,22970.91,131854.51,187380.4,1,7128
2024-01-04 16:00:00,24458.9,145708.81,224560.67,1,7568
2024-01-04 17:00:00,24968.77,156871.58,244825.62,1,8476
2024-01-04 18:00:00,23818.95,143752.26,231647.32,1,8660
2024-01-04 19:00:00,23342.22,124835.32,198942.03,1,7176
2024-01-04 20:00:00,20366.38,109140.28,165392.82,1,6365
2024-01-04 21:00:00,21106.27,113434.2,169999.5,1,6652
2024-01-04 22:00:00,19440.12,99296.46,146864.56,1,5448
2024-01-04 23:00:00,14758.75,70275.02,101037.58,1,3357
2024-01-05 00:00:00,8035.09,37433.2,53171.71,1,1834
2024-01-05 01:00:00,3390.67,17100.97,24674.95,1,935
2024-01-05 02:00:00,2114.2,9968.64,14025.91,1,527
2024-01-05 03:00:00,1745.46,8043.88,10960.23,1,380
2024-01-05 04:00:00,1330.34,6232.86,8473.619999999999,1,247
2024-01-05 05:00:00,3247.94,14932.23,20530.43,1,627
2024-01-05 06:00:00,7016.32,33566.5,45946.08,1,1626
2024-01-05 07:00:00,10562.03,55527.0,78361.39,1,3051
2024-01-05 08:00:00,12364.65,71845.06,102336.9,1,4225
2024-01-05 09:00:00,14915.83,84225.18,121646.98,1,4873
2024-01-05 10:00:00,15311.84,88859.94,128356.88,1,5176
2024-01-05 11:00:00,14841.45,90718.8,130429.1,1,5378
2024-01-05 12:00:00,15729.83,94459.03,135864.8,1,5610
2024-01-05 13:00:00,17507.46,102646.11,146799.63,1,5893
2024-01-05 14:00:00,20570.65,120290.71,170568.94,1,6325
2024-01-05 15:00:00,80336.12,123983.81,175285.71,1,6731
2024-01-05 16:00:00,23269.55,129338.37,201983.87,1,6846
2024-01-05 17:00:00,22351.1,131130.11,209966.4,1,7627
2024-01-05 18:00:00,22779.94,131772.29,209868.45,1,7744
2024-01-05 19:00:00,19996.27,111520.29,178157.96,1,6514
2024-01-05 20:00:00,17455.5,94502.06,142184.38,1,5313
2024-01-05 21:00:00,17752.84,96667.08,143487.24,1,5443
2024-01-05 22:00:00,18475.51,99784.75,148475.8,1,5547
2024-01-05 23:00:00,16182.81,85368.14,127115.16,1,4706
2024-01-06 00:00:00,11319.27,60423.51,89451.44,1,3730
2024-01-06 01:00:00,7290.42,40476.45,61800.18,1,2786
2024-01-06 02:00:00,5300.68,27609.91,42346.14,1,1847
2024-01-06 03:00:00,3762.03,20540.96,30040.01,1,1223
2024-01-06 04:00:00,3168.22,14749.76,20408.43,1,658
2024-01-06 05:00:00,3149.15,13377.04,17963.48,1,427
2024-01-06 06:00:00,4369.2,20481.92,27309.38,1,804
2024-01-06 07:00:00,6207.14,28595.24,39538.42,1,1338
2024-01-06 08:00:00,8765.84,42356.11,59319.76,1,2140
2024-01-06 09:00:00,11220.95,56524.7,81391.75,1,3232
2024-01-06 10:00:00,12543.48,67661.31,97180.27,1,4100
2024-01-06 11:00:00,13402.89,74575.77,109013.46,1,4755
2024-01-06 12:00:00,14998.05,87001.84,126700.6,1,5428
2024-01-06 13:00:00,17075.57,96482.0,139714.63,1,5693
2024-01-06 14:00:00,19098.95,106336.1,153360.3,1,5900
2024-01-06 15:00:00,19359.49,114603.38,165532.03,1,6613
2024-01-06 16:00:00,20783.55,122093.61,174410.46,1,6665
2024-01-06 17:00:00,19590.48,116215.64,165811.32,1,6545
2024-01-06 18:00:00,17570.93,105198.1,153162.19,1,6397
2024-01-06 19:00:00,16908.86,104698.87,149828.4,2,6317
2024-01-06 20:00:00,14974.96,81913.69,121888.41,2,4786
2024-01-06 21:00:00,15872.12,86775.26,130110.72,1,5065
2024-01-06 22:00:00,18324.28,96808.02,143304.41,2,5552
2024-01-06 23:00:00,18514.46,95642.06,136686.13,1,5116
2024-01-07 00:00:00,13814.6,68559.71,101405.09,1,3876
2024-01-07 01:00:00,7927.09,43179.07,64295.48,1,2735
2024-01-07 02:00:00,5390.06,29045.38,43186.98,1,1929
2024-01-07 03:00:00,3212.36,17228.17,25911.829999999998,1,1120
2024-01-07 04:00:00,2639.8,11974.8,16916.33,1,541
2024-01-07 05:00:00,2871.64,12637.05,16678.84,1,395
2024-01-07 06:00:00,4792.99,20043.01,26600.63,1,677
2024-01-07 07:00:00,4678.48,21402.98,29498.739999999998,1,866
2024-01-07 08:00:00,5868.33,27692.62,39137.62,1,1473
2024-01-07 09:00:00,8458.83,40765.91,58519.97,1,2152
2024-01-07 10:00:00,9901.54,50322.29,74673.49,1,3169
2024-01-07 11:00:00,11549.14,63589.99,94037.03,1,4087
2024-01-07 12:00:00,12793.29,70708.72,103164.12,1,4257
2024-01-07 13:00:00,14983.63,79518.24,115271.45,1,4349
2024-01-07 14:00:00,17225.59,88637.15,126257.75,1,4396
2024-01-07 15:00:00,17614.57,91081.19,131172.05,1,4600
2024-01-07 16:00:00,19429.83,97984.89,140848.9,1,4714
2024-01-07 17:00:00,14885.43,80549.23,116080.13,1,4277
2024-01-07 18:00:00,15261.14,80130.73,115709.69,1,4088
2024-01-07 19:00:00,15251.91,76280.03,108380.06,1,3603
2024-01-07 20:00:00,14960.64,71168.21,104507.78,1,3264
2024-01-07 21:00:00,15368.41,69090.23,100168.85,1,2965
2024-01-07 22:00:00,14394.88,62619.44,89413.31999999999,1,2443
2024-01-07 23:00:00,9055.17,39703.49,56266.03,1,1567
2024-01-08 00:00:00,5905.95,26973.34,36679.86,1,992
2024-01-08 01:00:00,2319.77,10489.03,14384.96,1,425
2024-01-08 02:00:00,813.61,4141.56,5800.97,1,212
2024-01-08 03:00:00,1352.68,5494.4,7480.41,1,204
2024-01-08 04:00:00,1635.4,7366.44,9922.13,1,241
2024-01-08 05:00:00,3975.37,17350.56,23320.74,1,596
2024-01-08 06:00:00,7176.89,34284.6,46467.72,1,1586
2024-01-08 07:00:00,10387.87,56587.79,80164.54,1,3182
2024-01-08 08:00:00,12280.98,70340.68,100971.59,1,4035
2024-01-08 09:00:00,13156.31,76207.65,109539.32,1,4139
2024-01-08 10:00:00,14273.2,79351.16,113856.6,1,4170
2024-01-08 11:00:00,13360.1,75821.09,108050.62,1,4184
2024-01-08 12:00:00,14530.7,81159.45,116105.53,1,4512
2024-01-08 13:00:00,15711.08,85314.1,121002.19,1,4562
2024-01-08 14:00:00,18112.53,99647.47,141963.46,1,5137
2024-01-08 15:00:00,18209.66,100173.95,143277.1,1,5370
2024-01-08 16:00:00,17875.29,100491.5,157256.42,1,5253
2024-01-08 17:00:00,18824.84,104785.55,168254.71,1,5969
2024-01-08 18:00:00,20746.18,114884.68,187002.49,1,6871
2024-01-08 19:00:00,16968.99,87666.02,141852.46,1,5152
2024-01-08 20:00:00,15017.44,75201.38,113885.55,1,4164
2024-01-08 21:00:00,14346.05,70748.46,106008.19,1,3742
2024-01-08 22:00:00,12818.04,59572.44,87790.59,1,2806
2024-01-08 23:00:00,11224.97,52462.93,75409.08,1,2530
2024-01-09 00:00:00,5453.42,24232.94,33936.73,1,1014
2024-01-09 01:00:00,2289.13,10615.09,15209.31,1,511
2024-01-09 02:00:00,1199.92,5462.79,7343.06,1,238
2024-01-09 03:00:00,913.8100000000001,4292.46,5987.04,1,174
2024-01-09 04:00:00,1443.64,6677.77,9065.53,1,244
2024-01-09 05:00:00,3358.57,15687.2,21123.96,1,609
2024-01-09 06:00:00,6288.65,29969.2,41036.17,1,1533
2024-01-09 07:00:00,69844.95,59733.85,85320.02,1,3470
2024-01-09 08:00:00,46810.979999999996,80943.02,115958.04,1,4794
2024-01-09 09:00:00,13494.72,83245.02,119776.56999999999,1,4834
2024-01-09 10:00:00,14087.79,86477.48,124212.66,1,4827
2024-01-09 11:00:00,14366.4,91797.48,132620.18,1,5515
2024-01-09 12:00:00,14755.48,89820.25,128814.14,1,5252
2024-01-09 13:00:00,15326.51,92758.54,133856.13,1,5476
2024-01-09 14:00:00,18245.66,111573.77,160976.81,1,6362
2024-01-09 15:00:00,18661.48,116594.69,167477.39,1,6620
2024-01-09 16:00:00,18812.68,111686.71,176455.82,1,6138
2024-01-09 17:00:00,18922.72,123673.92,198388.88,1,7750
2024-01-09 18:00:00,18284.63,121169.63,192078.63,1,8053
2024-01-09 19:00:00,14789.84,83824.7,138939.07,1,5594
2024-01-09 20:00:00,12357.26,69028.16,107020.21,1,4579
2024-01-09 21:00:00,13956.52,80870.31,120184.32,1,5220
2024-01-09 22:00:00,10416.04,58465.9,85736.08,1,3650
2024-01-09 23:00:00,6025.77,29193.57,42365.74,1,1505
2024-01-10 00:00:00,3311.19,15621.94,22150.03,1,811
2024-01-10 01:00:00,2446.11,10734.15,14997.17,1,410
2024-01-10 02:00:00,2356.2,10835.52,14724.95,1,324
2024-01-10 03:00:00,2708.55,11363.37,15163.43,1,288
2024-01-10 04:00:00,2586.12,11201.39,14517.55,1,293
2024-01-10 05:00:00,4121.34,18209.96,24491.75,1,644
2024-01-10 06:00:00,6035.1,29671.85,40755.18,1,1537
2024-01-10 07:00:00,25968.84,61266.9,86788.05,1,3588
2024-01-10 08:00:00,13053.32,79321.97,115822.9,1,4884
2024-01-10 09:00:00,13485.14,81420.85,117989.09,1,4697
2024-01-10 10:00:00,13713.12,81432.89,117616.45,1,4644
2024-01-10 11:00:00,14230.36,85648.15,123945.29,1,4878
2024-01-10 12:00:00,15159.6,90014.84,131547.45,1,5227
2024-01-10 13:00:00,16747.27,99887.33,144189.79,1,5631
2024-01-10 14:00:00,19265.38,111826.12,161090.72,1,6071
2024-01-10 15:00:00,19943.67,116923.39,167875.49,1,6202
2024-01-10 16:00:00,20184.49,114560.62,179929.35,1,5991
2024-01-10 17:00:00,20382.05,119064.84,193227.22,1,7071
2024-01-10 18:00:00,19755.01,115783.02,192321.46,1,7197
2024-01-10 19:00:00,19677.67,106465.52,171990.21,1,6146
2024-01-10 20:00:00,18127.6,98539.34,150150.37,1,5810
2024-01-10 21:00:00,18283.58,96910.16,147903.41,1,5598
2024-01-10 22:00:00,15718.69,81049.31,120729.61,1,4302
2024-01-10 23:00:00,11071.710000000001,54707.53,80501.21,1,2756
2024-01-11 00:00:00,6897.96,31807.5,45241.55,1,1401
2024-01-11 01:00:00,2626.55,14052.07,20065.48,1,724
2024-01-11 02:00:00,1469.13,6714.17,9852.53,1,411
2024-01-11 03:00:00,1483.84,7382.0,10219.28,1,301
2024-01-11 04:00:00,1873.92,8603.84,11841.47,1,313
2024-01-11 05:00:00,3714.96,17169.88,23389.88,1,635
2024-01-11 06:00:00,6780.37,33153.63,45153.0,1,1552
2024-01-11 07:00:00,44855.98,60467.53,86503.03,1,3491
2024-01-11 08:00:00,13987.44,88053.27,125798.01,1,5120
2024-01-11 09:00:00,14080.22,87353.87,126244.28,1,5105
2024-01-11 10:00:00,14556.42,88742.06,128043.99,1,4935
2024-01-11 11:00:00,15841.92,96821.57,139035.28,1,5282
2024-01-11 12:00:00,17115.06,103418.3,148581.89,1,5685
2024-01-11 13:00:00,18325.08,108169.07,155519.02,1,5723
2024-01-11 14:00:00,21759.24,127635.8,182499.41,1,6216
2024-01-11 15:00:00,21271.24,127199.95,182558.89,1,6530
2024-01-11 16:00:00,21486.13,124374.97,195487.85,1,6422
2024-01-11 17:00:00,23309.77,140798.1,224135.82,1,7618
2024-01-11 18:00:00,22320.54,135860.55,218962.34,1,8016
2024-01-11 19:00:00,22856.13,126472.06,204334.0,1,7240
2024-01-11 20:00:00,21468.17,113675.0,171911.4,1,6240
2024-01-11 21:00:00,22414.08,117346.2,176298.21,1,6443
2024-01-11 22:00:00,19910.76,101311.99,151972.15,1,5491
2024-01-11 23:00:00,16416.7,82049.59,121669.43,1,4116
2024-01-12 00:00:00,8642.55,41589.92,61158.78,1,2198
2024-01-12 01:00:00,5150.4,25532.96,36302.8,1,1225
2024-01-12 02:00:00,2171.2,10519.9,15506.01,1,652
2024-01-12 03:00:00,1721.55,8443.98,11999.89,1,432
2024-01-12 04:00:00,2262.58,10575.89,14673.55,1,429
2024-01-12 05:00:00,55864.1,19052.97,26136.79,1,684
2024-01-12 06:00:00,7341.42,34779.94,47250.64,1,1502
2024-01-12 07:00:00,55099.549999999996,58700.63,83079.06999999999,1,3170
2024-01-12 08:00:00,13194.77,72757.45,105395.83,1,4083
2024-01-12 09:00:00,14158.22,80802.98,115958.98,1,4369
2024-01-12 10:00:00,15778.35,90252.02,129720.9,1,4806
2024-01-12 11:00:00,16359.69,95902.79,138160.82,1,5021
2024-01-12 12:00:00,15936.75,92683.47,134512.82,1,5206
2024-01-12 13:00:00,18437.67,104347.2,149692.02,1,5561
2024-01-12 14:00:00,22109.39,126327.84,181369.34,1,6403
2024-01-12 15:00:00,22066.19,129711.45,185542.75,1,6580
2024-01-12 16:00:00,22850.73,131386.12,204278.37,1,6536
2024-01-12 17:00:00,22184.98,126681.16,201199.67,1,6830
2024-01-12 18:00:00,20474.19,118609.86,192418.79,1,6937
2024-01-12 19:00:00,20730.01,118039.39,192016.65,1,6896
2024-01-12 20:00:00,17258.63,96006.23,145053.35,1,5418
2024-01-12 21:00:00,18947.12,101366.17,152223.66,1,5551
2024-01-12 22:00:00,20457.51,116164.94,175653.42,1,6721
2024-01-12 23:00:00,19290.43,112392.92,163577.23,1,6445
2024-01-13 00:00:00,13510.18,75342.14,114042.48,1,4700
2024-01-13 01:00:00,8915.46,54429.06,80717.42,1,3424
2024-01-13 02:00:00,6405.51,40382.41,58323.03,1,2699
2024-01-13 03:00:00,4610.68,24355.92,35359.65,1,1418
2024-01-13 04:00:00,2749.55,13351.24,19062.93,1,689
2024-01-13 05:00:00,2787.44,12575.71,17129.92,1,449
2024-01-13 06:00:00,3505.31,16033.94,22141.5,1,700
2024-01-13 07:00:00,5182.0199999999995,23894.56,33296.3,1,1099
2024-01-13 08:00:00,6978.67,34885.15,50760.26,1,1897
2024-01-13 09:00:00,9635.56,48992.04,71998.66,1,2889
2024-01-13 10:00:00,11107.97,59964.68,87899.24,1,3692
2024-01-13 11:00:00,13811.66,78082.24,114478.48,1,4692
2024-01-13 12:00:00,16580.25,98203.99,145051.79,1,6396
2024-01-13 13:00:00,17470.24,100315.97,146421.08,1,5846
2024-01-13 14:00:00,59105.84,103017.7,148563.27,1,5824
2024-01-13 15:00:00,58565.82,117415.34,170080.85,1,6363
2024-01-13 16:00:00,21075.52,123635.9,179220.01,1,6939
2024-01-13 17:00:00,20991.89,130224.35,186978.82,1,7257
2024-01-13 18:00:00,21262.89,131889.67,189571.86,1,7522
2024-01-13 19:00:00,19134.0,119417.4,172800.8,1,6808
2024-01-13 20:00:00,16658.32,96933.46,145783.58,1,5600
2024-01-13 21:00:00,16469.16,95553.68,144278.28,2,5675
2024-01-13 22:00:00,18593.17,104792.29,157102.26,2,6075
2024-01-13 23:00:00,19852.26,106131.2,158877.47,1,6105
2024-01-14 00:00:00,14713.39,87060.43,127568.42,1,5381
2024-01-14 01:00:00,10599.01,61091.6,91545.06,1,4081
2024-01-14 02:00:00,7353.89,41846.5,64181.76,1,2853
2024-01-14 03:00:00,5530.2,30891.97,46102.92,1,2010
2024-01-14 04:00:00,3614.53,18743.61,26399.32,1,1070
2024-01-14 05:00:00,2584.95,11717.14,16102.89,1,411
2024-01-14 06:00:00,3422.41,15608.8,21114.75,1,651
2024-01-14 07:00:00,5231.23,23657.02,33069.83,1,1134
2024-01-14 08:00:00,7263.11,35806.61,51326.84,1,1890
2024-01-14 09:00:00,10170.9,50713.66,73537.26,1,2887
2024-01-14 10:00:00,13420.61,71877.57,104467.2,1,4169
2024-01-14 11:00:00,14371.63,77804.58,116455.14,1,4794
2024-01-14 12:00:00,16080.42,91941.95,134139.13,1,5514
2024-01-14 13:00:00,17248.63,100053.01,145435.54,1,5911
2024-01-14 14:00:00,20452.27,111678.91,161779.92,1,5811
2024-01-14 15:00:00,18430.46,104157.12,149482.43,1,5497
2024-01-14 16:00:00,21104.81,120177.27,171351.36,1,6233
2024-01-14 17:00:00,22127.25,117913.44,169047.99,1,6198
2024-01-14 18:00:00,17185.02,98944.24,144757.7,1,5901
2024-01-14 19:00:00,19162.11,98497.48,142560.17,1,5163
2024-01-14 20:00:00,14880.54,77520.17,116925.41,1,4466
2024-01-14 21:00:00,15523.04,78747.64,117815.6,1,4258
2024-01-14 22:00:00,15933.96,78964.16,115796.75,1,4007
2024-01-14 23:00:00,16371.32,81896.69,118878.24,1,4130
2024-01-15 00:00:00,10163.73,48799.89,71087.59,1,2237
2024-01-15 01:00:00,4146.99,20089.81,29232.31,1,1085
2024-01-15 02:00:00,2854.68,13998.68,20117.98,1,754
2024-01-15 03:00:00,1816.46,8556.17,12067.93,1,443
2024-01-15 04:00:00,2143.14,9909.33,13836.25,1,358
2024-01-15 05:00:00,3459.85,14872.73,20640.07,1,483
2024-01-15 06:00:00,5454.31,24632.68,34044.37,1,906
2024-01-15 07:00:00,6370.85,29936.45,42879.25,1,1361
2024-01-15 08:00:00,8202.0,42761.73,62725.73,1,2440
2024-01-15 09:00:00,10223.93,53849.1,79255.82,1,3098
2024-01-15 10:00:00,12502.68,66718.73,97908.48,1,3847
2024-01-15 11:00:00,14182.12,77844.33,115025.61,1,4605
2024-01-15 12:00:00,15579.04,86363.22,126508.56999999999,1,5077
2024-01-15 13:00:00,18584.22,100493.7,145658.55,1,5477
2024-01-15 14:00:00,20993.44,115933.79,167155.51,1,5944
2024-01-15 15:00:00,19617.16,108218.37,156049.15,1,5791
2024-01-15 16:00:00,21516.5,114265.16,165758.61,1,5686
2024-01-15 17:00:00,19610.48,107304.51,155818.31,1,5739
2024-01-15 18:00:00,16289.02,91778.94,134489.23,1,5273
2024-01-15 19:00:00,18604.56,91215.43,132510.57,1,4540
2024-01-15 20:00:00,16131.21,76981.91,114503.33,1,3752
2024-01-15 21:00:00,12986.67,63926.79,95512.76,1,3352
2024-01-15 22:00:00,12858.88,60590.43,90012.47,1,2756
2024-01-15 23:00:00,13156.08,57541.4,82249.19,1,2029
2024-01-16 00:00:00,8453.76,38405.64,53243.41,1,1301
2024-01-16 01:00:00,5074.89,22295.93,29922.04,1,722
2024-01-16 02:00:00,1742.43,8050.68,11320.7,1,321
2024-01-16 03:00:00,1074.56,4652.12,6748.62,1,211
2024-01-16 04:00:00,1600.2,7199.03,9833.84,1,265
2024-01-16 05:00:00,3850.15,17522.14,24080.41,1,654
2024-01-16 06:00:00,6894.78,35692.54,48648.51,1,1718
2024-01-16 07:00:00,12046.53,69919.05,95583.53,1,3539
2024-01-16 08:00:00,13833.05,94503.83,132233.02,1,4621
2024-01-16 09:00:00,12467.82,92880.05,129147.18,1,4518
2024-01-16 10:00:00,50043.15,99111.41,137888.29,1,4653
2024-01-16 11:00:00,13454.54,97183.63,135453.21,1,4622
2024-01-16 12:00:00,15679.58,94937.35,136062.85,1,4901
2024-01-16 13:00:00,17476.41,101924.05,146260.95,1,5373
2024-01-16 14:00:00,18600.62,108713.93,158034.26,1,5882
2024-01-16 15:00:00,18372.37,107828.32,157011.35,1,6051
2024-01-16 16:00:00,21181.31,120548.35,189516.5,1,6275
2024-01-16 17:00:00,20069.32,119526.75,189639.39,1,6864
2024-01-16 18:00:00,19511.64,112727.87,186366.09,1,6903
2024-01-16 19:00:00,16746.06,92066.66,151243.77,1,5747
2024-01-16 20:00:00,17783.65,93703.59,142072.45,1,5367
2024-01-16 21:00:00,19451.57,99116.23,152179.91,1,5677
2024-01-16 22:00:00,17527.24,86646.49,127897.7,1,4312
2024-01-16 23:00:00,12812.01,58935.26,84472.09,1,2560
2024-01-17 00:00:00,10309.31,45022.68,63614.21,1,1498
2024-01-17 01:00:00,5014.26,21809.39,29751.81,1,723
2024-01-17 02:00:00,2108.73,9649.25,13256.91,1,364
2024-01-17 03:00:00,1323.03,6167.15,8624.83,1,241
2024-01-17 04:00:00,1951.94,8318.21,11463.42,1,271
2024-01-17 05:00:00,4380.15,19935.11,27358.829999999998,1,755
2024-01-17 06:00:00,7377.26,36604.29,51360.83,1,1861
2024-01-17 07:00:00,13156.77,72684.4,104642.31,1,4189
2024-01-17 08:00:00,88055.26,114226.96,157651.2,1,5958
2024-01-17 09:00:00,16123.68,106296.04,150293.11,1,5784
2024-01-17 10:00:00,15712.13,101828.01,145691.41,1,5364
2024-01-17 11:00:00,14804.42,101345.11,145488.16,1,5646
2024-01-17 12:00:00,16557.18,110662.44,157536.52,1,5850
2024-01-17 13:00:00,17108.28,108025.4,154932.3,1,5743
2024-01-17 14:00:00,35403.68,123238.3,176102.57,1,6282
2024-01-17 15:00:00,20121.64,128839.95,184308.42,1,6965
2024-01-17 16:00:00,20750.38,126801.51,201769.89,1,6927
2024-01-17 17:00:00,22194.65,140907.7,224825.92,1,8232
2024-01-17 18:00:00,22799.83,144873.15,232601.04,1,9151
2024-01-17 19:00:00,19135.62,111725.21,184821.17,1,7241
2024-01-17 20:00:00,20457.41,110333.09,168367.66,1,6449
2024-01-17 21:00:00,19689.99,111191.55,164993.55,1,6712
2024-01-17 22:00:00,17288.82,93536.58,139284.26,1,5350
2024-01-17 23:00:00,11255.960000000001,55057.06,81185.17,1,2809
2024-01-18 00:00:00,7432.1,33158.73,46295.79,1,1427
2024-01-18 01:00:00,2309.38,11729.85,16922.05,1,640
2024-01-18 02:00:00,1087.18,6360.06,9168.01,1,377
2024-01-18 03:00:00,989.57,4507.5199999999995,6450.27,1,236
2024-01-18 04:00:00,1547.31,7129.93,9899.12,1,262
2024-01-18 05:00:00,3374.45,15113.33,21219.829999999998,1,634
2024-01-18 06:00:00,7048.54,34721.75,47596.54,1,1772
2024-01-18 07:00:00,11115.8,67109.7,94865.77,1,4018
2024-01-18 08:00:00,14327.24,90899.34,131630.1,1,5422
2024-01-18 09:00:00,13920.42,90626.51,131200.34,1,5381
2024-01-18 10:00:00,15086.77,97505.95,139882.37,1,5381
2024-01-18 11:00:00,14515.75,97494.34,139698.18,1,5445
2024-01-18 12:00:00,15299.33,101305.1,145319.89,1,5682
2024-01-18 13:00:00,17236.81,107578.64,153640.59,1,5842
2024-01-18 14:00:00,19515.09,120437.63,172676.58,1,6319
2024-01-18 15:00:00,21310.4,128207.51,183986.06,1,6674
2024-01-18 16:00:00,21833.13,129587.05,201675.02,1,6747
2024-01-18 17:00:00,21315.71,135868.37,215983.01,1,7862
2024-01-18 18:00:00,22183.09,138929.08,228306.82,1,8572
2024-01-18 19:00:00,21173.08,125098.35,201864.57,1,7478
2024-01-18 20:00:00,21495.41,118353.46,178803.44,1,6777
2024-01-18 21:00:00,22646.63,121397.53,183245.4,1,6790
2024-01-18 22:00:00,20212.66,112188.2,166692.7,1,6328
2024-01-18 23:00:00,15412.67,79655.92,116277.09,1,4292
2024-01-19 00:00:00,7661.28,38022.48,55707.13,1,2075
2024-01-19 01:00:00,4823.34,23255.52,34002.4,1,1251
2024-01-19 02:00:00,1914.81,10193.97,15170.65,1,684
2024-01-19 03:00:00,1652.45,8064.98,11751.35,1,444
2024-01-19 04:00:00,1943.86,9419.88,13204.17,1,358
2024-01-19 05:00:00,3601.95,16303.29,22601.57,1,610
2024-01-19 06:00:00,6464.56,30235.19,41360.1,1,1389
2024-01-19 07:00:00,9879.38,52446.38,75082.39,1,2987
2024-01-19 08:00:00,11938.06,70318.3,101072.98,1,4311
2024-01-19 09:00:00,12051.61,70611.04,101869.23,1,4334
2024-01-19 10:00:00,11495.38,71799.56,104249.49,1,4424
2024-01-19 11:00:00,11709.15,73143.62,105979.17,1,4504
2024-01-19 12:00:00,13786.26,80856.11,117325.8,1,4894
2024-01-19 13:00:00,14941.62,86380.48,125142.53,1,4986
2024-01-19 14:00:00,17446.36,103642.29,148261.77,1,5674
2024-01-19 15:00:00,17615.45,105474.81,150967.85,1,5788
2024-01-19 16:00:00,19195.24,112649.17,177564.33,1,5955
2024-01-19 17:00:00,18646.92,113184.33,181410.08,1,6643
2024-01-19 18:00:00,19467.29,117141.71,187886.71,1,7234
2024-01-19 19:00:00,17958.85,103602.84,169535.75,1,6445
2024-01-19 20:00:00,15179.05,83474.33,128019.36,1,5078
2024-01-19 21:00:00,16271.66,90119.33,136770.1,1,5307
2024-01-19 22:00:00,16731.91,93196.93,141073.41,1,5453
2024-01-19 23:00:00,16573.28,88848.1,133610.54,1,5123
2024-01-20 00:00:00,15132.2,85675.44,125188.83,1,5146
2024-01-20 01:00:00,9841.22,57666.22,86449.79,1,3892
2024-01-20 02:00:00,6079.53,35019.82,54285.0,1,2504
2024-01-20 03:00:00,4316.42,23363.45,34983.73,1,1574
2024-01-20 04:00:00,2876.31,14803.34,21012.89,1,827
2024-01-20 05:00:00,1923.19,8682.05,12182.58,1,329
2024-01-20 06:00:00,3472.57,16396.57,22146.17,1,741
2024-01-20 07:00:00,4829.94,22535.64,31296.57,1,1098
2024-01-20 08:00:00,88599.41,32680.1,47757.45,1,1948
2024-01-20 09:00:00,9507.94,50117.11,73660.4,1,3233
2024-01-20 10:00:00,11070.12,61672.7,91639.99,1,4284
2024-01-20 11:00:00,11925.46,85943.66,121012.1,1,4974
2024-01-20 12:00:00,15065.69,87792.07,130329.31,1,5813
2024-01-20 13:00:00,16899.9,101078.0,146319.84,1,6121
2024-01-20 14:00:00,17092.97,101283.7,148307.64,1,6243
2024-01-20 15:00:00,19148.62,112140.03,162264.04,1,6604
2024-01-20 16:00:00,20851.05,124427.13,181162.75,1,7401
2024-01-20 17:00:00,18551.03,114795.06,166021.07,1,6999
2024-01-20 18:00:00,17684.93,113458.36,164205.6,1,6901
2024-01-20 19:00:00,19825.03,130573.49,184081.93,1,7532
2024-01-20 20:00:00,16313.75,99961.87,146593.89,1,5879
2024-01-20 21:00:00,15802.44,91129.44,136688.22,1,5403
2024-01-20 22:00:00,17678.76,106332.39,157210.95,1,6281
2024-01-20 23:00:00,20174.43,120875.33,172553.31,1,7041
2024-01-21 00:00:00,14885.95,83062.87,123768.79,1,5066
2024-01-21 01:00:00,10192.95,63857.66,94822.5,1,4174
2024-01-21 02:00:00,8819.38,53555.04,78004.6,1,3581
2024-01-21 03:00:00,5142.53,27802.96,41691.04,1,1870
2024-01-21 04:00:00,2983.32,15705.3,23041.57,1,907
2024-01-21 05:00:00,2708.44,12142.08,16300.93,1,448
2024-01-21 06:00:00,3920.63,17484.21,23337.05,1,637
2024-01-21 07:00:00,43472.68,23960.73,32964.6,1,960
2024-01-21 08:00:00,5744.46,28064.2,39791.23,1,1508
2024-01-21 09:00:00,8741.42,44278.19,64159.19,1,2636
2024-01-21 10:00:00,11705.24,60930.3,90064.55,1,3820
2024-01-21 11:00:00,86748.35,75444.8,111373.6,1,4817
2024-01-21 12:00:00,16315.36,91615.29,134176.65,1,5601
2024-01-21 13:00:00,17090.49,94651.26,138058.92,1,5318
2024-01-21 14:00:00,18307.25,102812.22,149735.61,1,5725
2024-01-21 15:00:00,19921.73,108733.13,156304.36,1,5647
2024-01-21 16:00:00,20237.43,107393.48,154964.98,1,5503
2024-01-21 17:00:00,20050.84,108319.23,156350.83,1,5578
2024-01-21 18:00:00,18233.19,95666.35,138959.14,1,5248
2024-01-21 19:00:00,16300.77,81299.8,117592.93,1,4006
2024-01-21 20:00:00,14727.84,72311.59,107703.11,1,3530
2024-01-21 21:00:00,16489.58,78163.68,114276.37,1,3549
2024-01-21 22:00:00,13100.9,60637.98,87358.23,1,2588
2024-01-21 23:00:00,11119.38,49541.06,70359.59,1,1785
2024-01-22 00:00:00,7044.9,30563.170000000002,41410.92,1,1043
2024-01-22 01:00:00,2116.57,10968.2,15070.18,1,434
2024-01-22 02:00:00,970.26,4436.48,6443.02,1,260
2024-01-22 03:00:00,775.08,3930.64,5404.97,1,190
2024-01-22 04:00:00,1497.18,6766.96,9205.25,1,261
2024-01-22 05:00:00,3620.11,15638.52,21079.42,1,584
2024-01-22 06:00:00,7014.28,33339.6,45183.92,1,1633
2024-01-22 07:00:00,11779.27,63913.63,89851.71,1,3496
2024-01-22 08:00:00,14141.24,86596.58,123577.79,1,4834
2024-01-22 09:00:00,14468.22,90131.45,128833.76,1,4963
2024-01-22 10:00:00,13980.94,83484.71,119515.66,1,4523
2024-01-22 11:00:00,12854.26,78204.53,112242.35,1,4475
2024-01-22 12:00:00,14159.71,83597.64,120962.58,1,4809
2024-01-22 13:00:00,15600.78,87805.57,126727.77,1,4848
2024-01-22 14:00:00,20420.86,111224.12,160076.18,1,5639
2024-01-22 15:00:00,18002.24,103760.24,149500.27,1,5704
2024-01-22 16:00:00,19657.64,107097.91,168727.1,1,5773
2024-01-22 17:00:00,19484.26,111153.74,179043.41,1,6351
2024-01-22 18:00:00,18587.95,103910.68,170670.94,1,6295
2024-01-22 19:00:00,16937.23,88690.91,145621.13,1,5309
2024-01-22 20:00:00,17928.39,90479.97,137078.59,1,4942
2024-01-22 21:00:00,17274.57,85151.47,127868.7,1,4479
2024-01-22 22:00:00,12394.33,59488.62,88145.81999999999,1,2849
2024-01-22 23:00:00,10279.37,47262.48,67494.8,1,1956
2024-01-23 00:00:00,6695.14,31313.47,45211.99,1,1471
2024-01-23 01:00:00,2452.37,11484.05,16242.45,1,504
2024-01-23 02:00:00,887.22,4684.77,6597.85,1,236
2024-01-23 03:00:00,917.71,3968.05,5542.03,1,185
2024-01-23 04:00:00,1385.82,6192.11,8507.76,1,209
2024-01-23 05:00:00,3066.5099999999998,14087.75,19120.95,1,569
2024-01-23 06:00:00,5961.64,29508.05,41101.39,1,1580
2024-01-23 07:00:00,10352.11,58563.42,84728.91,1,3535
2024-01-23 08:00:00,13247.94,85903.05,122412.22,1,5000
2024-01-23 09:00:00,15146.3,95343.24,137203.67,1,5280
2024-01-23 10:00:00,13615.66,92007.96,132096.25,1,5275
2024-01-23 11:00:00,14262.84,101009.35,145357.2,1,5774
2024-01-23 12:00:00,15578.23,103697.91,148664.69,1,5797
2024-01-23 13:00:00,16834.4,103690.2,147350.85,1,5610
2024-01-23 14:00:00,19000.56,115163.46,164359.7,1,6021
2024-01-23 15:00:00,17669.0,113252.43,162936.1,1,6162
2024-01-23 16:00:00,19129.91,112533.72,178596.1,1,6095
2024-01-23 17:00:00,19336.73,120583.93,194681.64,1,7079
2024-01-23 18:00:00,19434.02,119748.7,194651.14,1,7440
2024-01-23 19:00:00,16712.64,97369.39,160659.16,1,6168
2024-01-23 20:00:00,18169.68,98369.85,150710.58,1,5853
2024-01-23 21:00:00,20289.66,108829.84,162955.34,1,6279
2024-01-23 22:00:00,15871.98,83427.28,124964.74,1,4793
2024-01-23 23:00:00,10959.75,55061.26,82289.37,1,2976
2024-01-24 00:00:00,6677.03,33311.75,49046.85,1,1847
2024-01-24 01:00:00,2096.08,10016.28,14772.86,1,583
2024-01-24 02:00:00,1140.66,5524.57,8305.71,1,367
2024-01-24 03:00:00,797.51,3696.18,5417.07,1,210
2024-01-24 04:00:00,1614.47,7087.39,9562.35,1,240
2024-01-24 05:00:00,3592.04,15773.56,21405.73,1,606
2024-01-24 06:00:00,5909.87,28765.45,40233.04,1,1533
2024-01-24 07:00:00,11462.81,65691.24,94156.73,1,3842
2024-01-24 08:00:00,13177.01,83430.95,120809.88,1,5124
2024-01-24 09:00:00,13758.37,87251.87,126944.78,1,5148
2024-01-24 10:00:00,13282.77,85706.82,124306.34,1,4842
2024-01-24 11:00:00,13843.37,92176.55,131899.32,1,5135
2024-01-24 12:00:00,73812.58,102476.05,148051.5,1,5816
2024-01-24 13:00:00,17217.05,110064.52,156968.13,1,5828
2024-01-24 14:00:00,18518.55,118772.7,170323.92,1,6402
2024-01-24 15:00:00,20079.26,125289.86,179714.85,1,6570
2024-01-24 16:00:00,20129.95,125065.96,195510.34,1,6514
2024-01-24 17:00:00,20254.09,133513.8,212323.73,1,7515
2024-01-24 18:00:00,19544.04,128140.88,210566.8,1,7948
2024-01-24 19:00:00,19865.27,115393.67,189585.25,1,7069
2024-01-24 20:00:00,19665.16,109078.32,166822.15,1,6536
2024-01-24 21:00:00,19760.78,106315.67,162524.47,1,6200
2024-01-24 22:00:00,18631.81,98968.3,148607.72,1,5670
2024-01-24 23:00:00,14373.42,70812.45,103784.04,1,3575
2024-01-25 00:00:00,6641.03,32306.68,47186.15,1,1677
2024-01-25 01:00:00,2346.58,11775.03,17528.69,1,728
2024-01-25 02:00:00,1145.44,5845.27,8471.73,1,379
2024-01-25 03:00:00,1081.28,5185.63,7429.13,1,282
2024-01-25 04:00:00,1484.7,6869.46,9559.25,1,285
2024-01-25 05:00:00,4345.57,18990.01,26098.62,1,745
2024-01-25 06:00:00,6419.25,31412.92,44414.27,1,1747
2024-01-25 07:00:00,11822.8,66425.07,95628.58,1,3878
2024-01-25 08:00:00,113108.68999999999,101924.81,143993.17,1,5860
2024-01-25 09:00:00,14333.17,97363.21,140351.34,1,5680
2024-01-25 10:00:00,14391.43,93539.19,134032.78,1,5079
2024-01-25 11:00:00,13914.7,93314.2,132964.65,1,5052
2024-01-25 12:00:00,17077.09,105204.96,150439.57,1,5411
2024-01-25 13:00:00,17994.86,111702.11,159157.65,1,5643
2024-01-25 14:00:00,21426.03,125788.92,180884.1,1,6297
2024-01-25 15:00:00,21988.03,130245.13,186258.19,1,6579
2024-01-25 16:00:00,21690.38,127612.18,200166.87,1,6427
2024-01-25 17:00:00,22110.03,137848.18,218953.84,1,7577
2024-01-25 18:00:00,22342.19,142795.32,229499.89,1,8639
2024-01-25 19:00:00,20651.27,119284.05,193712.49,1,7081
2024-01-25 20:00:00,20893.62,115915.67,176539.4,1,6653
2024-01-25 21:00:00,22995.77,125614.21,189145.58,1,7184
2024-01-25 22:00:00,22084.6,121775.62,182688.62,1,6847
2024-01-25 23:00:00,16683.46,86048.68,127877.49,1,4588
2024-01-26 00:00:00,9713.23,49398.26,72542.75,1,2697
2024-01-26 01:00:00,4028.13,21895.32,32973.28,1,1394
2024-01-26 02:00:00,2203.0,11342.74,17176.82,1,786
2024-01-26 03:00:00,1693.17,8318.15,12506.23,1,517
2024-01-26 04:00:00,2434.04,11603.21,16000.83,1,461
2024-01-26 05:00:00,3943.51,18532.17,25887.4,1,698
2024-01-26 06:00:00,39281.32,35784.97,49099.18,1,1767
2024-01-26 07:00:00,11864.05,67850.11,95644.51,1,3835
2024-01-26 08:00:00,13817.38,82625.85,118607.05,1,4704
2024-01-26 09:00:00,13649.59,82291.47,118623.94,1,4616
2024-01-26 10:00:00,15342.46,91192.11,131618.55,1,5153
2024-01-26 11:00:00,14114.87,85791.97,124254.56999999999,1,4953
2024-01-26 12:00:00,17525.48,101004.48,144799.84,1,5315
2024-01-26 13:00:00,17275.94,101703.55,147556.57,1,5750
2024-01-26 14:00:00,20505.49,120523.94,174033.3,1,6344
2024-01-26 15:00:00,20281.47,120870.72,173564.94,1,6479
2024-01-26 16:00:00,20797.03,123017.08,191689.22,1,6309
2024-01-26 17:00:00,20671.0,123731.55,196723.57,1,6935
2024-01-26 18:00:00,18993.67,113950.48,187063.27,1,7135
2024-01-26 19:00:00,19311.05,114193.67,183027.46,1,6802
2024-01-26 20:00:00,15650.09,89808.34,136934.54,1,5359
2024-01-26 21:00:00,17347.34,97930.04,147715.98,1,5675
2024-01-26 22:00:00,19454.87,111439.47,166433.53,1,6294
2024-01-26 23:00:00,17817.45,100142.13,147760.39,1,5826
2024-01-27 00:00:00,14661.36,81994.5,124014.77,1,5036
2024-01-27 01:00:00,11019.95,63763.89,97182.28,1,4392
2024-01-27 02:00:00,8563.47,49741.38,74324.74,1,3454
2024-01-27 03:00:00,5379.3,29378.5,44459.05,1,1949
2024-01-27 04:00:00,3690.49,18714.25,27386.38,1,1079
2024-01-27 05:00:00,3007.41,13292.66,18314.18,1,482
2024-01-27 06:00:00,3670.46,16623.81,22609.81,1,707
2024-01-27 07:00:00,5347.17,24399.64,34237.11,1,1149
2024-01-27 08:00:00,7122.44,36240.42,52063.24,1,2121
2024-01-27 09:00:00,9450.72,50135.45,73871.47,1,3249
2024-01-27 10:00:00,11278.64,64299.01,94564.06,1,4335
2024-01-27 11:00:00,13219.95,77889.17,114415.11,1,5128
2024-01-27 12:00:00,15108.21,92977.86,135616.19,1,5960
2024-01-27 13:00:00,15800.67,100231.27,145186.38,1,6174
2024-01-27 14:00:00,17688.98,108445.57,155689.12,1,6184
2024-01-27 15:00:00,17448.36,109293.89,155949.36,1,6151
2024-01-27 16:00:00,19470.31,119143.64,171109.51,1,6623
2024-01-27 17:00:00,17582.01,113271.78,162229.09,1,6527
2024-01-27 18:00:00,17982.84,119619.82,170795.66,1,7044
2024-01-27 19:00:00,17189.95,111229.09,159919.69,1,6525
2024-01-27 20:00:00,15017.27,91197.09,136701.69,1,5351
2024-01-27 21:00:00,20261.15,118472.82,174142.63999999998,1,6780
2024-01-27 22:00:00,21262.75,125530.58,185146.99,1,7115
2024-01-27 23:00:00,20974.28,122621.99,182259.49,1,7000
2024-01-28 00:00:00,18226.09,110694.52,158599.71,1,6634
2024-01-28 01:00:00,13801.91,84296.01,123739.71,1,5538
2024-01-28 02:00:00,9111.69,54389.84,83654.47,1,3825
2024-01-28 03:00:00,6719.97,42357.99,60879.45,1,2702
2024-01-28 04:00:00,4888.26,27317.05,37973.23,1,1556
2024-01-28 05:00:00,2654.29,12431.16,17211.42,1,442
2024-01-28 06:00:00,3669.81,17172.3,23412.87,1,701
2024-01-28 07:00:00,6156.37,29103.69,39633.86,1,1259
2024-01-28 08:00:00,6336.56,31605.69,45177.75,1,1735
2024-01-28 09:00:00,8715.88,45590.97,66891.93,1,2811
2024-01-28 10:00:00,12352.2,65986.2,97105.96,1,4144
2024-01-28 11:00:00,13766.42,78363.84,115890.06999999999,1,5086
2024-01-28 12:00:00,16718.47,96143.68,141288.05,1,5954
2024-01-28 13:00:00,19326.3,116824.16,168559.29,1,6912
2024-01-28 14:00:00,19993.07,113562.29,164375.14,1,6449
2024-01-28 15:00:00,19602.08,109318.61,157777.2,1,5784
2024-01-28 16:00:00,19118.57,106044.08,152896.58,1,5426
2024-01-28 17:00:00,18729.03,102020.37,146543.1,1,5320
2024-01-28 18:00:00,16653.12,89956.85,131776.96,1,4917
2024-01-28 19:00:00,14272.08,72622.83,105005.46,1,3751
2024-01-28 20:00:00,16882.44,80545.98,118923.92,1,3798
2024-01-28 21:00:00,15952.85,76334.93,111945.96,1,3431
2024-01-28 22:00:00,15141.7,68737.45,99826.45,1,2843
2024-01-28 23:00:00,10380.99,46120.18,65687.71,1,1819
2024-01-29 00:00:00,6607.61,29281.82,41622.0,1,1121
2024-01-29 01:00:00,3283.4,14047.24,19415.31,1,533
2024-01-29 02:00:00,1078.28,5077.97,7480.7,1,265
2024-01-29 03:00:00,1090.21,5070.05,6920.23,1,226
2024-01-29 04:00:00,1494.96,7175.31,9734.65,1,255
2024-01-29 05:00:00,3196.16,15217.69,20978.17,1,643
2024-01-29 06:00:00,6568.26,31607.81,43387.909999999996,1,1468
2024-01-29 07:00:00,10861.04,59125.8,84222.61,1,3228
2024-01-29 08:00:00,12767.49,77180.86,109699.21,1,4417
2024-01-29 09:00:00,13770.85,84275.8,121427.58,1,4509
2024-01-29 10:00:00,13776.11,81114.0,116626.53,1,4384
2024-01-29 11:00:00,13343.69,79791.36,115002.43,1,4487
2024-01-29 12:00:00,14851.34,87357.6,125829.47,1,4896
2024-01-29 13:00:00,17048.72,95254.03,138299.13,1,5104
2024-01-29 14:00:00,19405.11,108691.53,155396.51,1,5582
2024-01-29 15:00:00,18643.91,105976.1,152232.53,1,5811
2024-01-29 16:00:00,19165.07,104399.47,165635.95,1,5582
2024-01-29 17:00:00,19252.74,109634.35,176824.37,1,6241
2024-01-29 18:00:00,17311.09,100058.61,165868.66,1,6378
2024-01-29 19:00:00,18066.69,92732.74,150450.6,1,5278
2024-01-29 20:00:00,16081.05,83311.2,128356.75,1,4817
2024-01-29 21:00:00,15909.95,80977.75,120904.07,1,4181
2024-01-29 22:00:00,13168.78,63727.86,94225.53,1,3148
2024-01-29 23:00:00,10370.25,46739.88,68023.87,1,1993
2024-01-30 00:00:00,7771.85,36783.56,52056.07,1,1662
2024-01-30 01:00:00,2175.37,10529.96,14682.92,1,487
2024-01-30 02:00:00,973.89,4443.72,6608.95,1,259
2024-01-30 03:00:00,628.1,2896.87,3987.2999999999997,1,157
2024-01-30 04:00:00,1215.91,5604.53,7690.01,1,202
2024-01-30 05:00:00,3683.14,15527.08,20876.31,1,603
2024-01-30 06:00:00,319912.62,33363.23,45490.77,1,1594
2024-01-30 07:00:00,10360.59,60251.31,86642.81,1,3710
2024-01-30 08:00:00,12444.99,81261.8,117786.22,1,4912
2024-01-30 09:00:00,13781.93,90300.81,130251.73,1,5034
2024-01-30 10:00:00,14303.08,91297.56,131228.42,1,5036
2024-01-30 11:00:00,13070.31,85983.99,123513.65,1,5006
2024-01-30 12:00:00,15084.16,96209.77,138660.38,1,5370
2024-01-30 13:00:00,15657.54,97149.57,140014.97,1,5575
2024-01-30 14:00:00,19486.86,116427.11,166962.31,1,6189
2024-01-30 15:00:00,18402.88,113191.03,163209.5,1,6374
2024-01-30 16:00:00,18974.87,111699.24,176839.55,1,6112
2024-01-30 17:00:00,19207.68,119161.95,192993.45,1,7056
2024-01-30 18:00:00,19048.24,120239.85,200235.82,1,7780
2024-01-30 19:00:00,19690.56,113421.75,188494.64,1,7247
2024-01-30 20:00:00,19132.69,107869.56,166373.06,1,6709
2024-01-30 21:00:00,19086.35,105707.61,163375.45,1,6607
2024-01-30 22:00:00,16188.55,86069.64,130145.33,1,4959
2024-01-30 23:00:00,9815.31,49414.49,72671.67,1,2593
2024-01-31 00:00:00,5677.67,26398.82,37970.56,1,1287
2024-01-31 01:00:00,1632.07,8493.01,12455.96,1,511
2024-01-31 02:00:00,950.09,5392.63,7953.43,1,316
2024-01-31 03:00:00,756.15,3842.65,5460.29,1,191
2024-01-31 04:00:00,1560.03,6928.5,9540.66,1,252
2024-01-31 05:00:00,3615.84,17003.3,23103.78,1,642
2024-01-31 06:00:00,5858.41,29076.91,40986.5,1,1582
2024-01-31 07:00:00,31638.079999999998,59437.25,86438.24,1,3647
2024-01-31 08:00:00,13262.75,86719.63,124215.83,1,5244
2024-01-31 09:00:00,13895.03,91023.57,131552.15,1,5333
2024-01-31 10:00:00,13273.41,86951.83,125771.93,1,4955
2024-01-31 11:00:00,13534.54,89604.91,128993.63,1,5132
2024-01-31 12:00:00,15685.15,101653.43,145979.67,1,5640
2024-01-31 13:00:00,16039.62,101750.71,146513.9,1,5731
2024-01-31 14:00:00,18164.34,113736.99,163695.44,1,6121
2024-01-31 15:00:00,19340.37,117561.45,168665.0,1,6299
2024-01-31 16:00:00,18957.06,117043.83,184310.55,1,6273
2024-01-31 17:00:00,19355.62,123765.09,198536.91,1,7093
2024-01-31 18:00:00,20676.98,127698.65,208127.22,1,7796
2024-01-31 19:00:00,19210.85,107634.14,176524.54,1,6622
2024-01-31 20:00:00,18645.07,103342.84,160054.8,1,6351
2024-01-31 21:00:00,20326.14,110129.7,166970.92,1,6606
2024-01-31 22:00:00,18257.27,95543.41,144444.75,1,5435
2024-01-31 23:00:00,11917.16,59047.58,87631.29,1,3061
2024-02-01 00:00:00,12.25,58.0,90.47,2,3
2024-01-31 23:00:00,34.989999999999995,173.3,257.17,1,11
2024-02-01 00:00:00,6701.43,31769.05,46535.86,1,1629
2024-02-01 01:00:00,2314.45,12407.39,18413.88,1,773
2024-02-01 02:00:00,1478.31,7248.16,10625.16,1,452
2024-02-01 03:00:00,51161.68,7001.94,9998.26,1,350
2024-02-01 04:00:00,1750.81,8091.51,11229.25,1,300
2024-02-01 05:00:00,4143.43,18655.46,25300.829999999998,1,690
2024-02-01 06:00:00,6786.58,33527.16,46766.36,1,1689
2024-02-01 07:00:00,12493.48,70374.43,99569.57,1,4029
2024-02-01 08:00:00,13751.86,84770.53,123056.87,1,5186
2024-02-01 09:00:00,14414.04,89956.41,129604.77,1,5199
2024-02-01 10:00:00,15518.0,95299.84,137280.83,1,5238
2024-02-01 11:00:00,15055.49,95408.36,137161.53,1,5231
2024-02-01 12:00:00,17475.88,105921.2,152757.98,1,5807
2024-02-01 13:00:00,18522.28,111379.05,160757.84,1,5992
2024-02-01 14:00:00,21079.05,126989.05,181965.83,1,6571
2024-02-01 15:00:00,19895.49,121072.01,174664.13,1,6473
2024-02-01 16:00:00,21722.63,130678.72,203780.65,1,6564
2024-02-01 17:00:00,22471.77,141547.35,224049.37,1,7647
2024-02-01 18:00:00,22642.83,142501.04,231381.2,1,8357
2024-02-01 19:00:00,20203.84,120316.11,195366.98,1,7111
2024-02-01 20:00:00,20841.26,117857.51,178297.29,1,6575
2024-02-01 21:00:00,20996.67,116201.57,176324.27,1,6750
2024-02-01 22:00:00,21156.25,118108.15,177664.86,1,6821
2024-02-01 23:00:00,16216.46,83997.86,123766.67,1,4560
2024-02-02 00:00:00,8566.16,43900.44,65192.42,1,2512
2024-02-02 01:00:00,4238.2,22466.98,33462.32,1,1413
2024-02-02 02:00:00,2149.98,11727.42,17420.15,1,777
2024-02-02 03:00:00,1686.08,8645.22,12493.18,1,479
2024-02-02 04:00:00,2482.25,12070.71,16739.04,1,462
2024-02-02 05:00:00,3683.79,17413.33,23975.51,1,663
2024-02-02 06:00:00,6351.29,30428.9,42283.71,1,1424
2024-02-02 07:00:00,10408.72,56619.57,81419.26,1,3181
2024-02-02 08:00:00,13877.75,83785.37,120050.67,1,4819
2024-02-02 09:00:00,14236.42,89960.65,129081.97,1,5120
2024-02-02 10:00:00,13729.74,88446.78,126456.18,1,4831
2024-02-02 11:00:00,13723.31,90134.26,130256.35,1,5317
2024-02-02 12:00:00,16720.77,102389.9,147070.99,1,5756
2024-02-02 13:00:00,16726.57,99780.65,145018.96,1,5513
2024-02-02 14:00:00,18870.97,114406.11,164859.23,1,6072
2024-02-02 15:00:00,19221.71,116756.56,168304.38,1,6411
2024-02-02 16:00:00,20160.3,116903.37,184888.56,1,6289
2024-02-02 17:00:00,20853.02,123475.51,198126.86,1,7148
2024-02-02 18:00:00,19930.33,121171.24,196346.66,1,7476
2024-02-02 19:00:00,18005.25,106665.34,174184.42,1,6623
2024-02-02 20:00:00,16791.95,95539.96,145604.36,1,5579
2024-02-02 21:00:00,16367.5,97161.7,147161.57,1,5962
2024-02-02 22:00:00,16803.5,97315.63,147589.12,1,5876
2024-02-02 23:00:00,16989.81,95307.33,144952.87,1,5767
2024-02-03 00:00:00,15383.76,89309.82,133135.55,1,5693
2024-02-03 01:00:00,11920.7,69604.04,106144.58,1,4849
2024-02-03 02:00:00,7591.4,42996.47,66862.12,1,3092
2024-02-03 03:00:00,5103.48,28215.39,42776.33,1,1914
2024-02-03 04:00:00,3375.75,17463.89,24933.73,1,955
2024-02-03 05:00:00,2542.72,11491.96,16421.78,1,419
2024-02-03 06:00:00,3215.29,14686.55,20449.44,1,659
2024-02-03 07:00:00,5377.05,25315.96,35257.08,1,1163
2024-02-03 08:00:00,6061.82,31647.66,46187.89,1,1975
2024-02-03 09:00:00,9062.33,47039.5,69402.1,1,3094
2024-02-03 10:00:00,11114.96,62680.15,93094.15,1,4236
2024-02-03 11:00:00,11910.16,71169.88,105095.97,1,4837
2024-02-03 12:00:00,13750.45,82400.03,121599.69,1,5349
2024-02-03 13:00:00,15330.74,92714.32,134560.06,1,5706
2024-02-03 14:00:00,17587.36,104396.13,150653.13,1,5899
2024-02-03 15:00:00,17926.14,106614.23,153243.53,1,6206
2024-02-03 16:00:00,20806.26,124744.37,179340.34,1,7172
2024-02-03 17:00:00,18964.16,118654.47,171233.34,1,7029
2024-02-03 18:00:00,18215.64,115870.84,168134.26,1,7063
2024-02-03 19:00:00,18385.04,122975.19,174995.08,1,7269
2024-02-03 20:00:00,17196.39,104743.86,153885.5,1,5993
2024-02-03 21:00:00,15962.9,98056.44,147010.7,2,5871
2024-02-03 22:00:00,18137.29,112430.31,168419.4,1,6745
2024-02-03 23:00:00,20541.52,126257.4,184488.72,1,7415
2024-02-04 00:00:00,16964.48,97789.94,148049.98,1,6226
2024-02-04 01:00:00,12616.31,76515.12,115681.4,1,5097
2024-02-04 02:00:00,10241.44,62528.11,92313.06,1,4191
2024-02-04 03:00:00,6845.31,38074.57,57332.61,1,2568
2024-02-04 04:00:00,4305.38,21408.96,31306.19,1,1194
2024-02-04 05:00:00,2689.44,12617.96,17157.32,1,450
2024-02-04 06:00:00,3794.12,16314.27,22052.44,1,681
2024-02-04 07:00:00,5178.11,23544.3,33144.2,1,1153
2024-02-04 08:00:00,6872.2300000000005,34046.29,48313.94,1,1809
2024-02-04 09:00:00,9778.98,49029.47,70955.9,1,2858
2024-02-04 10:00:00,12128.85,62844.06,92721.81,1,3895
2024-02-04 11:00:00,13714.73,74907.94,110148.41,1,4660
2024-02-04 12:00:00,15624.07,85516.24,124805.19,1,5074
2024-02-04 13:00:00,18515.46,102487.53,147306.41,1,5367
2024-02-04 14:00:00,18859.16,103474.83,149147.59,1,5315
2024-02-04 15:00:00,19246.58,106854.24,152142.83,1,5389
2024-02-04 16:00:00,21711.09,117574.38,168544.28,1,5691
2024-02-04 17:00:00,17790.07,101792.53,146331.74,1,5411
2024-02-04 18:00:00,19635.31,106969.42,153385.75,1,5295
2024-02-04 19:00:00,17019.38,86534.42,124607.55,1,4307
2024-02-04 20:00:00,15054.24,74521.61,111649.05,1,3753
2024-02-04 21:00:00,14859.91,72333.79,105958.21,1,3352
2024-02-04 22:00:00,13472.44,64016.6,92994.13,1,2716
2024-02-04 23:00:00,9344.95,41186.62,59470.61,1,1639
2024-02-05 00:00:00,6264.56,27218.43,38367.4,1,1010
2024-02-05 01:00:00,3210.78,14338.56,19962.25,1,518
2024-02-05 02:00:00,1450.57,7018.73,9725.76,1,290
2024-02-05 03:00:00,962.01,4295.96,5985.6,1,202
2024-02-05 04:00:00,1242.7,5741.75,7812.64,1,214
2024-02-05 05:00:00,4007.86,17694.75,23927.39,1,652
2024-02-05 06:00:00,6015.6,29747.82,41396.19,1,1551
2024-02-05 07:00:00,11738.62,63767.7,90400.29,1,3557
2024-02-05 08:00:00,46829.3,81657.65,118233.31,1,4845
2024-02-05 09:00:00,14952.64,86431.02,125793.02,1,4901
2024-02-05 10:00:00,13337.18,80420.29,116897.08,1,4581
2024-02-05 11:00:00,14815.96,85556.34,122887.36,1,4620
2024-02-05 12:00:00,16046.36,91031.47,131002.96,1,4980
2024-02-05 13:00:00,17972.54,98501.66,140272.64,1,5078
2024-02-05 14:00:00,18657.18,103769.01,150004.49,1,5492
2024-02-05 15:00:00,19528.43,110815.43,159920.27,1,5957
2024-02-05 16:00:00,19221.87,107720.58,171719.9,1,5904
2024-02-05 17:00:00,19548.49,112276.02,181601.4,1,6548
2024-02-05 18:00:00,20410.36,114343.77,187506.91,1,6860
2024-02-05 19:00:00,17669.33,93251.21,152298.02,1,5556
2024-02-05 20:00:00,16877.78,87949.42,134754.86,1,5208
2024-02-05 21:00:00,16359.13,83910.9,127545.64,1,4743
2024-02-05 22:00:00,12730.98,62721.95,93686.25,1,3258
2024-02-05 23:00:00,9558.07,43394.07,63255.409999999996,1,1896
2024-02-06 00:00:00,6144.61,26975.83,37502.0,1,983
2024-02-06 01:00:00,1752.85,8021.49,11323.14,1,407
2024-02-06 02:00:00,936.07,3968.2,5580.75,1,213
2024-02-06 03:00:00,675.32,3266.85,4417.69,1,161
2024-02-06 04:00:00,1524.87,6963.6,9076.33,1,243
2024-02-06 05:00:00,2430.69,11250.539999999999,15968.71,1,533
2024-02-06 06:00:00,5870.59,29352.77,40937.69,1,1586
2024-02-06 07:00:00,10965.23,62649.72,90485.1,1,3726
2024-02-06 08:00:00,14399.97,93217.25,133951.33,1,5601
2024-02-06 09:00:00,89802.73,97541.99,140104.0,1,5573
2024-02-06 10:00:00,14570.34,94973.29,136336.29,1,5226
2024-02-06 11:00:00,14461.31,96693.97,138361.97,1,5312
2024-02-06 12:00:00,16307.24,106272.43,152672.07,1,5788
2024-02-06 13:00:00,20315.24,104071.2,149055.07,1,5546
2024-02-06 14:00:00,19434.32,118893.33,170661.24,1,6167
2024-02-06 15:00:00,18517.26,114864.04,165265.17,1,6367
2024-02-06 16:00:00,19483.76,116931.46,185350.92,1,6333
2024-02-06 17:00:00,18540.92,119054.31,193660.04,1,7211
2024-02-06 18:00:00,19228.45,123766.21,203095.72,1,7805
2024-02-06 19:00:00,18648.3,105224.4,171815.74,1,6403
2024-02-06 20:00:00,19295.49,104464.73,160077.71,1,6118
2024-02-06 21:00:00,21312.84,115477.74,175846.83,1,6917
2024-02-06 22:00:00,17091.2,90943.29,136719.15,1,5250
2024-02-06 23:00:00,10308.99,50712.56,75511.3,1,2683
2024-02-07 00:00:00,4596.7300000000005,23094.85,33790.77,1,1191
2024-02-07 01:00:00,1356.71,7426.05,11072.32,1,494
2024-02-07 02:00:00,976.28,4669.08,6875.29,1,295
2024-02-07 03:00:00,673.7,3170.0,4483.72,1,180
2024-02-07 04:00:00,1969.36,8517.71,11414.07,1,281
2024-02-07 05:00:00,3547.6,16100.26,22370.29,1,642
2024-02-07 06:00:00,229126.42,32349.84,45320.73,1,1637
2024-02-07 07:00:00,10981.7,64055.64,91657.39,1,3816
2024-02-07 08:00:00,13113.32,86026.73,125305.0,1,5136
2024-02-07 09:00:00,13726.14,89483.52,129047.96,1,5183
2024-02-07 10:00:00,14424.29,92478.21,133893.34,1,5019
2024-02-07 11:00:00,14102.1,92178.78,132053.91,1,5089
2024-02-07 12:00:00,15107.63,102578.87,146768.45,1,5453
2024-02-07 13:00:00,16802.73,111506.71,157357.27,1,5298
2024-02-07 14:00:00,17728.47,123232.73,172912.97,1,5739
2024-02-07 15:00:00,19810.14,125906.61,179389.52,1,6078
2024-02-07 16:00:00,20542.86,128050.72,198471.86,1,6285
2024-02-07 17:00:00,20165.97,134971.03,213988.87,1,7439
2024-02-07 18:00:00,21292.24,136236.46,221737.21,1,8144
2024-02-07 19:00:00,20237.7,120804.88,194477.02,1,7007
2024-02-07 20:00:00,19530.24,110511.02,169217.46,1,6515
2024-02-07 21:00:00,21380.94,115684.55,177160.88999999998,1,6870
2024-02-07 22:00:00,19832.97,104674.64,156851.63,1,5958
2024-02-07 23:00:00,12604.53,63177.17,92818.74,1,3222
2024-02-08 00:00:00,5430.75,27358.68,40990.78,1,1591
2024-02-08 01:00:00,2242.18,11792.32,17504.8,1,701
2024-02-08 02:00:00,1376.77,6417.44,9549.82,1,410
2024-02-08 03:00:00,1076.93,5338.31,7730.98,1,283
2024-02-08 04:00:00,2127.39,9598.82,13028.41,1,335
2024-02-08 05:00:00,4452.88,20185.28,27652.31,1,717
2024-02-08 06:00:00,7165.9,34510.53,48365.57,1,1698
2024-02-08 07:00:00,65502.11,64369.07,92925.56,1,3774
2024-02-08 08:00:00,14278.47,92169.15,131918.44,1,5372
2024-02-08 09:00:00,14921.3,96010.0,136996.02,1,5322
2024-02-08 10:00:00,14104.21,92028.51,132803.17,1,4989
2024-02-08 11:00:00,14948.82,97539.92,139172.53,1,5179
2024-02-08 12:00:00,17011.7,109414.62,155757.82,1,5697
2024-02-08 13:00:00,19251.83,113889.34,163437.97,1,5727
2024-02-08 14:00:00,21827.88,128386.04,183201.95,1,6360
2024-02-08 15:00:00,67590.56999999999,134442.66,192484.03,1,6684
2024-02-08 16:00:00,22232.34,132339.28,209347.36,1,6870
2024-02-08 17:00:00,23657.18,144735.7,231785.38,1,8131
2024-02-08 18:00:00,25463.36,161269.26,258975.45,1,9802
2024-02-08 19:00:00,24416.68,140040.46,225112.68,1,8002
2024-02-08 20:00:00,23753.7,133646.8,201502.18,1,7265
2024-02-08 21:00:00,40713.53,136060.0,204555.88,1,7779
2024-02-08 22:00:00,22623.29,126765.34,189346.15,1,7083
2024-02-08 23:00:00,15407.32,78529.56,118118.34,1,4292
2024-02-09 00:00:00,9675.65,49754.99,72565.46,1,2637
2024-02-09 01:00:00,4133.62,22381.26,33756.68,1,1448
2024-02-09 02:00:00,2218.91,12264.28,18403.32,1,831
2024-02-09 03:00:00,2014.8799999999999,10234.54,14834.42,1,553
2024-02-09 04:00:00,2674.31,12943.42,18105.46,1,488
2024-02-09 05:00:00,55624.03,19047.22,26307.69,1,674
2024-02-09 06:00:00,6880.18,31943.34,44314.33,1,1494
2024-02-09 07:00:00,82379.23000000001,66122.94,93367.48,1,3498
2024-02-09 08:00:00,95941.99,71749.65,104446.85,1,4261
2024-02-09 09:00:00,49578.26,81994.58,118488.66,1,4538
2024-02-09 10:00:00,113697.51,91604.52,130995.13,1,4852
2024-02-09 11:00:00,14811.11,87921.69,127042.24,1,4860
2024-02-09 12:00:00,16654.55,98867.8,142719.67,1,5347
2024-02-09 13:00:00,18168.33,105666.0,152284.25,1,5560
2024-02-09 14:00:00,21576.81,127216.38,181778.79,1,6358
2024-02-09 15:00:00,19488.26,120668.63,173066.85,1,6374
2024-02-09 16:00:00,23600.08,137573.51,213354.41,1,6880
2024-02-09 17:00:00,22490.28,133561.09,213273.85,1,7617
2024-02-09 18:00:00,23946.47,143670.92,233488.73,1,8708
2024-02-09 19:00:00,22232.15,136214.93,213563.69,1,8008
2024-02-09 20:00:00,19511.55,109588.14,162714.41,1,6239
2024-02-09 21:00:00,18124.85,103653.53,156962.35,1,6070
2024-02-09 22:00:00,20546.34,115863.64,173738.93,1,6575
2024-02-09 23:00:00,20230.66,112805.89,165819.7,1,6632
2024-02-10 00:00:00,14422.63,83205.73,126428.18,1,5348
2024-02-10 01:00:00,11436.73,69469.18,104975.05,1,4682
2024-02-10 02:00:00,8167.88,48041.8,72494.07,1,3386
2024-02-10 03:00:00,5336.88,29485.55,44333.23,1,1926
2024-02-10 04:00:00,3622.3,18425.72,26598.74,1,973
2024-02-10 05:00:00,2493.26,10993.52,15245.25,1,439
2024-02-10 06:00:00,4133.2,18241.74,24935.46,1,768
2024-02-10 07:00:00,159683.52,22478.45,31672.48,1,1157
2024-02-10 08:00:00,7370.33,36876.92,53127.42,1,2103
2024-02-10 09:00:00,9722.19,51536.81,76096.82,1,3409
2024-02-10 10:00:00,84882.43,63857.57,94238.5,1,4234
2024-02-10 11:00:00,13578.54,78177.3,114783.65,1,5078
2024-02-10 12:00:00,16178.24,95288.76,138551.24,1,5952
2024-02-10 13:00:00,18110.59,104805.85,151768.43,1,6261
2024-02-10 14:00:00,18615.08,108716.31,155994.07,1,6146
2024-02-10 15:00:00,19013.19,112008.47,160006.17,1,6279
2024-02-10 16:00:00,20742.58,124402.53,177366.91,1,6801
2024-02-10 17:00:00,19367.13,122981.97,174855.7,1,6905
2024-02-10 18:00:00,21964.58,138997.61,196307.62,1,7902
2024-02-10 19:00:00,21136.8,130578.02,185579.4,1,7409
2024-02-10 20:00:00,16786.07,99710.35,147501.62,1,5563
2024-02-10 21:00:00,17124.6,101550.08,150207.82,1,5797
2024-02-10 22:00:00,20419.0,122665.71,180593.79,1,6708
2024-02-10 23:00:00,19041.02,112132.84,167004.84,1,6429
2024-02-11 00:00:00,16899.62,102899.91,149426.55,1,6279
2024-02-11 01:00:00,12788.83,75668.93,113388.38,1,5109
2024-02-11 02:00:00,9004.69,51525.99,78781.68,1,3504
2024-02-11 03:00:00,6573.27,35756.09,52626.96,1,2377
2024-02-11 04:00:00,5336.61,27589.3,38110.8,1,1424
2024-02-11 05:00:00,3260.12,15369.09,20815.41,1,507
2024-02-11 06:00:00,4628.89,20448.57,27802.8,1,771
2024-02-11 07:00:00,35232.29,26004.88,36040.5,1,1162
2024-02-11 08:00:00,8704.32,41027.4,58148.17,1,1938
2024-02-11 09:00:00,10440.38,51510.69,74396.99,1,3026
2024-02-11 10:00:00,12947.93,67604.49,99378.85,1,4147
2024-02-11 11:00:00,13807.06,73873.28,109520.35,1,4770
2024-02-11 12:00:00,82736.12000000001,86511.67,127466.77,1,5263
2024-02-11 13:00:00,19256.54,103438.53,150092.35,1,5728
2024-02-11 14:00:00,19696.65,105766.37,153015.12,1,5514
2024-02-11 15:00:00,19605.1,103028.08,147957.61,1,5198
2024-02-11 16:00:00,22988.62,121248.24,173736.66,1,6188
2024-02-11 17:00:00,22976.58,132564.09,189858.97,1,7590
2024-02-11 18:00:00,21147.9,111206.75,161754.31,1,6117
2024-02-11 19:00:00,15006.13,72606.81,104186.35,1,3406
2024-02-11 20:00:00,14762.32,71420.6,105515.06,1,3529
2024-02-11 21:00:00,14707.35,69380.47,102090.88,1,3383
2024-02-11 22:00:00,15875.0,79211.21,113862.39,1,3615
2024-02-11 23:00:00,23837.55,139412.9,188806.2,1,6021
2024-02-12 00:00:00,8106.49,38649.87,54072.909999999996,1,1691
2024-02-12 01:00:00,2181.09,11320.43,16226.97,1,610
2024-02-12 02:00:00,1062.97,5597.29,8155.68,1,323
2024-02-12 03:00:00,898.14,4486.08,6552.79,1,259
2024-02-12 04:00:00,2083.43,9532.01,13020.85,1,341
2024-02-12 05:00:00,4088.95,18169.93,24400.99,1,710
2024-02-12 06:00:00,7767.44,36307.45,49821.89,1,1665
2024-02-12 07:00:00,11832.45,62339.56,89555.69,1,3471
2024-02-12 08:00:00,13957.55,85699.67,123430.39,1,4967
2024-02-12 09:00:00,14450.48,85006.95,124124.34,1,4889
2024-02-12 10:00:00,15018.81,86909.0,125872.14,1,4777
2024-02-12 11:00:00,13814.64,81017.1,117112.63,1,4489
2024-02-12 12:00:00,16440.7,94395.79,135765.12,1,5105
2024-02-12 13:00:00,18018.92,100436.47,143844.09,1,5285
2024-02-12 14:00:00,19335.92,109705.66,156874.0,1,5748
2024-02-12 15:00:00,20560.76,117743.93,167778.81,1,6153
2024-02-12 16:00:00,20002.52,112268.01,175766.08,1,5878
2024-02-12 17:00:00,20529.56,118483.35,190705.39,1,6822
2024-02-12 18:00:00,21257.7,122755.36,198244.37,1,7404
2024-02-12 19:00:00,19162.97,100189.59,161273.49,1,5628
2024-02-12 20:00:00,18723.77,97565.12,147980.47,1,5383
2024-02-12 21:00:00,16790.79,86975.76,131328.98,1,4956
2024-02-12 22:00:00,12737.58,64390.8,96220.85,1,3387
2024-02-12 23:00:00,9808.75,45867.57,66720.02,1,2149
2024-02-13 00:00:00,4862.99,22118.03,31554.25,1,1066
2024-02-13 01:00:00,2143.53,9936.94,14207.86,1,463
2024-02-13 02:00:00,1121.22,5691.61,8008.88,1,274
2024-02-13 03:00:00,702.16,4039.39,5444.06,1,158
2024-02-13 04:00:00,1286.79,5655.59,8032.3,1,197
2024-02-13 05:00:00,2059.67,9518.02,13530.93,1,481
2024-02-13 06:00:00,4607.93,21661.84,30525.93,1,1214
2024-02-13 07:00:00,6112.07,33750.6,49349.24,1,2300
2024-02-13 08:00:00,7179.29,42861.72,63868.92,1,3049
2024-02-13 09:00:00,7179.34,43446.49,64397.63,1,3069
2024-02-13 10:00:00,7257.91,42867.84,63275.61,1,3120
2024-02-13 11:00:00,7099.61,43521.17,65053.45,1,3161
2024-02-13 12:00:00,8855.99,49770.69,74504.57,1,3449
2024-02-13 13:00:00,11182.08,59638.61,88226.96,1,3737
2024-02-13 14:00:00,14628.15,74107.48,107195.01,1,4105
2024-02-13 15:00:00,14023.28,71378.09,103869.31999999999,1,4062
2024-02-13 16:00:00,14421.49,75180.01,120583.45,1,4284
2024-02-13 17:00:00,15720.51,84300.33,139642.27,1,5254
2024-02-13 18:00:00,14077.99,80063.85,135932.11,1,5446
2024-02-13 19:00:00,13618.71,72790.29,120642.19,1,4804
2024-02-13 20:00:00,13860.85,70915.36,108847.55,1,4280
2024-02-13 21:00:00,15597.05,80747.28,124095.63,1,4850
2024-02-13 22:00:00,12833.0,64610.1,95936.3,1,3701
2024-02-13 23:00:00,11101.64,49996.02,73174.08,1,2543
2024-02-14 00:00:00,5647.76,25926.62,36543.23,1,1157
2024-02-14 01:00:00,2345.37,11505.789999999999,16192.13,1,553
2024-02-14 02:00:00,1350.94,6471.97,8905.61,1,293
2024-02-14 03:00:00,1192.09,5279.74,7077.9,1,211
2024-02-14 04:00:00,2373.79,10018.97,13425.31,1,293
2024-02-14 05:00:00,77506.42,20436.83,28430.37,1,739
2024-02-14 06:00:00,50799.81,31995.18,45386.46,1,1721
2024-02-14 07:00:00,105772.95000000001,68294.55,99106.69,1,4157
2024-02-14 08:00:00,15531.34,105270.91,150060.86,1,6349
2024-02-14 09:00:00,14984.2,98980.8,142815.98,1,5987
2024-02-14 10:00:00,14285.25,93235.45,135045.99,1,5400
2024-02-14 11:00:00,14562.4,99630.08,143249.52,1,5775
2024-02-14 12:00:00,16384.42,109318.2,156951.56,1,6097
2024-02-14 13:00:00,18555.09,116060.99,164806.16,1,6066
2024-02-14 14:00:00,20125.34,128084.32,182581.47,1,6725
2024-02-14 15:00:00,21000.87,137734.6,196563.94,1,7437
2024-02-14 16:00:00,22997.8,142496.2,222232.43,1,7365
2024-02-14 17:00:00,23310.76,157885.61,250719.24,1,8995
2024-02-14 18:00:00,46447.78,180353.58,284698.43,1,10953
2024-02-14 19:00:00,23945.8,149928.14,240770.97,1,9265
2024-02-14 20:00:00,20771.03,123918.03,185548.84,1,7213
2024-02-14 21:00:00,20000.12,122684.06,181783.96,1,7341
2024-02-14 22:00:00,19206.79,111587.15,164429.13999999998,1,6573
2024-02-14 23:00:00,15412.02,85557.8,124342.13,1,5106
2024-02-15 00:00:00,6980.56,37691.79,54230.66,1,2275
2024-02-15 01:00:00,2413.73,13128.26,19493.18,1,849
2024-02-15 02:00:00,1586.8,7844.65,11492.15,1,503
2024-02-15 03:00:00,1328.8799999999999,6783.2,9729.76,1,358
2024-02-15 04:00:00,2553.26,11831.98,16072.0,1,446
2024-02-15 05:00:00,4879.91,22222.54,30129.73,1,894
2024-02-15 06:00:00,8574.33,42833.05,58683.5,1,2256
2024-02-15 07:00:00,14198.03,82447.92,116127.0,1,4848
2024-02-15 08:00:00,16350.08,110960.04,156672.8,1,6621
2024-02-15 09:00:00,16286.42,103975.48,148353.7,1,5964
2024-02-15 10:00:00,14971.27,95752.82,138186.36,1,5395
2024-02-15 11:00:00,15683.44,104199.6,148231.89,1,5594
2024-02-15 12:00:00,17684.32,112028.09,159735.8,1,5951
2024-02-15 13:00:00,19187.53,119061.99,168850.62,1,6070
2024-02-15 14:00:00,21556.8,131040.01,186584.13,1,6768
2024-02-15 15:00:00,22036.12,134220.56,191322.98,1,6954
2024-02-15 16:00:00,22983.05,139365.84,217909.98,1,7294
2024-02-15 17:00:00,22602.89,149167.62,235610.37,1,8558
2024-02-15 18:00:00,25587.94,164101.06,259815.41,1,9870
2024-02-15 19:00:00,23559.42,135822.55,217244.7,1,8042
2024-02-15 20:00:00,23175.28,130921.36,197625.24,1,7481
2024-02-15 21:00:00,22920.64,131276.41,198059.76,1,7887
2024-02-15 22:00:00,22199.21,122559.21,182037.57,1,7078
2024-02-15 23:00:00,16996.88,89578.68,131200.92,1,5000
2024-02-16 00:00:00,9475.6,47167.71,68678.78,1,2529
2024-02-16 01:00:00,3990.58,20749.52,30892.84,1,1306
2024-02-16 02:00:00,2551.37,12491.84,18617.11,1,759
2024-02-16 03:00:00,1986.51,9566.5,13742.24,1,533
2024-02-16 04:00:00,2670.83,12714.68,17610.829999999998,1,473
2024-02-16 05:00:00,53068.259999999995,20354.69,27860.49,1,728
2024-02-16 06:00:00,7739.5,36991.43,50469.63,1,1669
2024-02-16 07:00:00,10876.69,59395.02,83619.55,1,3350
2024-02-16 08:00:00,13250.7,75333.93,108346.29,1,4448
2024-02-16 09:00:00,13815.06,81575.95,117942.88,1,4645
2024-02-16 10:00:00,15692.32,92223.5,132740.72,1,5032
2024-02-16 11:00:00,15487.96,94375.55,135431.39,1,5158
2024-02-16 12:00:00,16995.02,101284.31,145308.2,1,5544
2024-02-16 13:00:00,20037.55,113894.43,162501.71,1,5798
2024-02-16 14:00:00,20794.41,125713.17,178106.72,1,6309
2024-02-16 15:00:00,21826.95,138974.11,195341.84,1,6646
2024-02-16 16:00:00,21822.63,135881.31,207255.88,1,6480
2024-02-16 17:00:00,20713.51,132223.85,205720.18,1,7001
2024-02-16 18:00:00,21780.76,134107.04,211229.36,1,7687
2024-02-16 19:00:00,22565.94,131602.59,204831.92,1,7416
2024-02-16 20:00:00,15483.83,91130.33,137279.28,1,5382
2024-02-16 21:00:00,19149.8,105138.46,157033.16,1,5839
2024-02-16 22:00:00,18636.66,103043.89,154685.58,1,5870
2024-02-16 23:00:00,16142.32,90149.22,134235.98,1,5239
2024-02-17 00:00:00,13486.64,76841.94,113576.37,1,5019
2024-02-17 01:00:00,10718.03,63530.45,94797.61,1,4477
2024-02-17 02:00:00,8151.24,48702.32,72141.58,1,3414
2024-02-17 03:00:00,6283.38,36616.58,52428.14,1,2448
2024-02-17 04:00:00,5272.63,30206.78,40838.62,1,1568
2024-02-17 05:00:00,3084.13,16027.4,21487.03,1,649
2024-02-17 06:00:00,4390.05,20373.36,27141.73,1,880
2024-02-17 07:00:00,6214.14,28134.26,38600.38,1,1203
2024-02-17 08:00:00,6641.9,32370.31,46055.82,1,1774
2024-02-17 09:00:00,8300.73,43903.45,64328.81,1,2763
2024-02-17 10:00:00,10595.35,57575.88,84236.08,1,3619
2024-02-17 11:00:00,12671.37,71833.87,105763.98,1,4560
2024-02-17 12:00:00,14015.14,82558.07,119655.44,1,5090
2024-02-17 13:00:00,15705.42,92805.44,133723.0,1,5459
2024-02-17 14:00:00,18995.13,106089.94,150986.11,1,5612
2024-02-17 15:00:00,19146.23,108235.24,154514.92,1,5788
2024-02-17 16:00:00,18318.91,107612.11,153468.09,1,5912
2024-02-17 17:00:00,18325.15,116749.05,166871.03,1,6542
2024-02-17 18:00:00,18187.94,118363.5,169727.88999999998,1,6938
2024-02-17 19:00:00,18664.95,116634.21,165165.36,1,6890
2024-02-17 20:00:00,16331.27,98123.25,145069.55,1,5825
2024-02-17 21:00:00,103819.19,92607.82,138554.73,2,5756
2024-02-17 22:00:00,18805.62,109993.45,162676.6,1,6587
2024-02-17 23:00:00,19968.04,116213.15,167981.76,1,7038
2024-02-18 00:00:00,18514.01,108570.3,156078.76,1,6736
2024-02-18 01:00:00,13866.52,80390.45,117538.61,1,5437
2024-02-18 02:00:00,9392.15,54749.6,80741.65,1,3760
2024-02-18 03:00:00,7027.65,39527.17,57217.83,1,2494
2024-02-18 04:00:00,4534.83,24438.05,33749.89,1,1315
2024-02-18 05:00:00,2924.02,13449.0,17978.8,1,486
2024-02-18 06:00:00,4390.47,19016.61,25566.79,1,779
2024-02-18 07:00:00,5071.76,24363.39,33214.42,1,1044
2024-02-18 08:00:00,6259.34,30547.52,43014.54,1,1605
2024-02-18 09:00:00,45925.99,49862.73,71173.91,1,2743
2024-02-18 10:00:00,11631.08,61215.11,89396.48,1,3740
2024-02-18 11:00:00,14487.99,78435.16,113877.38,1,4752
2024-02-18 12:00:00,15918.25,90544.91,130340.85,1,5333
2024-02-18 13:00:00,17592.4,99469.33,142766.3,1,5615
2024-02-18 14:00:00,18429.06,102959.06,147904.79,1,5502
2024-02-18 15:00:00,19946.48,111818.78,157980.79,1,5569
2024-02-18 16:00:00,20572.87,116236.31,164110.82,1,5788
2024-02-18 17:00:00,19028.23,109738.74,155682.72,1,5816
2024-02-18 18:00:00,18939.49,106339.74,151564.84,1,5671
2024-02-18 19:00:00,16868.72,90561.13,129177.06,1,4765
2024-02-18 20:00:00,14888.66,78307.86,115411.83,1,4162
2024-02-18 21:00:00,13682.65,70380.17,105336.6,1,3817
2024-02-18 22:00:00,14021.8,70099.32,103480.84,1,3688
2024-02-18 23:00:00,14390.79,67054.53,95913.1,1,3171
2024-02-19 00:00:00,8154.42,41167.42,58598.73,1,2126
2024-02-19 01:00:00,4093.51,19093.69,27325.34,1,1009
2024-02-19 02:00:00,2395.15,12172.87,17641.13,1,705
2024-02-19 03:00:00,1764.04,8675.38,12402.86,1,484
2024-02-19 04:00:00,2680.21,12337.64,16949.64,1,479
2024-02-19 05:00:00,3031.34,12919.31,18058.46,1,432
2024-02-19 06:00:00,4593.37,20271.52,28034.85,1,874
2024-02-19 07:00:00,7526.35,35300.21,48966.56,1,1499
2024-02-19 08:00:00,8509.35,42967.37,62428.23,1,2358
2024-02-19 09:00:00,11665.41,59528.38,86810.83,1,3272
2024-02-19 10:00:00,13412.5,69319.8,101476.75,1,3892
2024-02-19 11:00:00,13806.63,74728.49,109652.93,1,4307
2024-02-19 12:00:00,16643.53,88381.79,127791.77,1,4839
2024-02-19 13:00:00,19456.85,100878.51,145064.01,1,4990
2024-02-19 14:00:00,22178.5,113297.04,161629.79,1,5415
2024-02-19 15:00:00,21828.95,114284.46,162991.33,1,5490
2024-02-19 16:00:00,21271.99,110238.89,159473.08,1,5606
2024-02-19 17:00:00,18254.25,98117.13,143400.95,1,5349
2024-02-19 18:00:00,18938.0,99143.06,144210.33,1,5423
2024-02-19 19:00:00,18117.97,89227.49,130683.31,1,4609
2024-02-19 20:00:00,17443.75,84792.95,127870.77,1,4255
2024-02-19 21:00:00,16578.6,78316.9,116841.97,1,3721
2024-02-19 22:00:00,16575.41,72958.27,105509.21,1,2980
2024-02-19 23:00:00,13470.77,57170.56,81345.86,1,1959
2024-02-20 00:00:00,5987.31,26150.73,36394.87,1,978
2024-02-20 01:00:00,2168.3,10425.89,14243.43,1,395
2024-02-20 02:00:00,1283.1299999999999,5744.05,8067.71,1,243
2024-02-20 03:00:00,906.15,3655.63,5030.91,1,147
2024-02-20 04:00:00,1900.99,8212.77,11154.5,1,264
2024-02-20 05:00:00,3714.71,16834.09,22993.58,1,631
2024-02-20 06:00:00,8091.08,36105.36,49595.87,1,1668
2024-02-20 07:00:00,11244.63,59034.79,84627.69,1,3318
2024-02-20 08:00:00,15275.57,89716.12,128037.62,1,4942
2024-02-20 09:00:00,16118.34,98653.39,141298.77,1,5295
2024-02-20 10:00:00,16079.43,96552.81,138198.06,1,5096
2024-02-20 11:00:00,15957.67,98289.88,139616.64,1,5277
2024-02-20 12:00:00,17479.57,105409.66,150956.91,1,5636
2024-02-20 13:00:00,17678.14,104548.02,149656.13,1,5631
2024-02-20 14:00:00,19886.94,116191.74,165797.91,1,5973
2024-02-20 15:00:00,18455.64,109825.28,157533.43,1,5878
2024-02-20 16:00:00,19703.76,114874.22,179488.39,1,6003
2024-02-20 17:00:00,20642.75,122981.31,196012.0,1,6864
2024-02-20 18:00:00,20369.65,122872.52,200193.64,1,7585
2024-02-20 19:00:00,18661.84,102839.16,167637.6,1,6103
2024-02-20 20:00:00,19464.96,103059.4,157228.23,1,5913
2024-02-20 21:00:00,20462.2,106616.21,161155.84,1,6044
2024-02-20 22:00:00,17148.14,86502.32,128820.93,1,4666
2024-02-20 23:00:00,12016.24,55072.53,81011.35,1,2536
2024-02-21 00:00:00,5603.1,25929.87,36961.409999999996,1,1186
2024-02-21 01:00:00,1664.61,8461.78,12235.1,1,456
2024-02-21 02:00:00,1017.86,4743.58,6728.95,1,259
2024-02-21 03:00:00,779.08,3672.9,5202.53,1,199
2024-02-21 04:00:00,1755.09,7551.97,10333.09,1,257
2024-02-21 05:00:00,3428.84,15678.57,21297.81,1,571
2024-02-21 06:00:00,6987.07,33045.86,45691.48,1,1650
2024-02-21 07:00:00,63925.7,59711.43,85645.26,1,3518
2024-02-21 08:00:00,13323.92,82680.12,119956.7,1,5115
2024-02-21 09:00:00,13995.52,88243.91,127717.47,1,5154
2024-02-21 10:00:00,15585.47,96453.22,138239.45,1,5273
2024-02-21 11:00:00,14262.5,94829.11,135507.08,1,5336
2024-02-21 12:00:00,16935.47,108905.57,155461.67,1,5844
2024-02-21 13:00:00,17420.99,107414.97,153401.26,1,5721
2024-02-21 14:00:00,19737.04,116500.41,166904.75,1,6057
2024-02-21 15:00:00,20403.32,119368.06,172243.97,1,6408
2024-02-21 16:00:00,20287.75,119433.81,187769.03,1,6447
2024-02-21 17:00:00,20336.7,127451.87,204701.72,1,7366
2024-02-21 18:00:00,20495.99,126406.24,207079.64,1,7886
2024-02-21 19:00:00,21150.77,116509.12,189758.83,1,6987
2024-02-21 20:00:00,20338.62,110823.93,169796.56,1,6630
2024-02-21 21:00:00,21287.34,114324.68,173910.3,1,6928
2024-02-21 22:00:00,18253.94,94378.24,141882.05,1,5387
2024-02-21 23:00:00,11828.29,57858.31,85494.81999999999,1,2910
2024-02-22 00:00:00,5463.45,26328.45,39023.44,1,1421
2024-02-22 01:00:00,2550.75,12802.56,18652.2,1,724
2024-02-22 02:00:00,1542.25,7575.51,10762.51,1,405
2024-02-22 03:00:00,1066.76,5065.93,7345.7,1,285
2024-02-22 04:00:00,2070.97,9253.89,13014.039999999999,1,376
2024-02-22 05:00:00,3641.11,16181.84,22740.55,1,668
2024-02-22 06:00:00,8046.12,37822.27,52252.159999999996,1,1860
2024-02-22 07:00:00,12347.58,65362.91,92885.54,1,3767
2024-02-22 08:00:00,186839.91999999998,86188.32,124142.67,1,5115
2024-02-22 09:00:00,15597.66,95966.54,137886.12,1,5360
2024-02-22 10:00:00,17097.85,103640.45,148424.11,1,5566
2024-02-22 11:00:00,70764.19,103813.78,148551.26,1,5668
2024-02-22 12:00:00,18666.0,113252.81,161775.17,1,5994
2024-02-22 13:00:00,20308.7,121774.28,173104.74,1,6246
2024-02-22 14:00:00,23528.24,134672.22,191561.63,1,6607
2024-02-22 15:00:00,21702.88,132187.14,187967.14,1,6825
2024-02-22 16:00:00,26860.84,153725.52,239407.46,1,7740
2024-02-22 17:00:00,22307.94,147560.96,231902.66,1,8123
2024-02-22 18:00:00,23255.59,149440.13,237572.15,1,8630
2024-02-22 19:00:00,23206.18,135191.52,217611.46,1,8050
2024-02-22 20:00:00,23043.72,129824.59,195391.4,1,7363
2024-02-22 21:00:00,23138.95,125939.45,190161.76,1,7325
2024-02-22 22:00:00,21277.17,115761.18,172753.98,1,6639
2024-02-22 23:00:00,17077.02,89164.24,130709.88,1,4851
2024-02-23 00:00:00,9310.44,45761.71,66726.71,1,2514
2024-02-23 01:00:00,3596.25,19337.53,28943.84,1,1236
2024-02-23 02:00:00,2000.85,10731.93,15878.87,1,701
2024-02-23 03:00:00,1667.46,8835.79,12785.84,1,463
2024-02-23 04:00:00,2729.34,12514.42,17278.17,1,487
2024-02-23 05:00:00,81274.27,17690.5,24372.3,1,642
2024-02-23 06:00:00,32723.760000000002,34088.37,46521.74,1,1529
2024-02-23 07:00:00,11146.47,57811.95,81830.66,1,3023
2024-02-23 08:00:00,12187.2,67525.85,97280.64,1,3849
2024-02-23 09:00:00,80163.51,77162.46,110800.95,1,4272
2024-02-23 10:00:00,14933.35,86037.32,123894.99,1,4714
2024-02-23 11:00:00,15327.37,89069.47,128747.34,1,5049
2024-02-23 12:00:00,52790.159999999996,99848.12,144136.87,1,5622
2024-02-23 13:00:00,18433.76,105541.27,151381.4,1,5744
2024-02-23 14:00:00,21246.91,122537.32,173986.83,1,6250
2024-02-23 15:00:00,21603.02,124951.38,179082.75,1,6496
2024-02-23 16:00:00,19817.85,114529.83,179424.91,1,6042
2024-02-23 17:00:00,20241.74,117354.83,187030.08,1,6623
2024-02-23 18:00:00,20872.51,121786.91,195139.45,1,7184
2024-02-23 19:00:00,20162.63,116168.84,185547.33,1,6865
2024-02-23 20:00:00,17400.21,96971.17,145832.2,1,5505
2024-02-23 21:00:00,17667.74,97316.36,146529.65,1,5637
2024-02-23 22:00:00,19668.71,109653.33,163506.1,1,6145
2024-02-23 23:00:00,18841.82,103493.42,152976.66,1,5850
2024-02-24 00:00:00,15891.41,89222.65,131645.86,1,5451
2024-02-24 01:00:00,11969.2,70728.47,105861.47,1,4843
2024-02-24 02:00:00,8225.04,48007.53,72464.95,1,3340
2024-02-24 03:00:00,5382.46,29805.29,44774.81,1,2044
2024-02-24 04:00:00,4264.86,20780.21,29222.27,1,1105
2024-02-24 05:00:00,3189.86,13488.56,18305.0,1,506
2024-02-24 06:00:00,4369.95,19780.7,26624.31,1,771
2024-02-24 07:00:00,6494.03,29492.0,40575.25,1,1254
2024-02-24 08:00:00,7480.24,37601.37,53426.55,1,2069
2024-02-24 09:00:00,9445.49,49492.82,71918.18,1,3055
2024-02-24 10:00:00,12215.73,66851.67,97970.78,1,4206
2024-02-24 11:00:00,13265.25,76834.61,113018.53,1,5046
2024-02-24 12:00:00,15770.58,93272.48,134571.59,1,5630
2024-02-24 13:00:00,16576.23,99086.32,142314.01,1,5876
2024-02-24 14:00:00,19291.74,107948.33,154489.84,1,5964
2024-02-24 15:00:00,19301.55,115209.05,163828.58,1,6433
2024-02-24 16:00:00,21267.7,124620.49,177493.13,1,6932
2024-02-24 17:00:00,21183.68,131188.04,187639.24,1,7336
2024-02-24 18:00:00,20942.93,135675.02,191994.13,1,7987
2024-02-24 19:00:00,22000.7,144286.31,202429.81,1,8400
2024-02-24 20:00:00,19374.31,115853.4,170555.01,1,6833
2024-02-24 21:00:00,18091.92,108621.93,162439.05,1,6479
2024-02-24 22:00:00,22912.7,134988.86,198590.08,1,7773
2024-02-24 23:00:00,24899.41,152192.44,216412.76,1,8498
2024-02-25 00:00:00,20125.66,123653.64,176809.09,1,7532
2024-02-25 01:00:00,15011.29,91435.64,133809.0,1,6063
2024-02-25 02:00:00,11544.79,67998.93,100382.66,1,4663
2024-02-25 03:00:00,7689.78,42423.39,62496.43,1,2888
2024-02-25 04:00:00,5537.89,29051.97,40211.19,1,1594
2024-02-25 05:00:00,3763.18,16870.47,22809.22,1,602
2024-02-25 06:00:00,5761.96,24819.15,32824.87,1,889
2024-02-25 07:00:00,5713.37,26668.07,36640.48,1,1155
2024-02-25 08:00:00,7475.23,35611.51,50162.96,1,1765
2024-02-25 09:00:00,11060.23,53652.14,76763.54,1,2928
2024-02-25 10:00:00,13697.28,70638.92,102751.7,1,4052
2024-02-25 11:00:00,14464.55,78156.31,114437.94,1,4791
2024-02-25 12:00:00,16441.44,91176.53,131727.42,1,5218
2024-02-25 13:00:00,19976.56,107515.57,152991.29,1,5584
2024-02-25 14:00:00,21039.9,115636.36,163953.72,1,5774
2024-02-25 15:00:00,26328.71,117142.57,165992.4,1,5690
2024-02-25 16:00:00,21762.96,119049.81,169351.1,1,5878
2024-02-25 17:00:00,19789.09,110732.42,158389.09,1,5775
2024-02-25 18:00:00,18837.75,104099.37,149107.88,1,5652
2024-02-25 19:00:00,19375.28,98335.34,140312.85,1,4827
2024-02-25 20:00:00,16583.41,81610.45,121165.72,1,3993
2024-02-25 21:00:00,15901.16,76147.12,112012.02,1,3689
2024-02-25 22:00:00,14878.52,67979.67,97615.64,1,2769
2024-02-25 23:00:00,12575.35,55168.78,78600.04,1,2055
2024-02-26 00:00:00,6389.21,27617.12,39247.08,1,1053
2024-02-26 01:00:00,2481.77,11797.34,16400.31,1,488
2024-02-26 02:00:00,708.59,3650.37,5287.87,1,202
2024-02-26 03:00:00,1113.34,5106.4,6956.9800000000005,2,222
2024-02-26 04:00:00,1808.74,8487.92,11392.37,1,248
2024-02-26 05:00:00,4482.09,19571.23,26136.44,1,680
2024-02-26 06:00:00,9205.07,41045.03,55379.69,1,1766
2024-02-26 07:00:00,13171.85,71099.85,99402.81,1,3747
2024-02-26 08:00:00,14760.14,88846.28,125412.06999999999,1,4827
2024-02-26 09:00:00,14679.89,86778.07,123997.43,1,4633
2024-02-26 10:00:00,15857.69,95805.87,137134.72,1,4936
2024-02-26 11:00:00,14452.91,88532.18,125862.03,1,4756
2024-02-26 12:00:00,16739.7,95444.53,135897.15,1,4821
2024-02-26 13:00:00,18118.98,100281.86,142706.83,1,4853
2024-02-26 14:00:00,20079.02,114338.74,159887.1,1,5264
2024-02-26 15:00:00,21549.28,122485.38,172075.63999999998,1,5641
2024-02-26 16:00:00,20577.65,115319.11,177120.74,1,5372
2024-02-26 17:00:00,18740.35,115002.23,178351.83,1,5824
2024-02-26 18:00:00,18765.12,114313.3,181586.74,1,6483
2024-02-26 19:00:00,18348.84,95794.14,154039.43,1,5258
2024-02-26 20:00:00,17004.79,86384.0,131111.23,1,4813
2024-02-26 21:00:00,18610.19,90238.25,133922.39,1,4614
2024-02-26 22:00:00,16502.61,77850.38,112998.43,1,3541
2024-02-26 23:00:00,12144.67,55664.74,80170.87,1,2279
2024-02-27 00:00:00,6577.26,28629.32,40785.36,1,1157
2024-02-27 01:00:00,2386.06,11493.19,15887.21,1,515
2024-02-27 02:00:00,916.21,4115.95,5753.79,1,223
2024-02-27 03:00:00,754.73,3372.67,4831.72,1,170
2024-02-27 04:00:00,1695.23,7547.29,9790.87,1,248
2024-02-27 05:00:00,3236.46,15467.65,21087.82,1,634
2024-02-27 06:00:00,8184.38,38660.62,52198.48,1,1776
2024-02-27 07:00:00,12358.23,70405.12,99057.29,1,4088
2024-02-27 08:00:00,14637.97,92767.24,130393.84,1,5444
2024-02-27 09:00:00,12634.03,82816.65,118394.45,1,5189
2024-02-27 10:00:00,13544.39,86753.85,124692.76,1,4835
2024-02-27 11:00:00,14209.59,91092.26,129652.49,1,5142
2024-02-27 12:00:00,15495.44,95502.48,136309.44,1,5251
2024-02-27 13:00:00,19479.38,109597.91,155519.49,1,5546
2024-02-27 14:00:00,20981.23,122366.48,172963.42,1,6101
2024-02-27 15:00:00,21051.95,125352.45,180109.22,1,6468
2024-02-27 16:00:00,21547.31,125248.56,196502.69,1,6470
2024-02-27 17:00:00,22770.91,142917.88,230858.81,1,8262
2024-02-27 18:00:00,26416.93,179817.07,286226.1,1,11445
2024-02-27 19:00:00,27654.74,177559.45,280048.11,1,11462
2024-02-27 20:00:00,27750.21,172547.1,252079.36,1,10444
2024-02-27 21:00:00,38519.41,146665.76,214275.36,1,8704
2024-02-27 22:00:00,21058.0,111943.67,162975.55,1,6119
2024-02-27 23:00:00,14753.46,67476.02,97762.56,1,2921
2024-02-28 00:00:00,7081.65,32129.09,45646.95,1,1367
2024-02-28 01:00:00,2195.72,10297.289999999999,15263.4,1,550
2024-02-28 02:00:00,1363.13,6416.25,9484.78,1,340
2024-02-28 03:00:00,1050.74,4865.87,6713.3,1,210
2024-02-28 04:00:00,1880.77,8798.82,11794.19,1,310
2024-02-28 05:00:00,4227.58,18701.93,25449.56,1,689
2024-02-28 06:00:00,7491.14,36061.12,49975.28,1,1849
2024-02-28 07:00:00,53674.67999999999,76488.22,108105.07,1,4435
2024-02-28 08:00:00,16834.67,111419.6,155053.65,1,6276
2024-02-28 09:00:00,14934.55,96926.41,139112.42,1,5580
2024-02-28 10:00:00,14743.69,95467.55,137460.55,1,5307
2024-02-28 11:00:00,15097.86,99373.73,142241.22,1,5317
2024-02-28 12:00:00,16759.4,106356.9,151621.61,1,5649
2024-02-28 13:00:00,18510.3,116316.29,166934.38,1,6122
2024-02-28 14:00:00,22296.26,139280.06,198232.0,1,7235
2024-02-28 15:00:00,21137.86,134020.6,191287.54,1,6869
2024-02-28 16:00:00,21431.93,136229.19,211211.78,1,6963
2024-02-28 17:00:00,22530.95,148819.52,233126.69,1,8038
2024-02-28 18:00:00,22984.09,143075.45,227320.72,1,8210
2024-02-28 19:00:00,20993.15,116344.54,185895.55,1,6580
2024-02-28 20:00:00,20987.34,114489.6,174957.94,1,6774
2024-02-28 21:00:00,23052.49,125143.11,187416.13,1,7351
2024-02-28 22:00:00,21781.25,116396.4,171625.4,1,6543
2024-02-28 23:00:00,16884.25,80026.54,117074.44,1,3899
2024-02-29 00:00:00,8214.02,37718.75,55259.06,1,1813
2024-02-29 01:00:00,2761.7,13271.62,19596.47,1,775
2024-02-29 02:00:00,1389.52,7062.34,10360.25,1,424
2024-02-29 03:00:00,1112.14,5256.33,7678.25,1,330
2024-02-29 04:00:00,1985.01,9118.03,12367.82,1,357
2024-02-29 05:00:00,4817.07,22295.79,30124.05,1,852
2024-02-29 06:00:00,8574.65,41812.23,57487.8,1,2041
2024-02-29 07:00:00,23854.24,88781.47,120557.07,1,4681
2024-02-29 08:00:00,26311.850000000002,109093.17,152726.84,1,6307
2024-02-29 09:00:00,17151.04,111081.06,157918.81,1,6213
2024-02-29 10:00:00,16740.19,103371.99,147715.51,1,5647
2024-02-29 11:00:00,17077.42,106453.0,152260.88,1,5777
2024-02-29 12:00:00,18915.27,117111.95,166971.58,1,6149
2024-02-29 13:00:00,28525.91,126295.58,180143.74,1,6256
2024-02-29 14:00:00,22600.39,138698.92,197749.52,1,6917
2024-02-29 15:00:00,23441.12,142804.3,204202.75,1,7222
2024-02-29 16:00:00,26549.2,157087.85,241666.84,1,7592
2024-02-29 17:00:00,27243.74,173886.8,271779.17,1,9409
2024-02-29 18:00:00,28762.51,181823.47,287170.55,1,10902
2024-02-29 19:00:00,26294.94,154427.98,242518.28,1,8805
2024-02-29 20:00:00,24312.01,137433.83,207517.95,1,8100
2024-02-29 21:00:00,27189.27,151375.23,225527.37,1,8633
2024-02-29 22:00:00,26814.46,150834.22,218998.84,1,8429
2024-02-29 23:00:00,22448.11,117806.95,169658.33,1,6259
2024-03-01 00:00:00,11.100000000000001,51.5,87.33000000000001,1,2
2024-02-29 23:00:00,59.67,316.0,473.02,2,19
2024-03-01 00:00:00,11427.72,58545.37,85076.78,1,3249
2024-03-01 01:00:00,5341.24,27789.39,41329.96,1,1701
2024-03-01 02:00:00,3055.23,16291.16,23742.29,1,972
2024-03-01 03:00:00,2063.29,10581.64,15312.04,1,624
2024-03-01 04:00:00,2922.36,13404.09,18468.18,1,586
2024-03-01 05:00:00,4882.37,23039.22,31403.39,1,940
2024-03-01 06:00:00,56435.1,45301.73,61452.61,1,1989
2024-03-01 07:00:00,12484.37,69503.36,96466.28,1,3704
2024-03-01 08:00:00,14525.77,86265.04,121837.48,1,4841
2024-03-01 09:00:00,14411.45,84545.55,121668.42,1,4815
2024-03-01 10:00:00,15730.35,90946.59,131024.01,1,5047
2024-03-01 11:00:00,15145.4,90070.17,130448.06999999999,1,5234
2024-03-01 12:00:00,17582.06,102339.96,147566.12,1,5634
2024-03-01 13:00:00,29058.95,116290.77,165649.67,1,5972
2024-03-01 14:00:00,40241.83,129005.46,183383.8,1,6654
2024-03-01 15:00:00,76248.3,137833.18,195791.81,1,7125
2024-03-01 16:00:00,24442.75,143560.69,222599.02,1,7238
2024-03-01 17:00:00,78740.29,132099.88,212338.88,1,7930
2024-03-01 18:00:00,24738.06,146429.47,232559.31,1,8701
2024-03-01 19:00:00,22601.41,135521.38,213718.77,1,8106
2024-03-01 20:00:00,19125.27,109827.9,164355.4,1,6467
2024-03-01 21:00:00,20412.71,113933.95,170647.54,1,6495
2024-03-01 22:00:00,21683.97,124318.51,184894.24,1,6960
2024-03-01 23:00:00,20424.67,115798.77,170304.25,1,6654
2024-03-02 00:00:00,15900.71,92837.73,135860.34,1,5701
2024-03-02 01:00:00,12412.53,73229.09,108576.08,1,4788
2024-03-02 02:00:00,8987.69,52252.74,77601.92,1,3511
2024-03-02 03:00:00,6007.11,33657.91,50229.2,1,2271
2024-03-02 04:00:00,3934.78,19637.76,28149.5,1,1084
2024-03-02 05:00:00,2835.38,12079.460000000001,16641.51,1,495
2024-03-02 06:00:00,4552.16,20091.86,27461.04,1,852
2024-03-02 07:00:00,6717.7300000000005,30525.85,42135.75,1,1372
2024-03-02 08:00:00,8055.74,40000.68,57481.21,1,2272
2024-03-02 09:00:00,11465.44,60674.46,88292.45,1,3855
2024-03-02 10:00:00,12565.93,71748.65,105653.0,1,4702
2024-03-02 11:00:00,15631.59,90494.09,131706.53,1,5659
2024-03-02 12:00:00,18868.82,121478.04,174471.05,1,7692
2024-03-02 13:00:00,21090.46,138277.67,195203.07,1,8037
2024-03-02 14:00:00,19996.98,129366.18,182116.65,1,7110
2024-03-02 15:00:00,72490.73,136708.85,192280.71,1,7525
2024-03-02 16:00:00,22701.76,150153.15,210141.28,1,7973
2024-03-02 17:00:00,101306.83,157240.94,217376.19,1,8463
2024-03-02 18:00:00,21869.03,148474.4,205413.78,1,8068
2024-03-02 19:00:00,20295.61,132169.53,184114.09,1,7258
2024-03-02 20:00:00,16272.16,93465.36,136324.09,1,5354
2024-03-02 21:00:00,15842.09,89218.1,133179.69,1,5169
2024-03-02 22:00:00,19366.08,110431.79,163666.67,1,6476
2024-03-02 23:00:00,21099.0,119769.12,173113.36,1,6776
2024-03-03 00:00:00,17613.62,99173.75,143300.97,1,5953
2024-03-03 01:00:00,13169.8,75069.03,110721.38,1,4792
2024-03-03 02:00:00,9322.61,53606.18,79690.38,1,3675
2024-03-03 03:00:00,11502.26,37742.47,54818.41,1,2280
2024-03-03 04:00:00,4433.22,23130.49,32413.17,1,1271
2024-03-03 05:00:00,3378.07,15665.03,21506.22,1,548
2024-03-03 06:00:00,4798.26,22011.95,29274.17,1,879
2024-03-03 07:00:00,6659.55,29140.56,39860.55,1,1204
2024-03-03 08:00:00,8683.61,40932.7,57204.51,1,2046
2024-03-03 09:00:00,11187.34,57354.99,81856.54,1,3255
2024-03-03 10:00:00,13629.37,71513.4,103604.39,1,4164
2024-03-03 11:00:00,14266.21,80466.42,117544.98,1,4880
2024-03-03 12:00:00,18387.16,102895.41,148076.23,1,5700
2024-03-03 13:00:00,23459.9,125415.47,177760.55,1,6276
2024-03-03 14:00:00,23726.78,134408.41,189664.25,1,6399
2024-03-03 15:00:00,23023.67,131100.18,184011.66,1,6214
2024-03-03 16:00:00,23995.74,133587.24,188572.01,1,6281
2024-03-03 17:00:00,21777.81,128340.36,181974.92,1,6492
2024-03-03 18:00:00,21524.16,124414.06,175873.6,1,6290
2024-03-03 19:00:00,21567.99,110964.71,156114.57,1,5176
2024-03-03 20:00:00,16979.17,86826.47,128490.05,1,4307
2024-03-03 21:00:00,17153.34,82015.02,119754.85,1,3817
2024-03-03 22:00:00,15125.69,70595.88,103544.8,1,3114
2024-03-03 23:00:00,10774.69,47746.08,68720.43,1,1987
2024-03-04 00:00:00,9041.06,38718.27,55392.36,1,1339
2024-03-04 01:00:00,4342.12,18469.17,25465.87,1,669
2024-03-04 02:00:00,2758.34,12070.42,16490.83,1,421
2024-03-04 03:00:00,1180.84,5880.16,8030.06,1,244
2024-03-04 04:00:00,31897.86,8484.15,11395.71,1,304
2024-03-04 05:00:00,3657.47,16155.81,21751.76,1,628
2024-03-04 06:00:00,9399.95,43004.44,58320.3,1,1812
2024-03-04 07:00:00,13168.43,70126.27,97824.92,1,3710
2024-03-04 08:00:00,14121.26,84134.14,119928.77,1,4791
2024-03-04 09:00:00,14942.12,88277.76,127979.77,1,4901
2024-03-04 10:00:00,15213.84,87693.41,126357.94,1,4759
2024-03-04 11:00:00,15309.84,90435.09,130095.99,1,4965
2024-03-04 12:00:00,17719.66,98510.99,140839.01,1,5201
2024-03-04 13:00:00,20844.48,112300.87,159884.22,1,5703
2024-03-04 14:00:00,20831.6,116134.65,166408.88,1,5999
2024-03-04 15:00:00,21414.57,118842.17,171583.34,1,6197
2024-03-04 16:00:00,21828.89,119749.17,186700.26,1,6026
2024-03-04 17:00:00,19981.56,118511.81,189186.65,1,6754
2024-03-04 18:00:00,22061.62,121104.47,196042.56,1,7040
2024-03-04 19:00:00,19404.31,102056.34,165638.7,1,5893
2024-03-04 20:00:00,17939.28,92436.79,141532.04,1,5329
2024-03-04 21:00:00,18414.41,93432.2,139789.67,1,5192
2024-03-04 22:00:00,15218.98,73547.39,109287.96,1,3860
2024-03-04 23:00:00,13058.58,58301.51,84654.92,1,2461
2024-03-05 00:00:00,7298.81,32009.95,45513.5,1,1224
2024-03-05 01:00:00,2495.05,10728.18,15026.789999999999,1,529
2024-03-05 02:00:00,1053.33,4959.59,6894.0199999999995,1,267
2024-03-05 03:00:00,761.71,3445.25,4705.42,1,160
2024-03-05 04:00:00,1383.84,6283.18,8504.69,1,241
2024-03-05 05:00:00,3527.05,16493.47,22626.43,1,681
2024-03-05 06:00:00,8597.78,42583.81,58456.93,1,2164
2024-03-05 07:00:00,13617.52,81928.5,115114.99,1,4652
2024-03-05 08:00:00,16590.74,123482.28,171062.51,1,6855
2024-03-05 09:00:00,16109.18,116770.97,165465.16,1,6426
2024-03-05 10:00:00,14997.28,103253.47,147500.65,1,5727
2024-03-05 11:00:00,16172.64,110224.54,157309.14,1,5906
2024-03-05 12:00:00,16651.79,112231.98,160590.85,1,6070
2024-03-05 13:00:00,18416.14,116119.79,166455.42,1,6239
2024-03-05 14:00:00,20585.02,132421.84,188678.28,1,6879
2024-03-05 15:00:00,21041.02,141789.62,201916.46,1,7602
2024-03-05 16:00:00,21478.04,135998.96,211839.92,1,7136
2024-03-05 17:00:00,19977.74,135379.63,213857.55,1,7630
2024-03-05 18:00:00,21710.63,138216.6,221610.5,1,8168
2024-03-05 19:00:00,20105.9,112957.97,182403.47,1,6564
2024-03-05 20:00:00,19392.27,103918.58,159905.38999999998,1,6164
2024-03-05 21:00:00,21499.9,115481.88,173775.97,1,6727
2024-03-05 22:00:00,18994.7,100753.48,149266.72,1,5734
2024-03-05 23:00:00,11422.32,55499.39,82219.44,1,2817
2024-03-06 00:00:00,6830.78,31329.8,44620.03,1,1430
2024-03-06 01:00:00,2558.28,12484.52,17827.79,1,636
2024-03-06 02:00:00,1602.57,7163.96,10373.81,1,369
2024-03-06 03:00:00,1382.81,5949.66,7907.7699999999995,1,246
2024-03-06 04:00:00,2081.38,9551.83,12836.24,1,326
2024-03-06 05:00:00,3435.08,15222.32,21467.18,1,611
2024-03-06 06:00:00,7328.74,35706.34,49511.52,1,1858
2024-03-06 07:00:00,13409.27,75977.16,107648.46,1,4317
2024-03-06 08:00:00,15780.68,100000.62,142152.23,1,5915
2024-03-06 09:00:00,15337.49,97670.56,141237.04,1,5668
2024-03-06 10:00:00,15055.64,93939.02,135795.6,1,5241
2024-03-06 11:00:00,15388.44,99266.12,141919.21,1,5461
2024-03-06 12:00:00,18196.83,117259.35,168157.31,1,6348
2024-03-06 13:00:00,19072.13,122922.43,175915.5,1,6688
2024-03-06 14:00:00,27679.91,149191.63,212411.58,1,7650
2024-03-06 15:00:00,50502.67,154352.4,219870.83,1,8326
2024-03-06 16:00:00,24247.77,171410.8,263422.85,1,9332
2024-03-06 17:00:00,93613.38,201033.81,303865.92,1,10741
2024-03-06 18:00:00,26589.91,202743.4,310705.46,1,11671
2024-03-06 19:00:00,64875.87,207060.68,307914.43,1,10963
2024-03-06 20:00:00,24851.06,155434.76,226735.17,1,8792
2024-03-06 21:00:00,26091.0,151824.84,221510.69,1,9017
2024-03-06 22:00:00,24378.51,135202.26,194782.87,1,7541
2024-03-06 23:00:00,15863.08,76488.65,109572.19,1,3734
2024-03-07 00:00:00,8511.99,39595.02,56103.59,1,1685
2024-03-07 01:00:00,2337.85,11386.2,16736.74,1,674
2024-03-07 02:00:00,1165.15,5834.44,8447.72,1,376
2024-03-07 03:00:00,1370.92,6125.91,8549.19,1,307
2024-03-07 04:00:00,2101.43,10253.55,13745.92,1,380
2024-03-07 05:00:00,4899.4,22393.62,30949.01,1,893
2024-03-07 06:00:00,8729.7,44224.6,61155.52,1,2241
2024-03-07 07:00:00,190877.16999999998,82851.43,115975.43,1,4632
2024-03-07 08:00:00,16460.06,104619.26,147698.41,1,6043
2024-03-07 09:00:00,16169.19,101267.91,145244.16,1,5697
2024-03-07 10:00:00,15341.88,95095.83,136191.47,1,5200
2024-03-07 11:00:00,16609.11,104555.77,149760.93,1,5756
2024-03-07 12:00:00,20407.12,125061.96,178899.47,1,6442
2024-03-07 13:00:00,20144.26,124291.04,176689.38,1,6373
2024-03-07 14:00:00,22630.67,136712.73,194402.98,1,6758
2024-03-07 15:00:00,24363.13,142938.75,203996.32,1,7104
2024-03-07 16:00:00,25538.79,148778.38,231312.57,1,7358
2024-03-07 17:00:00,24386.42,153154.38,241768.94,1,8384
2024-03-07 18:00:00,25531.51,161469.51,255815.46,1,9313
2024-03-07 19:00:00,23129.29,133785.94,214350.88,1,7826
2024-03-07 20:00:00,23538.75,130372.63,196837.46,1,7442
2024-03-07 21:00:00,25303.0,140060.72,210340.62,1,7983
2024-03-07 22:00:00,24684.26,136299.85,199997.99,1,7704
2024-03-07 23:00:00,19365.93,101770.41,149807.32,1,5548
2024-03-08 00:00:00,11534.57,57567.3,83659.95,1,3142
2024-03-08 01:00:00,5547.12,28644.31,42192.77,1,1695
2024-03-08 02:00:00,2566.15,13460.14,20005.29,1,884
2024-03-08 03:00:00,2113.52,10104.41,14724.39,1,587
2024-03-08 04:00:00,3225.56,15568.92,21659.56,1,635
2024-03-08 05:00:00,5690.94,26499.07,36445.39,1,1000
2024-03-08 06:00:00,9043.34,42727.29,58665.64,1,1875
2024-03-08 07:00:00,12596.81,69337.88,97258.7,1,3663
2024-03-08 08:00:00,14095.87,82005.97,116621.66,1,4581
2024-03-08 09:00:00,14646.33,85820.02,123020.95,1,4745
2024-03-08 10:00:00,14508.54,87153.88,125480.45,1,4863
2024-03-08 11:00:00,15838.7,94926.16,136719.26,1,5245
2024-03-08 12:00:00,17474.8,104420.16,150004.08,1,5762
2024-03-08 13:00:00,20357.28,116896.07,166299.05,1,5900
2024-03-08 14:00:00,22024.74,131305.49,185708.1,1,6555
2024-03-08 15:00:00,22167.64,135936.52,192150.02,1,6897
2024-03-08 16:00:00,23687.73,140118.38,215396.92,1,6964
2024-03-08 17:00:00,23366.86,145744.72,228832.18,1,8133
2024-03-08 18:00:00,24689.0,154334.68,242435.72,1,9165
2024-03-08 19:00:00,24780.46,147371.78,229523.9,1,8582
2024-03-08 20:00:00,21588.26,121331.16,181691.85,1,7008
2024-03-08 21:00:00,20442.89,116661.62,174604.2,1,6714
2024-03-08 22:00:00,22532.85,133885.65,199525.38999999998,1,7601
2024-03-08 23:00:00,25537.73,132280.8,191725.6,1,7338
2024-03-09 00:00:00,18540.64,112214.84,161750.26,1,6688
2024-03-09 01:00:00,13817.9,84483.13,123949.32,1,5566
2024-03-09 02:00:00,10201.23,59792.98,88928.42,1,4054
2024-03-09 03:00:00,6153.15,34714.72,51165.87,1,2303
2024-03-09 04:00:00,4549.29,23248.8,33006.91,1,1306
2024-03-09 05:00:00,3031.93,13226.61,18273.88,1,571
2024-03-09 06:00:00,5077.06,21919.86,29679.53,1,872
2024-03-09 07:00:00,6421.55,29590.7,41161.39,1,1354
2024-03-09 08:00:00,8653.96,43582.73,61394.93,1,2274
2024-03-09 09:00:00,10680.57,56488.41,82717.6,1,3571
2024-03-09 10:00:00,13618.36,75216.51,110409.41,1,4854
2024-03-09 11:00:00,15979.22,94119.36,137575.3,1,6084
2024-03-09 12:00:00,75687.06999999999,113196.75,164720.79,1,7175
2024-03-09 13:00:00,20974.47,129551.29,186033.1,1,7660
2024-03-09 14:00:00,21500.96,131067.92,187723.92,1,7569
2024-03-09 15:00:00,20684.31,132895.65,189014.38,1,7706
2024-03-09 16:00:00,22888.88,152986.91,215447.01,1,8806
2024-03-09 17:00:00,23816.31,160323.0,222606.27,1,8933
2024-03-09 18:00:00,22738.36,160596.39,222319.38999999998,1,9238
2024-03-09 19:00:00,23536.22,176147.27,241898.92,1,10068
2024-03-09 20:00:00,21136.66,154449.56,217498.14,1,8830
2024-03-09 21:00:00,19905.97,143654.41,200860.59,1,8093
2024-03-09 22:00:00,77070.66,155827.21,217529.52,1,8549
2024-03-09 23:00:00,23931.8,160975.52,220925.1,1,8369
2024-03-10 00:00:00,19797.98,126600.59,173960.15,1,6369
2024-03-10 01:00:00,16205.15,92099.03,130328.04,1,5302
2024-03-10 03:00:00,13514.87,75849.25,108084.51,1,4559
2024-03-10 04:00:00,9122.75,49837.39,69160.41,1,2764
2024-03-10 05:00:00,4274.35,20966.99,28603.05,1,1009
2024-03-10 06:00:00,4754.18,23802.35,31615.5,1,994
2024-03-10 07:00:00,6670.29,30739.21,41415.15,1,1290
2024-03-10 08:00:00,8462.54,39728.98,54259.82,1,1799
2024-03-10 09:00:00,11209.81,56661.52,79664.38,1,2944
2024-03-10 10:00:00,13735.27,70860.32,102774.85,1,4201
2024-03-10 11:00:00,15144.5,81631.88,118608.56999999999,1,4880
2024-03-10 12:00:00,17588.53,98366.42,142339.42,1,5723
2024-03-10 13:00:00,21034.42,119045.41,170575.83,1,6500
2024-03-10 14:00:00,24907.38,143514.65,203669.05,1,7580
2024-03-10 15:00:00,24868.56,141200.63,199561.97,1,6994
2024-03-10 16:00:00,22639.26,130395.46,185435.46,1,6947
2024-03-10 17:00:00,22920.97,128591.85,182834.5,1,6650
2024-03-10 18:00:00,23503.8,127332.84,181643.98,1,6528
2024-03-10 19:00:00,20221.59,104644.2,149675.98,1,5170
2024-03-10 20:00:00,17952.55,89460.75,132273.22,1,4524
2024-03-10 21:00:00,19398.97,92897.04,134800.93,1,4483
2024-03-10 22:00:00,21188.25,100217.56,140865.5,1,4488
2024-03-10 23:00:00,15565.86,70351.52,99443.81999999999,1,2788
2024-03-11 00:00:00,9541.09,41308.4,59317.39,1,1480
2024-03-11 01:00:00,4240.34,19109.65,25868.74,1,683
2024-03-11 02:00:00,2892.36,12164.88,16240.41,1,428
2024-03-11 03:00:00,1577.13,7237.05,9705.34,1,266
2024-03-11 04:00:00,2375.41,10235.39,13693.3,1,387
2024-03-11 05:00:00,4301.81,19303.04,26126.96,1,752
2024-03-11 06:00:00,8068.95,37811.67,51650.94,1,1704
2024-03-11 07:00:00,12437.65,67624.52,96581.43,1,3828
2024-03-11 08:00:00,16674.15,102638.46,143894.73,1,5776
2024-03-11 09:00:00,16021.69,95809.78,136494.77,1,5292
2024-03-11 10:00:00,14512.03,87153.24,125208.26,1,4957
2024-03-11 11:00:00,15951.51,94183.57,135500.07,1,5056
2024-03-11 12:00:00,16719.16,99890.68,143972.12,1,5470
2024-03-11 13:00:00,17325.08,101683.39,145393.62,1,5453
2024-03-11 14:00:00,21730.37,122103.78,173399.23,1,6021
2024-03-11 15:00:00,22977.37,129440.98,183276.38999999998,1,6261
2024-03-11 16:00:00,24085.19,131293.58,202939.32,1,6285
2024-03-11 17:00:00,23006.76,127902.07,202335.2,1,6863
2024-03-11 18:00:00,20772.23,115541.64,187707.9,1,6912
2024-03-11 19:00:00,19507.27,98095.66,159049.84,1,5744
2024-03-11 20:00:00,18638.69,97149.92,146802.0,1,5686
2024-03-11 21:00:00,21259.21,108008.07,160604.99,1,6009
2024-03-11 22:00:00,18102.31,87813.33,129379.41,1,4421
2024-03-11 23:00:00,15201.72,67601.1,97074.36,1,2585
2024-03-12 00:00:00,10663.91,45461.89,64806.18,1,1619
2024-03-12 01:00:00,3323.12,13969.85,19350.31,1,624
2024-03-12 02:00:00,968.14,4420.58,6216.03,1,248
2024-03-12 03:00:00,824.48,3790.7,5316.69,1,197
2024-03-12 04:00:00,1826.98,7679.47,10189.38,1,255
2024-03-12 05:00:00,3014.49,14232.95,19558.36,1,604
2024-03-12 06:00:00,8997.97,42012.97,56471.26,1,1848
2024-03-12 07:00:00,13229.84,76782.38,107619.89,1,4244
2024-03-12 08:00:00,15761.05,101695.25,143590.86,1,5910
2024-03-12 09:00:00,17132.74,109679.7,156656.19,1,5783
2024-03-12 10:00:00,16034.85,105287.28,150029.18,1,5396
2024-03-12 11:00:00,16017.14,107677.72,151798.32,1,5476
2024-03-12 12:00:00,18054.15,116967.92,165122.34,1,5877
2024-03-12 13:00:00,18111.74,114944.75,163501.07,1,5858
2024-03-12 14:00:00,21689.53,131958.44,187146.98,1,6456
2024-03-12 15:00:00,22769.52,140184.87,198634.16,1,6781
2024-03-12 16:00:00,22618.93,139660.27,215925.71,1,6779
2024-03-12 17:00:00,22634.98,145116.11,228101.44,1,7675
2024-03-12 18:00:00,22845.18,143167.61,228813.65,1,8294
2024-03-12 19:00:00,20527.18,117624.56,189010.24,1,6998
2024-03-12 20:00:00,21998.07,119694.69,180007.67,1,7144
2024-03-12 21:00:00,24390.82,134342.65,197097.81,1,7819
2024-03-12 22:00:00,22083.34,122679.26,176933.2,1,6680
2024-03-12 23:00:00,14129.74,71916.14,104678.76,1,3654
2024-03-13 00:00:00,7644.52,36134.14,51463.34,1,1653
2024-03-13 01:00:00,2282.46,12144.13,17428.1,1,664
2024-03-13 02:00:00,1188.98,5773.15,8486.24,1,352
2024-03-13 03:00:00,875.63,4379.3,6107.75,1,211
2024-03-13 04:00:00,1702.39,7949.6,10702.1,1,298
2024-03-13 05:00:00,3776.72,17289.26,23742.8,1,704
2024-03-13 06:00:00,8116.3,38421.12,52683.83,1,1840
2024-03-13 07:00:00,13318.38,75463.04,106961.55,1,4410
2024-03-13 08:00:00,15734.93,100529.86,143512.38,1,5883
2024-03-13 09:00:00,16402.55,104006.92,149701.18,1,5775
2024-03-13 10:00:00,16663.62,104924.9,150925.48,1,5490
2024-03-13 11:00:00,17577.48,112720.55,160276.41,1,5728
2024-03-13 12:00:00,20290.1,128110.95,181199.61,1,6277
2024-03-13 13:00:00,18855.48,118672.58,168271.63999999998,1,6007
2024-03-13 14:00:00,24003.12,143333.3,203174.43,1,6742
2024-03-13 15:00:00,23855.47,145863.19,207733.65,1,6950
2024-03-13 16:00:00,22867.79,145050.1,224936.04,1,7083
2024-03-13 17:00:00,24549.39,155886.52,243009.72,1,8148
2024-03-13 18:00:00,24707.46,149624.9,240009.35,1,8729
2024-03-13 19:00:00,25038.39,138385.27,223735.16,1,8343
2024-03-13 20:00:00,24899.0,138323.41,208345.47,1,8435
2024-03-13 21:00:00,26219.59,145951.09,215912.59,1,8440
2024-03-13 22:00:00,25083.0,133725.89,195438.57,1,7415
2024-03-13 23:00:00,16268.78,81535.31,119741.27,1,4146
2024-03-14 00:00:00,8521.9,40881.47,58558.51,1,1947
2024-03-14 01:00:00,3120.24,16093.25,23417.1,1,960
2024-03-14 02:00:00,1536.73,8283.6,11997.77,1,493
2024-03-14 03:00:00,1456.7,6873.29,9617.75,1,314
2024-03-14 04:00:00,2196.67,10459.6,14116.86,1,389
2024-03-14 05:00:00,4108.44,19701.73,27017.46,1,795
2024-03-14 06:00:00,8641.31,42686.98,58165.38,1,1984
2024-03-14 07:00:00,61867.45,80857.61,113033.95,1,4458
2024-03-14 08:00:00,38773.42,106725.59,150246.23,1,5968
2024-03-14 09:00:00,16899.41,109264.4,155695.35,1,5959
2024-03-14 10:00:00,53786.619999999995,109722.56,156688.6,1,5694
2024-03-14 11:00:00,18634.62,121335.2,172194.9,1,6173
2024-03-14 12:00:00,20177.69,129226.06,182727.49,1,6430
2024-03-14 13:00:00,21966.35,134318.48,190176.9,1,6694
2024-03-14 14:00:00,26624.38,159477.99,224941.5,1,7263
2024-03-14 15:00:00,26753.63,166182.67,234558.92,1,7729
2024-03-14 16:00:00,26666.71,170641.04,259511.88,1,8112
2024-03-14 17:00:00,29346.57,194710.81,295248.44,1,9662
2024-03-14 18:00:00,29691.14,189744.48,293747.85,1,10768
2024-03-14 19:00:00,29590.08,175451.42,270514.26,1,9893
2024-03-14 20:00:00,30484.32,177672.78,258935.17,1,9954
2024-03-14 21:00:00,30113.74,171385.88,249191.93,1,9912
2024-03-14 22:00:00,30009.29,169757.1,243458.06,1,9113
2024-03-14 23:00:00,22988.89,125753.41,178402.65,1,6396
2024-03-15 00:00:00,13360.5,69828.38,101544.76,1,3909
2024-03-15 01:00:00,6548.03,32619.63,47730.96,1,1879
2024-03-15 02:00:00,3008.84,15634.4,23390.62,1,991
2024-03-15 03:00:00,2332.73,11794.62,16918.53,1,624
2024-03-15 04:00:00,3462.34,16418.5,22557.0,1,743
2024-03-15 05:00:00,5488.0199999999995,26440.02,36611.909999999996,1,982
2024-03-15 06:00:00,8984.34,45268.48,61060.35,1,2031
2024-03-15 07:00:00,14398.16,77180.58,107682.33,1,4067
2024-03-15 08:00:00,16646.22,95890.54,135598.25,1,5246
2024-03-15 09:00:00,16051.32,95840.45,136603.88,1,5090
2024-03-15 10:00:00,17134.85,103582.42,146367.85,1,5273
2024-03-15 11:00:00,17165.79,108144.27,153541.87,1,5545
2024-03-15 12:00:00,19502.73,122155.57,174128.52,1,6641
2024-03-15 13:00:00,20656.69,122629.81,173681.29,1,6320
2024-03-15 14:00:00,24444.52,146036.83,206627.58,1,7220
2024-03-15 15:00:00,25475.78,152684.46,215326.03,1,7445
2024-03-15 16:00:00,24971.95,148089.74,227102.4,1,7131
2024-03-15 17:00:00,55703.67,158035.45,246584.17,1,8716
2024-03-15 18:00:00,59588.689999999995,163434.85,253831.7,1,9470
2024-03-15 19:00:00,60376.009999999995,153455.88,237037.1,1,9319
2024-03-15 20:00:00,23961.88,132014.27,194057.71,1,7733
2024-03-15 21:00:00,22724.93,124477.32,184704.67,1,7169
2024-03-15 22:00:00,24727.24,139158.64,203762.49,1,7639
2024-03-15 23:00:00,25151.78,140511.38,201723.51,1,7630
2024-03-16 00:00:00,19677.17,113180.31,161827.44,1,6430
2024-03-16 01:00:00,66189.75,81974.03,119180.78,1,5055
2024-03-16 02:00:00,9748.18,54211.88,79358.6,1,3524
2024-03-16 03:00:00,6797.74,35711.31,51549.07,1,2173
2024-03-16 04:00:00,4856.33,24039.38,33381.89,1,1205
2024-03-16 05:00:00,3863.47,18802.34,25807.24,1,768
2024-03-16 06:00:00,5997.68,27513.82,36830.28,1,1039
2024-03-16 07:00:00,6833.24,31822.76,44791.17,1,1529
2024-03-16 08:00:00,9401.66,46098.79,66257.58,1,2461
2024-03-16 09:00:00,12130.69,63246.9,91222.5,1,3677
2024-03-16 10:00:00,13484.06,75925.58,108486.4,1,4418
2024-03-16 11:00:00,15571.76,91043.92,129628.59,1,5053
2024-03-16 12:00:00,17323.17,104115.9,148131.34,1,5792
2024-03-16 13:00:00,18855.04,116104.19,163471.05,1,6271
2024-03-16 14:00:00,22767.19,132624.37,184914.22,1,6380
2024-03-16 15:00:00,23866.51,141865.0,198120.58,1,6966
2024-03-16 16:00:00,23999.49,146170.09,206003.52,1,7535
2024-03-16 17:00:00,24185.27,148791.1,210472.47,1,8276
2024-03-16 18:00:00,162172.53999999998,151321.68,213420.98,1,9012
2024-03-16 19:00:00,25653.73,163282.15,224576.75,1,9078
2024-03-16 20:00:00,24308.01,147370.84,209533.59,1,8371
2024-03-16 21:00:00,84190.22,143926.16,206694.74,1,8373
2024-03-16 22:00:00,27982.5,169095.35,240227.15,1,9272
2024-03-16 23:00:00,29206.99,170714.81,239467.98,1,8774
2024-03-17 00:00:00,22701.03,132100.71,186723.11,1,7465
2024-03-17 01:00:00,15949.15,91150.8,130819.68,1,5623
2024-03-17 02:00:00,10329.68,58097.72,84856.69,1,3704
2024-03-17 03:00:00,7676.11,41512.67,59816.86,1,2496
2024-03-17 04:00:00,7418.07,37234.81,50194.54,1,1858
2024-03-17 05:00:00,6282.35,30475.53,40070.95,1,996
2024-03-17 06:00:00,29225.3,41327.35,53980.3,1,1394
2024-03-17 07:00:00,8601.37,42097.38,56074.38,1,1697
2024-03-17 08:00:00,9853.65,48224.73,67010.35,1,2230
2024-03-17 09:00:00,13487.27,69423.49,97900.11,1,3505
2024-03-17 10:00:00,69417.59,85040.96,120822.01,1,4462
2024-03-17 11:00:00,16098.07,98557.99,139570.2,1,5288
2024-03-17 12:00:00,20174.06,118544.78,166121.48,1,5767
2024-03-17 13:00:00,72203.0,120741.9,170709.15,1,5863
2024-03-17 14:00:00,24615.96,133241.41,188112.17,1,6208
2024-03-17 15:00:00,24983.0,134270.87,189767.38,1,6027
2024-03-17 16:00:00,22205.61,122192.99,172832.72,1,5780
2024-03-17 17:00:00,67639.28,123918.38,176353.49,1,6003
2024-03-17 18:00:00,21948.1,113606.36,163340.56,1,5895
2024-03-17 19:00:00,21785.85,109263.55,155121.59,1,5539
2024-03-17 20:00:00,106007.68000000001,110677.32,161971.7,1,5369
2024-03-17 21:00:00,18506.23,90107.51,131229.36,1,4521
2024-03-17 22:00:00,17549.07,78765.11,112523.6,1,3265
2024-03-17 23:00:00,17211.56,73066.42,102254.63,1,2460
2024-03-18 00:00:00,7683.62,32908.52,46453.409999999996,1,1329
2024-03-18 01:00:00,3026.58,14524.62,19820.06,1,577
2024-03-18 02:00:00,1219.42,5888.74,8349.48,1,338
2024-03-18 03:00:00,1479.43,6824.97,9593.96,1,304
2024-03-18 04:00:00,2974.85,13511.88,18296.38,1,489
2024-03-18 05:00:00,4661.84,21471.24,29195.47,1,862
2024-03-18 06:00:00,10442.64,48546.61,65223.909999999996,1,2009
2024-03-18 07:00:00,13852.75,71386.9,99291.66,1,3575
2024-03-18 08:00:00,15060.61,85605.8,121677.61,1,4759
2024-03-18 09:00:00,83213.71,92904.27,133827.96,1,4891
2024-03-18 10:00:00,16969.38,96194.78,138032.47,1,4804
2024-03-18 11:00:00,16775.3,96024.9,137670.39,1,5007
2024-03-18 12:00:00,17774.82,100757.54,145224.58,1,5291
2024-03-18 13:00:00,19000.71,107262.09,152932.85,1,5464
2024-03-18 14:00:00,22953.0,126681.09,179573.49,1,5988
2024-03-18 15:00:00,24025.09,130031.31,185271.96,1,6036
2024-03-18 16:00:00,85107.92,131367.2,203144.58,1,6289
2024-03-18 17:00:00,31421.19,128710.57,203668.13,1,6765
2024-03-18 18:00:00,52694.6,111693.91,180359.8,1,6502
2024-03-18 19:00:00,19962.62,101006.26,162415.42,1,5723
2024-03-18 20:00:00,20786.27,104541.7,158254.48,1,5922
2024-03-18 21:00:00,20195.79,101881.24,151159.01,1,5625
2024-03-18 22:00:00,18149.75,86945.79,126517.18,1,4005
2024-03-18 23:00:00,13898.85,60623.24,87644.78,1,2434
2024-03-19 00:00:00,6262.37,27388.83,38164.53,1,1145
2024-03-19 01:00:00,3772.71,16372.87,22451.02,1,623
2024-03-19 02:00:00,1487.96,6502.74,9170.69,1,294
2024-03-19 03:00:00,1328.02,5095.08,6927.11,1,226
2024-03-19 04:00:00,1861.35,7823.49,10380.64,1,275
2024-03-19 05:00:00,2983.71,14508.57,19735.2,1,626
2024-03-19 06:00:00,39065.03,40370.15,54339.37,1,1787
2024-03-19 07:00:00,110064.43000000001,74376.8,104477.69,1,4000
2024-03-19 08:00:00,16300.07,99478.76,140412.87,1,5699
2024-03-19 09:00:00,33015.07,107443.83,153647.82,1,5915
2024-03-19 10:00:00,17799.18,113306.33,161715.85,1,6005
2024-03-19 11:00:00,15743.06,102714.91,146566.06,1,5482
2024-03-19 12:00:00,18081.63,112387.41,159482.16,1,5835
2024-03-19 13:00:00,19045.61,115437.42,164890.35,1,6032
2024-03-19 14:00:00,22159.2,130700.81,185182.7,1,6471
2024-03-19 15:00:00,32661.41,135729.06,192026.28,1,6541
2024-03-19 16:00:00,22288.82,129034.55,201586.53,1,6464
2024-03-19 17:00:00,22689.02,138424.88,218272.1,1,7498
2024-03-19 18:00:00,22726.55,133130.3,216701.04,1,8166
2024-03-19 19:00:00,19423.62,108188.63,178341.44,1,6966
2024-03-19 20:00:00,23743.02,124707.69,187588.57,1,7492
2024-03-19 21:00:00,26555.17,145280.88,215005.23,1,8473
2024-03-19 22:00:00,20301.55,111709.47,162152.53,1,6263
2024-03-19 23:00:00,15359.49,72786.28,105918.65,1,3436
2024-03-20 00:00:00,8107.58,37621.53,53402.21,1,1663
2024-03-20 01:00:00,3163.96,14892.75,21015.53,1,711
2024-03-20 02:00:00,1454.12,7298.9,10374.85,1,368
2024-03-20 03:00:00,1116.73,5193.11,7234.9,1,241
2024-03-20 04:00:00,1933.76,8839.8,11631.28,1,309
2024-03-20 05:00:00,3772.2400000000002,17726.46,24140.28,1,667
2024-03-20 06:00:00,8447.03,40496.68,55450.52,1,1893
2024-03-20 07:00:00,20756.04,70129.65,99222.36,1,3898
2024-03-20 08:00:00,75600.55,94299.57,133593.46,1,5525
2024-03-20 09:00:00,15451.96,99072.94,142689.68,1,5618
2024-03-20 10:00:00,16834.15,102701.33,147021.65,1,5377
2024-03-20 11:00:00,16521.89,106328.48,151831.62,1,5651
2024-03-20 12:00:00,17959.71,111060.02,157768.78,1,5837
2024-03-20 13:00:00,19114.04,115242.5,164867.97,1,5891
2024-03-20 14:00:00,22815.61,133538.55,191244.47,1,6613
2024-03-20 15:00:00,23122.78,132045.2,187977.92,1,6280
2024-03-20 16:00:00,24944.13,153520.96,238605.62,1,7673
2024-03-20 17:00:00,27516.18,172275.54,268622.99,1,9520
2024-03-20 18:00:00,24920.98,145459.49,230945.36,1,8422
2024-03-20 19:00:00,23901.74,130655.65,209854.79,1,7940
2024-03-20 20:00:00,25240.9,134125.61,202534.43,1,8151
2024-03-20 21:00:00,30306.47,155746.44,229449.99,1,9144
2024-03-20 22:00:00,25455.35,131450.93,192472.8,1,7539
2024-03-20 23:00:00,17188.55,82094.7,119791.81,1,4068
2024-03-21 00:00:00,8399.47,39496.08,56847.79,1,1879
2024-03-21 01:00:00,3173.64,15643.19,22566.56,1,859
2024-03-21 02:00:00,1612.45,8207.98,12030.59,1,498
2024-03-21 03:00:00,1284.54,6702.59,9328.27,1,322
2024-03-21 04:00:00,2296.11,9967.04,13659.15,1,388
2024-03-21 05:00:00,4692.92,20695.67,28507.65,1,891
2024-03-21 06:00:00,9146.04,42900.43,59061.37,1,2133
2024-03-21 07:00:00,14476.63,76515.14,107557.12,1,4307
2024-03-21 08:00:00,66041.04,109317.69,153724.08,1,6364
2024-03-21 09:00:00,65787.97,112342.92,160222.75,1,6290
2024-03-21 10:00:00,16852.71,106520.02,152610.33,1,5690
2024-03-21 11:00:00,17817.04,113302.92,161694.77,1,5947
2024-03-21 12:00:00,61777.39,121138.01,172604.52,1,6351
2024-03-21 13:00:00,21452.02,129026.42,184864.58,1,6564
2024-03-21 14:00:00,24876.75,146432.57,207524.77,1,6979
2024-03-21 15:00:00,25582.5,150975.95,214394.63999999998,1,7110
2024-03-21 16:00:00,26374.69,153680.72,236226.26,1,7241
2024-03-21 17:00:00,25916.45,162308.88,252512.45,1,8503
2024-03-21 18:00:00,27067.2,161880.36,254703.64,1,9292
2024-03-21 19:00:00,26947.86,148403.12,233757.16,1,8526
2024-03-21 20:00:00,28605.54,153577.0,228830.8,1,9151
2024-03-21 21:00:00,31540.69,167227.07,245471.59,1,9954
2024-03-21 22:00:00,31275.37,163962.55,237224.84,1,9204
2024-03-21 23:00:00,22686.52,116040.44,167965.99,1,6360
2024-03-22 00:00:00,11752.39,57186.06,83655.16,1,3118
2024-03-22 01:00:00,5343.65,27465.71,40598.05,1,1615
2024-03-22 02:00:00,2841.48,13900.4,20834.87,1,896
2024-03-22 03:00:00,2225.07,9550.43,13974.67,1,581
2024-03-22 04:00:00,2998.96,13458.03,18601.74,1,528
2024-03-22 05:00:00,4598.06,20649.12,28413.09,1,802
2024-03-22 06:00:00,10400.31,46703.9,63172.9,1,1900
2024-03-22 07:00:00,238434.37,66164.69,91784.45,1,3354
2024-03-22 08:00:00,15183.62,82774.51,117020.08,1,4527
2024-03-22 09:00:00,14726.1,84725.45,120910.45,1,4568
2024-03-22 10:00:00,15518.2,89946.08,128316.73,1,4829
2024-03-22 11:00:00,15951.7,97022.52,139062.11,1,5326
2024-03-22 12:00:00,18556.78,108724.66,154760.55,1,5711
2024-03-22 13:00:00,20177.43,113498.04,161154.17,1,5825
2024-03-22 14:00:00,23243.29,129895.87,183976.37,1,6460
2024-03-22 15:00:00,24762.82,142474.26,201522.42,1,6946
2024-03-22 16:00:00,67495.65,132788.97,204629.86,1,6795
2024-03-22 17:00:00,69838.92,147569.58,230220.39,1,8095
2024-03-22 18:00:00,26047.69,150010.28,233743.82,1,8616
2024-03-22 19:00:00,50023.68,150084.38,231547.94,1,8935
2024-03-22 20:00:00,21488.61,115823.72,171616.03,1,6770
2024-03-22 21:00:00,22517.77,121189.86,181146.06,1,6726
2024-03-22 22:00:00,69969.91,129562.26,189048.55,1,7020
2024-03-22 23:00:00,24601.57,130745.08,187962.22,1,6904
2024-03-23 00:00:00,21528.93,116889.84,166787.01,1,6588
2024-03-23 01:00:00,15682.65,87204.67,125105.21,1,5325
2024-03-23 02:00:00,10585.71,58076.61,84689.66,1,3827
2024-03-23 03:00:00,6808.45,34738.04,50250.64,1,2199
2024-03-23 04:00:00,5048.47,24812.08,33826.88,1,1355
2024-03-23 05:00:00,2891.89,13371.31,18240.63,1,598
2024-03-23 06:00:00,5078.66,22356.34,30151.34,1,938
2024-03-23 07:00:00,6680.25,29768.96,40814.52,1,1340
2024-03-23 08:00:00,7453.84,36143.73,51296.59,1,2016
2024-03-23 09:00:00,9945.29,52755.09,76320.98,1,3327
2024-03-23 10:00:00,12817.46,71740.86,104686.37,1,4480
2024-03-23 11:00:00,14544.8,86216.09,125548.48,1,5497
2024-03-23 12:00:00,44447.89,109334.81,155663.53,1,6657
2024-03-23 13:00:00,19299.89,124845.7,175344.14,1,7219
2024-03-23 14:00:00,20480.71,129513.8,181214.35,1,7483
2024-03-23 15:00:00,59962.95,139265.99,192902.13999999998,1,7430
2024-03-23 16:00:00,67148.13,129666.87,180831.98,1,7273
2024-03-23 17:00:00,43586.57,119196.16,166049.46,1,6675
2024-03-23 18:00:00,23074.97,127012.11,178822.24,1,6850
2024-03-23 19:00:00,131313.09,129931.25,182906.08,1,7482
2024-03-23 20:00:00,76211.08,110721.02,160651.77,1,6393
2024-03-23 21:00:00,20365.47,108471.31,161477.37,1,6320
2024-03-23 22:00:00,22472.07,121556.09,179018.87,2,6987
2024-03-23 23:00:00,24802.01,136444.94,195252.32,2,7707
2024-03-24 00:00:00,23414.7,123536.77,175681.77,1,6827
2024-03-24 01:00:00,27092.68,93780.02,134101.89,1,5559
2024-03-24 02:00:00,12117.48,63703.42,91964.21,1,4014
2024-03-24 03:00:00,8211.79,41685.79,59628.56,1,2588
2024-03-24 04:00:00,6409.61,30106.13,40424.81,1,1592
2024-03-24 05:00:00,3876.95,16714.920000000002,22675.57,1,666
2024-03-24 06:00:00,5708.22,24713.05,33386.63,1,870
2024-03-24 07:00:00,6570.74,29191.89,39969.3,1,1231
2024-03-24 08:00:00,8387.33,39384.86,54989.18,1,1908
2024-03-24 09:00:00,11661.41,57838.37,82544.26,1,3067
2024-03-24 10:00:00,14443.91,76043.0,109332.25,1,4266
2024-03-24 11:00:00,56018.72000000001,86726.03,125134.71,1,4991
2024-03-24 12:00:00,18695.83,104777.16,151111.7,1,5888
2024-03-24 13:00:00,20675.77,114374.48,163276.42,1,5955
2024-03-24 14:00:00,21190.38,117558.48,167502.05,1,5893
2024-03-24 15:00:00,23660.86,126309.74,179150.09,1,5780
2024-03-24 16:00:00,24509.7,129983.74,184155.34,1,5871
2024-03-24 17:00:00,22199.13,121319.49,172013.56,1,5952
2024-03-24 18:00:00,24005.04,126436.35,178182.55,1,6063
2024-03-24 19:00:00,28152.170000000002,116589.42,162584.8,1,5915
2024-03-24 20:00:00,24130.84,120615.78,171602.01,1,5866
2024-03-24 21:00:00,21863.92,104410.5,150537.12,1,5049
2024-03-24 22:00:00,19869.39,90224.32,127282.05,1,3666
2024-03-24 23:00:00,19058.0,77187.9,105984.54,1,2436
2024-03-25 00:00:00,9111.8,38109.85,53877.34,1,1391
2024-03-25 01:00:00,5373.24,21158.57,28470.09,1,676
2024-03-25 02:00:00,2648.0,11368.66,15188.76,1,402
2024-03-25 03:00:00,2028.85,9001.59,11945.31,1,306
2024-03-25 04:00:00,2825.52,11959.27,15928.01,1,379
2024-03-25 05:00:00,4167.81,17997.53,24252.17,1,704
2024-03-25 06:00:00,240062.82,41217.3,55475.48,1,1875
2024-03-25 07:00:00,150787.38,72007.46,99392.06,1,3664
2024-03-25 08:00:00,15800.59,91968.62,128380.72,1,4992
2024-03-25 09:00:00,16828.86,97223.39,137730.89,1,5048
2024-03-25 10:00:00,15623.56,91919.76,130248.52,1,4810
2024-03-25 11:00:00,15258.2,90347.47,128905.37,1,4972
2024-03-25 12:00:00,16135.86,93550.74,135151.88,1,5192
2024-03-25 13:00:00,18233.35,102375.88,147111.7,1,5435
2024-03-25 14:00:00,23064.19,124756.21,175305.99,1,5743
2024-03-25 15:00:00,61296.46,119420.12,169754.64,1,5836
2024-03-25 16:00:00,21369.52,118047.67,182617.44,1,5660
2024-03-25 17:00:00,21881.07,121968.9,190610.42,1,6413
2024-03-25 18:00:00,22271.56,117421.58,186668.6,1,6442
2024-03-25 19:00:00,19660.05,98887.42,158703.96,1,5660
2024-03-25 20:00:00,20674.57,102017.53,152884.23,1,5686
2024-03-25 21:00:00,20068.77,99019.48,146880.78,1,5489
2024-03-25 22:00:00,17401.87,83117.82,121106.26,1,4189
2024-03-25 23:00:00,14355.31,61914.63,88705.86,1,2478
2024-03-26 00:00:00,8800.06,37249.13,51920.17,1,1332
2024-03-26 01:00:00,3426.78,13873.31,19107.35,1,550
2024-03-26 02:00:00,1739.27,8002.88,10762.45,1,295
2024-03-26 03:00:00,936.3,4399.52,5915.49,1,176
2024-03-26 04:00:00,1641.93,7142.36,9298.32,1,249
2024-03-26 05:00:00,108684.22,13669.9,18790.4,1,627
2024-03-26 06:00:00,8104.44,37334.75,50831.38,1,1805
2024-03-26 07:00:00,12565.74,67002.83,93990.28,1,3651
2024-03-26 08:00:00,100240.82,93749.69,131885.89,1,5374
2024-03-26 09:00:00,16669.03,103878.17,147798.11,1,5678
2024-03-26 10:00:00,24605.54,103875.48,147528.32,1,5403
2024-03-26 11:00:00,15326.91,99015.04,140752.8,1,5343
2024-03-26 12:00:00,17711.67,109073.9,155169.0,1,5789
2024-03-26 13:00:00,18759.44,112444.75,160313.06,1,6011
2024-03-26 14:00:00,21427.36,125918.04,178643.97,1,6333
2024-03-26 15:00:00,22536.59,131201.71,186197.43,1,6497
2024-03-26 16:00:00,23537.92,133507.2,205975.56,1,6542
2024-03-26 17:00:00,82330.44,145376.19,226840.14,1,7800
2024-03-26 18:00:00,24154.93,144126.21,229433.79,1,8628
2024-03-26 19:00:00,23404.61,124457.19,196723.79,1,7430
2024-03-26 20:00:00,75436.26,135418.89,201716.88999999998,1,7802
2024-03-26 21:00:00,28518.27,147095.35,214964.47,1,8642
2024-03-26 22:00:00,24674.89,128226.09,185196.15,1,7271
2024-03-26 23:00:00,15328.73,70431.79,101895.11,1,3465
2024-03-27 00:00:00,8050.13,36354.87,51391.26,1,1586
2024-03-27 01:00:00,2013.17,11231.46,15855.51,1,583
2024-03-27 02:00:00,1314.98,6045.92,8656.34,1,336
2024-03-27 03:00:00,1135.16,5293.39,7248.94,1,224
2024-03-27 04:00:00,1869.73,8540.31,11541.35,1,281
2024-03-27 05:00:00,85945.70999999999,18211.56,24833.55,1,707
2024-03-27 06:00:00,8289.54,38220.57,52746.44,1,1871
2024-03-27 07:00:00,13464.37,70956.83,99660.2,1,3967
2024-03-27 08:00:00,16139.87,98338.98,138235.74,1,5609
2024-03-27 09:00:00,16884.97,105697.97,150355.45,1,5751
2024-03-27 10:00:00,15358.84,99989.92,143273.96,1,5486
2024-03-27 11:00:00,16388.15,107581.16,153427.94,1,5680
2024-03-27 12:00:00,17882.96,119094.35,169930.73,1,6217
2024-03-27 13:00:00,19734.69,121962.66,173498.43,1,6096
2024-03-27 14:00:00,23602.84,141036.12,198881.73,1,6633
2024-03-27 15:00:00,58923.39,156349.88,220263.75,1,7335
2024-03-27 16:00:00,78819.29999999999,148333.26,228480.15,1,7463
2024-03-27 17:00:00,66160.99,176279.29,271925.04,1,9421
2024-03-27 18:00:00,27691.7,180761.07,277939.44,1,10408
2024-03-27 19:00:00,73853.2,132884.03,207147.83,1,7855
2024-03-27 20:00:00,26649.66,139496.58,207025.84,1,8111
2024-03-27 21:00:00,26826.3,140454.29,205837.58,1,8200
2024-03-27 22:00:00,26023.1,130521.86,189609.12,1,7197
2024-03-27 23:00:00,17726.3,84321.78,121402.18,1,4171
2024-03-28 00:00:00,10430.23,46992.06,67083.68,1,2183
2024-03-28 01:00:00,3199.51,16439.07,23668.7,1,896
2024-03-28 02:00:00,1507.32,7782.58,11455.7,1,440
2024-03-28 03:00:00,1317.2,6026.72,8629.62,1,305
2024-03-28 04:00:00,2543.37,11339.35,15304.1,1,418
2024-03-28 05:00:00,4488.85,19883.06,27144.05,1,835
2024-03-28 06:00:00,9357.13,42933.74,58770.72,1,2118
2024-03-28 07:00:00,14282.44,76053.99,104720.36,1,4092
2024-03-28 08:00:00,126321.97,99856.21,138762.3,1,5608
2024-03-28 09:00:00,16998.03,108713.48,153088.16,1,5884
2024-03-28 10:00:00,16192.03,106767.02,151229.59,1,5477
2024-03-28 11:00:00,17158.75,115572.03,163146.68,1,5945
2024-03-28 12:00:00,18830.26,138928.31,192615.41,1,6727
2024-03-28 13:00:00,21457.75,148406.36,204817.47,1,6687
2024-03-28 14:00:00,23331.73,154062.69,214119.68,1,6902
2024-03-28 15:00:00,26155.84,166367.78,230891.02,1,7454
2024-03-28 16:00:00,25993.58,169627.8,252475.99,1,8019
2024-03-28 17:00:00,28281.61,186341.03,274804.66,1,8878
2024-03-28 18:00:00,28511.58,183990.97,275804.67,1,9910
2024-03-28 19:00:00,28867.7,173121.76,266023.16,1,9955
2024-03-28 20:00:00,28898.9,165074.53,238265.38,1,9289
2024-03-28 21:00:00,31686.91,174957.1,250736.04,1,9610
2024-03-28 22:00:00,26918.23,151352.52,213941.59,1,8270
2024-03-28 23:00:00,24029.95,128604.02,182460.59,1,6813
2024-03-29 00:00:00,17254.8,86780.09,124247.25,1,4762
2024-03-29 01:00:00,9084.11,43306.66,62017.03,1,2257
2024-03-29 02:00:00,4236.07,20389.7,29683.55,1,1157
2024-03-29 03:00:00,2523.94,11894.93,17183.0,1,700
2024-03-29 04:00:00,2987.22,14049.79,19175.79,1,729
2024-03-29 05:00:00,4731.53,20608.27,27867.48,1,913
2024-03-29 06:00:00,7739.79,33683.03,45950.09,1,1515
2024-03-29 07:00:00,32394.64,48749.38,67816.37,1,2240
2024-03-29 08:00:00,12105.15,61878.57,88494.17,1,3308
2024-03-29 09:00:00,13201.66,72329.52,103841.74,1,4065
2024-03-29 10:00:00,192386.14,93823.31,132339.43,1,4836
2024-03-29 11:00:00,17007.04,109024.16,151881.62,1,5430
2024-03-29 12:00:00,18742.77,116419.47,160957.38,1,5920
2024-03-29 13:00:00,19083.72,113593.43,158945.65,1,6113
2024-03-29 14:00:00,93432.47,136119.12,190291.21,1,6806
2024-03-29 15:00:00,24715.53,142160.5,199174.72,1,7043
2024-03-29 16:00:00,23399.48,137543.93,210464.22,1,7113
2024-03-29 17:00:00,23814.15,138505.7,214274.7,1,7756
2024-03-29 18:00:00,50513.61,140261.54,219842.37,1,8410
2024-03-29 19:00:00,25682.19,144370.86,221512.45,1,8802
2024-03-29 20:00:00,23623.13,128196.44,186617.96,1,7681
2024-03-29 21:00:00,22534.08,123089.49,180518.57,2,7179
2024-03-29 22:00:00,24247.13,131680.72,191522.13,2,7579
2024-03-29 23:00:00,76834.68,137827.19,195287.21,1,7536
2024-03-30 00:00:00,19895.55,106605.98,152165.18,1,6502
2024-03-30 01:00:00,12021.57,67871.98,100426.94,1,4600
2024-03-30 02:00:00,8899.9,48246.04,70785.52,1,3280
2024-03-30 03:00:00,6910.97,34628.74,49894.99,1,2256
2024-03-30 04:00:00,5852.32,28291.2,38223.85,1,1528
2024-03-30 05:00:00,2914.43,13207.53,17676.26,1,545
2024-03-30 06:00:00,5041.0199999999995,21667.74,29246.53,1,846
2024-03-30 07:00:00,6087.55,26259.35,36354.45,1,1168
2024-03-30 08:00:00,6984.46,34275.82,48506.12,1,1905
2024-03-30 09:00:00,10016.78,51295.23,73435.75,1,3055
2024-03-30 10:00:00,12203.37,65370.75,95047.09,1,4110
2024-03-30 11:00:00,13500.09,76675.34,111314.56,1,4782
2024-03-30 12:00:00,15761.5,93042.18,133378.25,1,5542
2024-03-30 13:00:00,17138.0,101301.82,143838.48,1,5721
2024-03-30 14:00:00,20559.15,113752.93,159446.28,1,5708
2024-03-30 15:00:00,65226.119999999995,117678.82,165318.05,1,6023
2024-03-30 16:00:00,20472.35,123225.47,172748.68,2,6281
2024-03-30 17:00:00,19869.4,124079.59,173681.33,2,6464
2024-03-30 18:00:00,79124.54,123029.83,172324.88,1,6842
2024-03-30 19:00:00,21469.12,127664.39,175928.24,2,7076
2024-03-30 20:00:00,122848.84,138565.19,198180.73,2,8295
2024-03-30 21:00:00,19331.24,109542.93,157512.43,2,6382
2024-03-30 22:00:00,21430.42,118173.07,171278.75,2,6666
2024-03-30 23:00:00,22926.36,126471.13,178789.49,1,7075
2024-03-31 00:00:00,20513.9,115548.63,161237.14,1,6687
2024-03-31 01:00:00,13735.7,75998.72,107606.84,1,4761
2024-03-31 02:00:00,8883.87,47464.22,68915.46,1,3127
2024-03-31 03:00:00,7626.04,38488.61,53506.99,1,2353
2024-03-31 04:00:00,6415.04,31065.56,40605.13,1,1596
2024-03-31 05:00:00,4551.2300000000005,20298.85,27210.81,1,720
2024-03-31 06:00:00,6683.37,28302.47,37272.42,1,976
2024-03-31 07:00:00,5942.25,27285.99,37564.49,1,1186
2024-03-31 08:00:00,7959.68,37712.34,52785.57,1,1898
2024-03-31 09:00:00,11060.02,54427.47,77403.62,1,3077
2024-03-31 10:00:00,14298.47,74910.38,107475.17,1,4451
2024-03-31 11:00:00,16144.31,85224.11,122251.14,2,5091
2024-03-31 12:00:00,19740.3,102433.45,146002.76,2,5751
2024-03-31 13:00:00,22459.5,118678.48,166991.49,2,6188
2024-03-31 14:00:00,24131.94,127186.07,177554.06,2,6218
2024-03-31 15:00:00,77859.62000000001,118608.78,166168.8,2,5577
2024-03-31 16:00:00,21926.9,115357.18,162602.18,2,5550
2024-03-31 17:00:00,20601.2,111194.44,156735.49,1,5698
2024-03-31 18:00:00,19601.63,104141.23,147544.76,1,5446
2024-03-31 19:00:00,22568.74,112299.15,156755.58,1,5410
2024-03-31 20:00:00,22373.82,110198.11,158819.19,1,5698
2024-03-31 21:00:00,21641.98,104753.74,150665.51,1,5070
2024-03-31 22:00:00,18466.87,86394.93,122124.33,1,3720
2024-03-31 23:00:00,13850.51,61771.17,87392.11,1,2231
2024-04-01 00:00:00,15.2,66.2,107.87,1,2
2024-03-31 20:00:00,17.16,70.0,95.09,2,1
2024-03-31 23:00:00,9.48,46.1,66.76,1,3
2024-04-01 00:00:00,7472.53,33260.18,47223.04,1,1276
2024-04-01 01:00:00,2793.03,11909.63,16278.63,1,534
2024-04-01 02:00:00,1203.36,5594.05,7700.0199999999995,1,292
2024-04-01 03:00:00,1471.05,6449.31,8592.49,1,254
2024-04-01 04:00:00,2243.42,9443.31,12681.07,2,364
2024-04-01 05:00:00,34283.799999999996,19159.57,26031.65,1,752
2024-04-01 06:00:00,68797.33,38262.89,51361.26,1,1666
2024-04-01 07:00:00,57202.69,64704.98,90467.2,1,3324
2024-04-01 08:00:00,15593.4,84674.55,120534.31,1,4559
2024-04-01 09:00:00,15005.9,85823.62,123275.19,1,4892
2024-04-01 10:00:00,89062.03000000001,92280.3,132642.02,1,5001
2024-04-01 11:00:00,17027.47,97075.94,138381.87,1,5159
2024-04-01 12:00:00,19009.84,107738.93,152046.75,1,5495
2024-04-01 13:00:00,22331.87,118127.94,166187.58,1,5533
2024-04-01 14:00:00,24523.31,128685.09,181874.71,1,6139
2024-04-01 15:00:00,23087.78,125494.92,178102.87,1,6213
2024-04-01 16:00:00,21821.37,120166.05,185353.1,1,5954
2024-04-01 17:00:00,22405.47,122010.07,191469.62,1,6552
2024-04-01 18:00:00,21369.56,112985.02,181804.79,1,6541
2024-04-01 19:00:00,19948.47,100666.26,160797.36,1,5713
2024-04-01 20:00:00,20263.76,99727.04,149975.85,1,5548
2024-04-01 21:00:00,20362.16,100603.04,147986.38999999998,1,5452
2024-04-01 22:00:00,17235.88,82169.95,119927.83,1,4126
2024-04-01 23:00:00,14986.74,65378.79,92164.38,1,2529
2024-04-02 00:00:00,6632.56,29377.61,41605.9,1,1209
2024-04-02 01:00:00,2384.05,10934.6,15123.61,1,475
2024-04-02 02:00:00,899.19,4370.73,6036.31,1,235
2024-04-02 03:00:00,1404.99,6125.67,7948.37,1,201
2024-04-02 04:00:00,2352.95,10275.22,13569.44,1,381
2024-04-02 05:00:00,4451.49,19337.73,26240.06,1,788
2024-04-02 06:00:00,9057.62,42965.29,58265.51,1,2184
2024-04-02 07:00:00,15231.0,83911.37,116370.37,1,4739
2024-04-02 08:00:00,135853.46,118692.07,163115.95,1,6336
2024-04-02 09:00:00,17182.01,110618.09,154909.67,1,5991
2024-04-02 10:00:00,18559.97,113024.5,160690.07,1,5758
2024-04-02 11:00:00,18501.82,117345.76,165956.04,1,6081
2024-04-02 12:00:00,20528.04,138428.89,195181.47,1,7236
2024-04-02 13:00:00,23384.13,150758.28,211104.76,1,7353
2024-04-02 14:00:00,23113.91,160485.05,224684.92,1,8074
2024-04-02 15:00:00,23884.65,164860.11,229584.07,1,8317
2024-04-02 16:00:00,25893.28,168213.14,252930.42,1,8169
2024-04-02 17:00:00,27113.77,186862.68,281986.49,1,9791
2024-04-02 18:00:00,28466.76,185130.44,281993.5,1,10434
2024-04-02 19:00:00,24973.34,146855.87,227495.21,1,9027
2024-04-02 20:00:00,28293.8,153739.06,224443.59,1,9265
2024-04-02 21:00:00,29004.78,150583.02,218336.23,1,8867
2024-04-02 22:00:00,25465.99,126197.77,181544.33,1,7173
2024-04-02 23:00:00,16200.27,74691.58,106522.6,1,3550
2024-04-03 00:00:00,10352.09,44919.3,62826.86,1,1766
2024-04-03 01:00:00,3174.86,14164.24,19873.63,1,635
2024-04-03 02:00:00,1808.47,8148.65,11160.85,1,358
2024-04-03 03:00:00,1239.73,5242.25,7107.38,1,240
2024-04-03 04:00:00,1606.29,7084.07,9357.82,1,251
2024-04-03 05:00:00,3516.62,16624.78,22954.31,1,818
2024-04-03 06:00:00,9013.45,43901.07,59625.15,1,2397
2024-04-03 07:00:00,15994.14,88852.63,122481.55,1,5037
2024-04-03 08:00:00,28340.87,127682.37,171517.59,1,6745
2024-04-03 09:00:00,16844.86,122272.15,168124.13,1,6603
2024-04-03 10:00:00,21945.0,113862.13,161334.03,1,6052
2024-04-03 11:00:00,65392.29,125032.77,175069.27,1,6421
2024-04-03 12:00:00,18087.31,132387.04,185033.99,1,6937
2024-04-03 13:00:00,93881.98,132045.4,184965.42,1,6633
2024-04-03 14:00:00,60311.93,140688.99,197718.46,1,6988
2024-04-03 15:00:00,22876.38,157900.98,221696.51,1,8174
2024-04-03 16:00:00,25014.49,179773.78,269842.34,1,9035
2024-04-03 17:00:00,29526.25,214646.85,321032.6,1,10979
2024-04-03 18:00:00,28182.78,214594.07,319447.13,1,11279
2024-04-03 19:00:00,71729.36,175928.92,260214.26,1,9776
2024-04-03 20:00:00,29414.4,163706.73,237639.73,1,9967
2024-04-03 21:00:00,30266.85,161901.23,232837.34,1,9581
2024-04-03 22:00:00,27167.59,141572.75,201886.34,1,8123
2024-04-03 23:00:00,19427.3,93542.17,134326.29,1,4980
2024-04-04 00:00:00,10148.9,44816.55,65536.69,1,2020
2024-04-04 01:00:00,6600.75,28430.72,41049.5,1,1058
2024-04-04 02:00:00,5582.15,23842.69,32922.59,1,747
2024-04-04 03:00:00,2686.76,12402.73,16368.0,1,423
2024-04-04 04:00:00,2936.97,13027.13,17627.02,1,522
2024-04-04 05:00:00,82984.28,23795.3,31908.46,1,1097
2024-04-04 06:00:00,10064.14,47840.23,64571.02,1,2521
2024-04-04 07:00:00,16140.71,87988.02,121352.41,1,4890
2024-04-04 08:00:00,80173.96,119316.77,163777.97,1,6470
2024-04-04 09:00:00,53785.88,121242.34,169432.48,1,6366
2024-04-04 10:00:00,17895.31,108984.51,154420.02,1,5718
2024-04-04 11:00:00,25008.62,119997.61,170045.44,1,6081
2024-04-04 12:00:00,20231.75,125636.37,177930.08,1,6443
2024-04-04 13:00:00,22778.18,139133.62,195641.49,1,6675
2024-04-04 14:00:00,23940.79,145208.37,204683.09,1,7046
2024-04-04 15:00:00,25028.08,152897.95,216085.25,1,7234
2024-04-04 16:00:00,25408.06,154883.3,238803.44,1,7565
2024-04-04 17:00:00,26911.25,169125.69,261312.22,1,8928
2024-04-04 18:00:00,29144.51,180400.26,280433.12,1,10020
2024-04-04 19:00:00,27924.14,159051.94,247727.7,1,9187
2024-04-04 20:00:00,29798.77,168352.48,246371.11,1,10161
2024-04-04 21:00:00,30928.16,169154.27,244822.03,1,10028
2024-04-04 22:00:00,31179.49,170950.18,244394.71,1,9349
2024-04-04 23:00:00,153243.22,131139.13,186770.75,1,6955
2024-04-05 00:00:00,12861.8,64223.96,93452.93,1,3701
2024-04-05 01:00:00,6141.79,30415.87,44121.34,1,1759
2024-04-05 02:00:00,2982.96,15634.36,22434.03,1,884
2024-04-05 03:00:00,2184.34,10800.83,15665.8,1,582
2024-04-05 04:00:00,3434.83,15502.75,20926.45,1,723
2024-04-05 05:00:00,5661.76,25753.11,34880.98,1,1060
2024-04-05 06:00:00,8929.4,41765.08,56866.85,1,1977
2024-04-05 07:00:00,14002.03,72733.87,99737.26,1,3826
2024-04-05 08:00:00,15630.99,88770.82,124585.52,1,4941
2024-04-05 09:00:00,16125.55,94250.22,134152.5,1,5121
2024-04-05 10:00:00,18651.62,111086.38,157255.51,1,5599
2024-04-05 11:00:00,19538.84,120240.3,169460.36,1,6192
2024-04-05 12:00:00,22070.61,131362.78,185057.25,1,6691
2024-04-05 13:00:00,22904.82,130079.86,183133.92,1,6573
2024-04-05 14:00:00,78455.6,151155.19,213175.18,1,7486
2024-04-05 15:00:00,25187.63,152911.82,215541.6,1,7704
2024-04-05 16:00:00,25076.56,154232.0,235007.18,1,7617
2024-04-05 17:00:00,26433.33,163626.04,250555.0,1,8696
2024-04-05 18:00:00,26973.23,165585.99,255135.28,1,9387
2024-04-05 19:00:00,27308.0,158538.8,241611.38,1,9457
2024-04-05 20:00:00,30632.7,150380.57,217723.57,1,8868
2024-04-05 21:00:00,110213.6,132013.55,193218.8,1,7943
2024-04-05 22:00:00,27163.23,153125.35,219853.95,1,8660
2024-04-05 23:00:00,83632.84,164766.29,231006.13999999998,1,9016
2024-04-06 00:00:00,24084.4,134831.23,188699.04,1,7817
2024-04-06 01:00:00,17176.27,93116.31,132677.28,1,5857
2024-04-06 02:00:00,11777.45,63825.94,92104.25,1,4354
2024-04-06 03:00:00,8882.44,45969.72,64049.29,1,2867
2024-04-06 04:00:00,6874.64,35323.9,46807.82,1,1764
2024-04-06 05:00:00,3627.11,16985.65,23183.08,1,744
2024-04-06 06:00:00,71113.76,24751.41,33532.4,1,945
2024-04-06 07:00:00,53930.84,32921.78,45862.26,1,1460
2024-04-06 08:00:00,8142.81,41284.47,59256.89,1,2398
2024-04-06 09:00:00,11208.06,59432.86,86073.62,1,3572
2024-04-06 10:00:00,14728.22,80874.06,117343.41,1,4857
2024-04-06 11:00:00,17182.32,98379.69,140959.61,1,5926
2024-04-06 12:00:00,18926.73,112432.02,160047.1,1,6502
2024-04-06 13:00:00,21566.36,128653.18,180800.31,1,6579
2024-04-06 14:00:00,20787.03,125227.34,175106.96,1,6292
2024-04-06 15:00:00,20710.79,129242.06,180575.58,1,6390
2024-04-06 16:00:00,36944.06,148368.77,208744.78,1,7307
2024-04-06 17:00:00,21960.67,136745.83,192342.19,1,7424
2024-04-06 18:00:00,67667.68,144623.36,201300.95,1,8093
2024-04-06 19:00:00,90927.20000000001,150046.48,206077.56,1,8305
2024-04-06 20:00:00,78784.05,131528.26,186024.71,1,7355
2024-04-06 21:00:00,21316.34,121751.03,176888.13,1,7027
2024-04-06 22:00:00,91045.07999999999,148765.34,211578.15,1,8396
2024-04-06 23:00:00,30153.93,176644.79,243280.12,1,9378
2024-04-07 00:00:00,24554.18,144873.44,201458.3,1,8230
2024-04-07 01:00:00,16309.65,92932.37,134254.91,1,6074
2024-04-07 02:00:00,11939.93,65764.87,95850.01,1,4411
2024-04-07 03:00:00,9289.59,48495.58,68439.34,1,3088
2024-04-07 04:00:00,8100.3,40821.66,54436.65,1,2002
2024-04-07 05:00:00,4444.77,20463.12,27657.56,1,801
2024-04-07 06:00:00,6041.46,26385.42,35410.45,1,1001
2024-04-07 07:00:00,7731.65,34658.93,47236.79,1,1392
2024-04-07 08:00:00,50132.7,39240.94,55359.11,1,2031
2024-04-07 09:00:00,12013.91,59805.2,85668.56,1,3262
2024-04-07 10:00:00,15483.41,82113.81,118004.94,1,4715
2024-04-07 11:00:00,16962.11,91287.54,131630.19,1,5446
2024-04-07 12:00:00,21058.96,115137.35,164834.48,1,6219
2024-04-07 13:00:00,74341.99,127038.07,179590.92,1,6221
2024-04-07 14:00:00,24941.53,135426.7,191408.35,1,6492
2024-04-07 15:00:00,23283.67,130047.81,182847.96,1,5926
2024-04-07 16:00:00,25064.5,135401.54,190941.82,1,5994
2024-04-07 17:00:00,21919.34,125340.16,177468.38,1,6042
2024-04-07 18:00:00,21557.61,120531.8,170303.11,1,5758
2024-04-07 19:00:00,21684.24,109873.68,154038.3,1,5167
2024-04-07 20:00:00,71393.54,97614.33,141397.28,1,4955
2024-04-07 21:00:00,18947.29,90892.18,132306.38999999998,1,4416
2024-04-07 22:00:00,18011.5,82074.3,117419.31999999999,1,3616
2024-04-07 23:00:00,14348.49,61691.49,86792.87,1,2311
2024-04-08 00:00:00,6466.47,28542.2,39871.11,1,1072
2024-04-08 01:00:00,2415.49,10667.98,14519.36,1,469
2024-04-08 02:00:00,1261.66,5494.09,7789.45,1,264
2024-04-08 03:00:00,34061.24,4647.06,6294.89,1,212
2024-04-08 04:00:00,2649.66,11018.539999999999,14887.24,1,436
2024-04-08 05:00:00,273130.31,18169.39,24789.58,1,818
2024-04-08 06:00:00,42209.68,42242.75,57065.48,1,1990
2024-04-08 07:00:00,13983.03,73634.42,101725.88,1,3966
2024-04-08 08:00:00,15982.37,91631.9,128346.17,1,4983
2024-04-08 09:00:00,15472.71,88777.33,126414.05,1,4711
2024-04-08 10:00:00,15908.77,91104.3,129961.78,1,4728
2024-04-08 11:00:00,42662.33,98390.96,139946.06,1,4975
2024-04-08 12:00:00,18573.55,103880.04,148681.46,1,5423
2024-04-08 13:00:00,21608.77,117479.05,167243.34,1,5867
2024-04-08 14:00:00,23808.93,128073.71,182053.83,1,6538
2024-04-08 15:00:00,22766.78,123299.98,174899.2,1,6065
2024-04-08 16:00:00,22427.12,117555.53,182843.61,1,5969
2024-04-08 17:00:00,21523.18,115909.6,185140.94,1,6637
2024-04-08 18:00:00,22532.71,124911.78,203002.58,1,7562
2024-04-08 19:00:00,20364.77,102611.7,163638.45,1,5634
2024-04-08 20:00:00,21064.66,104725.23,157895.68,1,5931
2024-04-08 21:00:00,20725.27,102963.14,149942.76,1,5491
2024-04-08 22:00:00,17892.62,88523.35,130679.86,1,4687
2024-04-08 23:00:00,14943.35,65325.85,94508.64,1,2817
2024-04-09 00:00:00,7444.96,31637.83,44735.55,1,1288
2024-04-09 01:00:00,2996.33,13006.77,17839.6,1,566
2024-04-09 02:00:00,881.13,3902.34,5701.09,1,234
2024-04-09 03:00:00,833.16,3934.94,5440.83,1,184
2024-04-09 04:00:00,1535.9,6685.9,8872.71,1,222
2024-04-09 05:00:00,4145.55,17788.49,24533.69,1,725
2024-04-09 06:00:00,7164.07,34271.9,47353.44,1,1791
2024-04-09 07:00:00,68778.69,75072.72,105604.37,1,4109
2024-04-09 08:00:00,16649.91,101330.19,142384.87,1,5542
2024-04-09 09:00:00,16458.66,102617.38,145446.56,1,5567
2024-04-09 10:00:00,17261.57,105810.62,151852.7,1,5447
2024-04-09 11:00:00,17343.96,108926.4,153797.88,1,5531
2024-04-09 12:00:00,22400.59,120603.48,170821.5,1,6096
2024-04-09 13:00:00,20597.58,125918.15,178338.63,1,6337
2024-04-09 14:00:00,23689.07,141501.44,199552.36,1,6862
2024-04-09 15:00:00,23519.8,139571.45,197664.35,1,6863
2024-04-09 16:00:00,23649.76,144467.07,222485.52,1,7019
2024-04-09 17:00:00,25138.78,158364.63,242222.84,1,8016
2024-04-09 18:00:00,26283.95,161462.06,252223.99,1,8891
2024-04-09 19:00:00,25149.3,141641.15,221548.23,1,7965
2024-04-09 20:00:00,25829.85,138283.62,204980.35,1,8334
2024-04-09 21:00:00,31014.54,159895.25,231625.72,1,9108
2024-04-09 22:00:00,28946.14,151629.18,216312.63999999998,1,8233
2024-04-09 23:00:00,23052.46,114400.73,159906.26,1,5688
2024-04-10 00:00:00,8458.78,40188.96,57403.13,1,2171
2024-04-10 01:00:00,2925.63,13829.73,19640.5,1,755
2024-04-10 02:00:00,1096.92,6015.31,8480.01,1,341
2024-04-10 03:00:00,762.51,3597.2,5130.17,1,198
2024-04-10 04:00:00,2002.31,9215.28,12439.58,1,329
2024-04-10 05:00:00,3583.7,17305.28,23743.92,1,724
2024-04-10 06:00:00,82271.43,43956.46,59890.11,1,2090
2024-04-10 07:00:00,201598.53999999998,69832.56,97022.58,1,3806
2024-04-10 08:00:00,85355.89,87425.98,123263.85,1,4886
2024-04-10 09:00:00,15113.83,92763.52,132275.87,1,5191
2024-04-10 10:00:00,16273.1,97016.13,139709.75,1,5354
2024-04-10 11:00:00,16536.26,103068.22,147843.29,1,5736
2024-04-10 12:00:00,19846.03,119240.07,170456.55,1,6221
2024-04-10 13:00:00,21002.52,123279.15,176358.24,1,6433
2024-04-10 14:00:00,22688.26,128472.76,182698.45,1,6600
2024-04-10 15:00:00,22734.37,129619.27,185875.4,1,6742
2024-04-10 16:00:00,24618.07,138498.29,215849.29,1,7235
2024-04-10 17:00:00,25983.13,151688.56,235976.07,1,8591
2024-04-10 18:00:00,77129.01,160761.5,253054.47,1,9704
2024-04-10 19:00:00,26423.16,140130.9,220789.2,1,8352
2024-04-10 20:00:00,108908.51,143309.2,212188.56,1,8529
2024-04-10 21:00:00,30067.58,156932.32,223589.32,1,8239
2024-04-10 22:00:00,29316.08,160758.43,220156.56,1,7658
2024-04-10 23:00:00,109247.39000000001,121021.2,166878.88999999998,1,5930
2024-04-11 00:00:00,11382.38,56209.67,78313.44,1,3192
2024-04-11 01:00:00,4239.06,20588.58,29125.47,1,1138
2024-04-11 02:00:00,2024.33,9343.77,13388.95,1,540
2024-04-11 03:00:00,3515.8700000000003,6550.48,9059.37,1,360
2024-04-11 04:00:00,3313.11,14632.32,19539.91,1,578
2024-04-11 05:00:00,5679.8,24521.21,33167.14,1,1046
2024-04-11 06:00:00,9859.51,47986.45,64720.9,1,2467
2024-04-11 07:00:00,51139.86000000001,96525.25,132359.14,1,5088
2024-04-11 08:00:00,19228.23,130853.2,175593.4,1,6534
2024-04-11 09:00:00,17294.97,117070.83,161903.78,1,6040
2024-04-11 10:00:00,16585.69,101891.42,145341.37,1,5549
2024-04-11 11:00:00,57492.98,109847.1,156445.47,1,5761
2024-04-11 12:00:00,20426.72,124719.13,176617.69,1,6082
2024-04-11 13:00:00,21403.37,124646.78,176930.35,1,6122
2024-04-11 14:00:00,24589.99,146241.8,207871.5,1,7026
2024-04-11 15:00:00,27040.07,169567.96,239519.98,1,8263
2024-04-11 16:00:00,26914.15,168120.82,254144.21,1,7919
2024-04-11 17:00:00,79012.28,194033.6,293679.36,1,10149
2024-04-11 18:00:00,30439.46,193176.91,297907.43,1,10926
2024-04-11 19:00:00,29962.25,180231.08,280290.66,1,10871
2024-04-11 20:00:00,29310.25,169958.91,247503.88999999998,1,10013
2024-04-11 21:00:00,32205.6,177852.89,257350.77,1,10263
2024-04-11 22:00:00,32987.86,177616.68,252153.01,1,9505
2024-04-11 23:00:00,75438.79,130929.68,185180.75,1,7208
2024-04-12 00:00:00,17273.22,86680.55,121692.41,1,4669
2024-04-12 01:00:00,8548.31,41287.57,57730.44,1,2135
2024-04-12 02:00:00,3146.64,15195.37,22117.08,1,940
2024-04-12 03:00:00,92859.37999999999,10126.16,14296.41,1,526
2024-04-12 04:00:00,3656.43,17356.7,23269.6,1,716
2024-04-12 05:00:00,5312.09,24699.07,33440.48,1,1020
2024-04-12 06:00:00,10001.46,46469.55,63001.15,1,2175
2024-04-12 07:00:00,14441.03,76317.66,105492.31,1,3929
2024-04-12 08:00:00,68830.06,89810.7,125555.76,1,4882
2024-04-12 09:00:00,53567.25000000001,82820.32,119539.27,1,4735
2024-04-12 10:00:00,15616.47,91821.08,131607.21,1,4959
2024-04-12 11:00:00,19797.44,105127.72,150460.33,1,5634
2024-04-12 12:00:00,19809.37,121541.08,173491.54,1,6830
2024-04-12 13:00:00,75932.68000000001,136603.67,190775.52,1,7104
2024-04-12 14:00:00,22612.18,135278.86,192342.84,1,6796
2024-04-12 15:00:00,25643.42,149469.25,211637.23,1,7242
2024-04-12 16:00:00,24869.22,143910.69,221386.16,1,7090
2024-04-12 17:00:00,24744.98,145857.12,225712.82,1,7799
2024-04-12 18:00:00,24598.25,148430.87,231745.37,1,8314
2024-04-12 19:00:00,22854.6,136104.31,213869.19,1,7956
2024-04-12 20:00:00,20142.77,117812.99,174774.91,1,6741
2024-04-12 21:00:00,20684.87,118199.34,176710.55,1,6467
2024-04-12 22:00:00,23937.72,136235.74,201059.97,1,7447
2024-04-12 23:00:00,25182.09,142766.13,203539.56,1,7778
2024-04-13 00:00:00,59677.93,123827.05,175546.29,1,7100
2024-04-13 01:00:00,16338.32,91016.3,131665.85,1,5819
2024-04-13 02:00:00,10836.33,60285.64,88741.83,1,4116
2024-04-13 03:00:00,230645.65,38966.97,56904.76,1,2548
2024-04-13 04:00:00,5159.11,25722.86,35539.21,1,1326
2024-04-13 05:00:00,3195.42,14155.37,19469.26,1,541
2024-04-13 06:00:00,4948.82,21573.12,29014.829999999998,1,918
2024-04-13 07:00:00,6748.39,31348.23,43514.17,1,1461
2024-04-13 08:00:00,9925.21,48971.49,69308.04,1,2620
2024-04-13 09:00:00,11389.76,61066.56,88184.04,1,3755
2024-04-13 10:00:00,14170.25,78756.1,115561.01,1,5166
2024-04-13 11:00:00,18848.28,101864.94,146970.15,1,6322
2024-04-13 12:00:00,121118.68,124292.24,176987.52,1,7372
2024-04-13 13:00:00,21622.32,126180.31,179031.31,1,6840
2024-04-13 14:00:00,21459.93,125248.14,177701.8,1,6817
2024-04-13 15:00:00,22174.54,131218.85,186608.46,1,7202
2024-04-13 16:00:00,22352.57,135901.1,192833.11,1,7289
2024-04-13 17:00:00,21614.45,136876.26,192576.82,1,7646
2024-04-13 18:00:00,23273.34,143511.52,201901.69,1,8061
2024-04-13 19:00:00,23145.21,139497.98,195627.71,1,7740
2024-04-13 20:00:00,68202.12,119022.82,172085.6,1,6609
2024-04-13 21:00:00,78593.49,115768.11,170111.25,2,6646
2024-04-13 22:00:00,87122.11,131387.78,191420.73,1,7548
2024-04-13 23:00:00,26044.69,147593.26,207993.84,1,8339
2024-04-14 00:00:00,23858.58,134951.81,188530.0,1,7853
2024-04-14 01:00:00,19354.26,109272.67,154894.4,1,6930
2024-04-14 02:00:00,13842.12,77350.49,109798.69,1,4955
2024-04-14 03:00:00,8237.32,44096.81,63801.53,1,2909
2024-04-14 04:00:00,6831.26,32810.35,44958.89,1,1804
2024-04-14 05:00:00,3957.55,18158.68,24326.74,1,637
2024-04-14 06:00:00,6182.15,27047.66,36090.3,1,1022
2024-04-14 07:00:00,53422.93,35194.73,48432.31,1,1473
2024-04-14 08:00:00,8306.54,39133.0,55476.84,1,2081
2024-04-14 09:00:00,11483.9,57008.02,81607.39,1,3215
2024-04-14 10:00:00,15092.6,77387.5,111632.94,1,4338
2024-04-14 11:00:00,17211.93,92487.91,133016.19,1,5249
2024-04-14 12:00:00,21550.81,119152.95,169175.2,1,6266
2024-04-14 13:00:00,49876.79,156623.13,217936.24,1,7482
2024-04-14 14:00:00,26947.61,152168.76,211312.88999999998,1,6749
2024-04-14 15:00:00,109369.09,139622.79,193601.96,1,6095
2024-04-14 16:00:00,26024.14,146581.99,204705.68,1,6455
2024-04-14 17:00:00,24064.94,136506.67,189880.97,1,6292
2024-04-14 18:00:00,24598.82,131118.82,185911.67,1,6292
2024-04-14 19:00:00,20147.21,106409.39,151400.97,1,5304
2024-04-14 20:00:00,20408.21,103621.61,152117.84,1,5129
2024-04-14 21:00:00,22048.99,117053.63,169837.26,1,6620
2024-04-14 22:00:00,18985.11,89482.91,127542.72,1,3897
2024-04-14 23:00:00,15513.96,68223.31,96239.99,1,2432
2024-04-15 00:00:00,11564.21,48018.32,66246.59,1,1567
2024-04-15 01:00:00,4932.38,20822.02,28965.48,1,736
2024-04-15 02:00:00,1473.69,6568.2,9078.06,1,329
2024-04-15 03:00:00,1448.52,6713.07,9229.07,1,252
2024-04-15 04:00:00,2190.42,9450.71,12809.08,1,341
2024-04-15 05:00:00,4371.28,19837.76,26590.55,1,772
2024-04-15 06:00:00,87489.86,45086.85,60950.83,1,2034
2024-04-15 07:00:00,64921.55,81349.91,112114.55,1,4103
2024-04-15 08:00:00,16204.99,95683.29,133539.09,1,5081
2024-04-15 09:00:00,15194.93,89752.73,128288.59,1,4928
2024-04-15 10:00:00,16631.44,95947.02,137114.58,1,4902
2024-04-15 11:00:00,16927.48,101833.98,145340.22,1,5174
2024-04-15 12:00:00,19021.66,110752.36,158033.99,1,5567
2024-04-15 13:00:00,21150.14,118851.14,168619.36,1,5815
2024-04-15 14:00:00,24966.67,139288.06,196547.12,1,6438
2024-04-15 15:00:00,24797.74,142265.4,199505.19,1,6695
2024-04-15 16:00:00,25214.75,141089.67,216965.67,1,6653
2024-04-15 17:00:00,23696.96,137956.75,215142.97,1,7333
2024-04-15 18:00:00,22616.85,127655.45,202855.91,1,7215
2024-04-15 19:00:00,82960.91,105839.6,168942.24,1,5757
2024-04-15 20:00:00,20442.82,104445.26,157252.36,1,5688
2024-04-15 21:00:00,20529.92,104217.18,155480.33,1,5715
2024-04-15 22:00:00,20723.24,100242.61,147650.61,1,5128
2024-04-15 23:00:00,14641.0,64878.4,92899.62,1,2835
2024-04-16 00:00:00,8021.53,36961.91,52084.57,1,1490
2024-04-16 01:00:00,3071.56,13958.28,19446.77,1,621
2024-04-16 02:00:00,1043.25,4709.58,6602.13,1,279
2024-04-16 03:00:00,935.57,4275.96,6072.64,1,227
2024-04-16 04:00:00,2114.28,9202.73,12387.55,1,322
2024-04-16 05:00:00,3867.56,17336.61,23757.54,1,700
2024-04-16 06:00:00,8753.17,41043.47,56525.03,1,1995
2024-04-16 07:00:00,14667.76,79778.99,111520.1,1,4309
2024-04-16 08:00:00,145525.58000000002,103148.47,145187.21,1,5718
2024-04-16 09:00:00,14949.35,97940.86,139655.02,1,5463
2024-04-16 10:00:00,16460.67,104249.65,149194.29,1,5539
2024-04-16 11:00:00,15714.98,102531.67,145210.39,1,5386
2024-04-16 12:00:00,18610.33,116840.31,164692.11,1,5802
2024-04-16 13:00:00,19856.54,122276.01,172175.41,1,5966
2024-04-16 14:00:00,22767.18,138457.09,195196.26,1,6573
2024-04-16 15:00:00,23043.82,140462.19,197789.31,1,6731
2024-04-16 16:00:00,23322.23,145309.79,221420.94,1,6814
2024-04-16 17:00:00,21916.97,143579.4,223299.75,1,7523
2024-04-16 18:00:00,63508.57000000001,143805.12,228235.96,1,8115
2024-04-16 19:00:00,22025.02,121038.84,193584.47,1,6823
2024-04-16 20:00:00,22883.52,123770.19,186824.43,1,6946
2024-04-16 21:00:00,25037.0,134130.89,199828.13999999998,1,7640
2024-04-16 22:00:00,61160.31,119938.78,175928.76,1,6683
2024-04-16 23:00:00,13664.85,65590.28,95553.31999999999,1,3353
2024-04-17 00:00:00,6049.37,28421.63,41716.26,1,1472
2024-04-17 01:00:00,2314.7,11390.88,16565.02,1,615
2024-04-17 02:00:00,1136.21,5657.48,8357.38,1,353
2024-04-17 03:00:00,1067.55,5157.74,7176.76,1,256
2024-04-17 04:00:00,2381.96,9766.88,12882.59,1,343
2024-04-17 05:00:00,4060.64,18408.06,25218.28,1,727
2024-04-17 06:00:00,8918.01,41355.51,56882.67,1,1965
2024-04-17 07:00:00,246031.83,78389.02,110040.91,1,4442
2024-04-17 08:00:00,16821.93,105130.78,147285.76,1,5775
2024-04-17 09:00:00,15977.72,101509.43,145062.58,1,5604
2024-04-17 10:00:00,16748.59,108114.33,155117.49,1,5716
2024-04-17 11:00:00,17232.72,112452.38,159915.29,1,5859
2024-04-17 12:00:00,19463.04,124811.99,177335.65,1,6304
2024-04-17 13:00:00,22140.22,136712.32,194189.54,1,6693
2024-04-17 14:00:00,183151.99999999997,147853.96,208615.2,1,7144
2024-04-17 15:00:00,24398.73,158479.94,224841.13,1,7878
2024-04-17 16:00:00,26886.45,181559.35,276893.32,1,9078
2024-04-17 17:00:00,56398.21,178219.35,274310.63,1,9364
2024-04-17 18:00:00,28813.23,184028.59,288572.85,1,10176
2024-04-17 19:00:00,25896.45,149668.0,237424.89,1,8451
2024-04-17 20:00:00,24203.47,134217.33,202429.18,1,7769
2024-04-17 21:00:00,27643.22,151874.05,226168.4,1,8733
2024-04-17 22:00:00,24558.35,134351.23,196325.62,1,7599
2024-04-17 23:00:00,17358.21,85758.66,125514.64,1,4291
2024-04-18 00:00:00,8731.0,41445.77,59812.62,1,2043
2024-04-18 01:00:00,2978.29,14699.74,21392.38,1,823
2024-04-18 02:00:00,1506.47,7424.76,10933.8,1,473
2024-04-18 03:00:00,1126.8,5480.14,8049.9,1,315
2024-04-18 04:00:00,2719.54,11952.59,16008.08,1,403
2024-04-18 05:00:00,5596.95,24576.45,33768.61,1,929
2024-04-18 06:00:00,10803.9,50927.71,69208.7,1,2476
2024-04-18 07:00:00,70595.57,98889.03,136540.16,1,5240
2024-04-18 08:00:00,18359.12,125526.42,171565.77,1,6545
2024-04-18 09:00:00,16693.07,120096.73,167559.77,1,6477
2024-04-18 10:00:00,17806.44,120665.76,170186.84,1,6288
2024-04-18 11:00:00,17666.5,121673.79,172708.42,1,6290
2024-04-18 12:00:00,20733.08,135648.04,190592.83,1,6665
2024-04-18 13:00:00,23950.55,149737.41,211164.65,1,7100
2024-04-18 14:00:00,26581.53,164668.22,232358.0,1,7709
2024-04-18 15:00:00,26229.04,167034.9,234989.83,1,7987
2024-04-18 16:00:00,27322.54,165515.66,254352.54,1,7953
2024-04-18 17:00:00,75470.35,177167.86,276291.04,1,9518
2024-04-18 18:00:00,30569.24,187703.47,292805.6,1,10520
2024-04-18 19:00:00,24942.39,141837.75,227214.78,1,8103
2024-04-18 20:00:00,24585.16,135620.63,206026.68,1,7791
2024-04-18 21:00:00,26667.14,147531.8,219092.76,1,8279
2024-04-18 22:00:00,27705.61,150284.57,220875.88999999998,1,8504
2024-04-18 23:00:00,21236.48,107719.46,157776.07,1,5955
2024-04-19 00:00:00,11111.26,54413.28,80145.72,1,2964
2024-04-19 01:00:00,4538.08,23737.45,35788.2,1,1501
2024-04-19 02:00:00,2576.82,13469.55,20211.9,1,887
2024-04-19 03:00:00,2118.39,10330.18,15067.97,1,575
2024-04-19 04:00:00,2964.7400000000002,13230.86,18261.43,1,545
2024-04-19 05:00:00,5147.76,21586.24,29509.72,1,822
2024-04-19 06:00:00,41232.04,44952.26,61735.59,1,1992
2024-04-19 07:00:00,14886.73,76105.98,105089.79,1,3729
2024-04-19 08:00:00,15528.74,86505.84,122348.78,1,4787
2024-04-19 09:00:00,14946.54,89110.96,127781.48,1,4805
2024-04-19 10:00:00,16354.84,96398.18,138630.42,1,5110
2024-04-19 11:00:00,18201.16,107218.36,153138.07,1,5591
2024-04-19 12:00:00,19869.5,117585.79,167318.65,1,6037
2024-04-19 13:00:00,21540.02,125539.74,178382.19,1,6399
2024-04-19 14:00:00,22917.49,136822.94,194923.9,1,6911
2024-04-19 15:00:00,25519.2,153187.65,216776.82,1,7411
2024-04-19 16:00:00,25273.23,151224.59,231784.42,1,7331
2024-04-19 17:00:00,71466.31,149252.47,231377.6,1,8220
2024-04-19 18:00:00,23466.42,144071.13,229001.78,1,8631
2024-04-19 19:00:00,22754.88,134235.3,212076.06,1,7908
2024-04-19 20:00:00,18698.33,106746.17,160916.05,1,6298
2024-04-19 21:00:00,19163.89,112102.81,168307.08,1,6490
2024-04-19 22:00:00,21902.49,128031.16,189917.76,1,7378
2024-04-19 23:00:00,85464.08,124803.03,180990.14,1,6963
2024-04-20 00:00:00,19421.59,108138.46,155444.21,1,6447
2024-04-20 01:00:00,14746.01,81108.61,118735.24,1,5268
2024-04-20 02:00:00,10059.35,55362.56,81666.27,1,3797
2024-04-20 03:00:00,6620.75,34582.13,51122.78,1,2256
2024-04-20 04:00:00,4419.11,20061.89,28390.17,1,1101
2024-04-20 05:00:00,3213.84,13739.14,18991.95,1,513
2024-04-20 06:00:00,5554.86,24515.05,33598.32,1,979
2024-04-20 07:00:00,7572.69,34792.46,47759.42,1,1532
2024-04-20 08:00:00,9565.81,48286.12,69285.19,1,2683
2024-04-20 09:00:00,12711.78,67878.04,97709.01,1,3942
2024-04-20 10:00:00,15472.4,84085.88,121389.99,1,4870
2024-04-20 11:00:00,17394.29,100795.96,143644.88,1,5867
2024-04-20 12:00:00,19528.6,114776.8,162177.41,1,6411
2024-04-20 13:00:00,61147.86000000001,128569.83,180505.12,1,6821
2024-04-20 14:00:00,23398.21,135603.81,189551.67,1,6752
2024-04-20 15:00:00,24126.27,143914.62,200276.58,1,7100
2024-04-20 16:00:00,246176.87000000002,153697.02,212924.23,1,7842
2024-04-20 17:00:00,24652.48,159065.93,219824.04,1,8322
2024-04-20 18:00:00,24756.19,159399.82,220590.24,1,8517
2024-04-20 19:00:00,23574.85,153860.58,212957.12,1,8253
2024-04-20 20:00:00,21545.8,134536.5,191456.9,1,7131
2024-04-20 21:00:00,24481.48,150983.83,216653.64,1,8265
2024-04-20 22:00:00,25873.49,162429.07,229566.0,1,8978
2024-04-20 23:00:00,29020.11,178085.69,245233.88999999998,1,9278
2024-04-21 00:00:00,23186.13,138830.53,192140.17,1,7769
2024-04-21 01:00:00,19061.97,106934.13,150829.99,1,6518
2024-04-21 02:00:00,14008.8,78217.24,110390.08,1,4906
2024-04-21 03:00:00,8543.78,45943.11,65462.84,1,2890
2024-04-21 04:00:00,5836.8,28886.19,39603.08,1,1550
2024-04-21 05:00:00,4138.77,18347.01,24805.34,1,633
2024-04-21 06:00:00,5464.98,24342.18,32648.61,1,924
2024-04-21 07:00:00,7297.22,33504.2,45779.72,1,1444
2024-04-21 08:00:00,8490.05,40774.05,57236.69,1,2084
2024-04-21 09:00:00,11495.88,58608.4,84289.11,1,3329
2024-04-21 10:00:00,83591.08,78694.84,114476.51,1,4731
2024-04-21 11:00:00,17615.3,94463.42,136290.78,1,5434
2024-04-21 12:00:00,54699.62000000001,121823.07,172386.05,1,6318
2024-04-21 13:00:00,23492.45,130400.77,183928.24,1,6651
2024-04-21 14:00:00,27033.43,148749.64,208811.63,1,7094
2024-04-21 15:00:00,24624.85,131401.08,184998.82,1,6163
2024-04-21 16:00:00,22726.78,123161.76,174519.31,1,5977
2024-04-21 17:00:00,22464.46,123040.97,174257.16,1,6168
2024-04-21 18:00:00,22616.3,120348.35,171633.03,1,6032
2024-04-21 19:00:00,76364.54000000001,97578.44,140142.54,1,4802
2024-04-21 20:00:00,18845.04,92838.67,137663.24,1,4628
2024-04-21 21:00:00,19226.45,91458.24,134682.18,1,4411
2024-04-21 22:00:00,16310.51,74335.74,107449.66,1,3153
2024-04-21 23:00:00,13912.19,60977.43,86252.56,1,2230
2024-04-22 00:00:00,6802.66,29594.5,41016.18,1,1193
2024-04-22 01:00:00,2524.47,11671.85,16057.66,1,499
2024-04-22 02:00:00,1405.99,6330.56,8699.12,1,278
2024-04-22 03:00:00,1166.14,5411.98,7615.81,1,234
2024-04-22 04:00:00,2422.87,10084.6,13393.43,1,346
2024-04-22 05:00:00,72109.62000000001,21213.96,28539.57,1,752
2024-04-22 06:00:00,9044.81,40359.03,54485.73,1,1806
2024-04-22 07:00:00,12885.11,64165.95,90020.15,1,3286
2024-04-22 08:00:00,13216.81,74616.21,105682.56999999999,1,4171
2024-04-22 09:00:00,13531.65,78296.3,111956.31,1,4315
2024-04-22 10:00:00,15139.69,80337.77,115368.62,1,4291
2024-04-22 11:00:00,15270.44,85851.37,123727.73,1,4735
2024-04-22 12:00:00,17056.68,94486.51,135247.47,1,4991
2024-04-22 13:00:00,20306.31,109328.22,155504.12,1,5341
2024-04-22 14:00:00,20635.42,113660.28,161954.04,1,5598
2024-04-22 15:00:00,22785.98,124772.3,176603.33,1,5942
2024-04-22 16:00:00,22612.19,124750.66,191342.73,1,5918
2024-04-22 17:00:00,22646.64,127009.74,198650.53,1,6699
2024-04-22 18:00:00,21126.42,112382.6,179185.09,1,6194
2024-04-22 19:00:00,18959.29,94452.16,149206.4,1,4967
2024-04-22 20:00:00,18327.29,91315.33,136598.12,1,4894
2024-04-22 21:00:00,19839.98,98996.96,145615.3,1,5296
2024-04-22 22:00:00,19396.56,99831.05,145661.19,1,5582
2024-04-22 23:00:00,13893.64,64425.58,92476.21,1,3065
2024-04-23 00:00:00,6029.54,27283.37,39253.96,1,1306
2024-04-23 01:00:00,2625.34,11501.18,15855.09,1,535
2024-04-23 02:00:00,936.09,4442.73,6231.5,1,253
2024-04-23 03:00:00,680.49,2747.51,3837.93,1,153
2024-04-23 04:00:00,1331.65,5728.18,8007.84,1,217
2024-04-23 05:00:00,4055.31,17156.87,23289.14,1,659
2024-04-23 06:00:00,7945.42,35183.03,47738.07,1,1661
2024-04-23 07:00:00,11669.56,57588.38,82233.81,1,3141
2024-04-23 08:00:00,12831.1,75067.53,108027.99,1,4349
2024-04-23 09:00:00,15218.92,89943.54,129273.99,1,4997
2024-04-23 10:00:00,14710.13,87526.85,126178.01,1,4764
2024-04-23 11:00:00,16547.64,95915.7,137291.68,1,5208
2024-04-23 12:00:00,18139.19,105691.71,150982.7,1,5506
2024-04-23 13:00:00,19976.71,113187.33,160611.96,1,5772
2024-04-23 14:00:00,21942.56,125014.16,177888.03,1,6088
2024-04-23 15:00:00,22127.25,125173.69,178290.13999999998,1,6246
2024-04-23 16:00:00,21887.28,123558.52,193196.5,1,6318
2024-04-23 17:00:00,22065.9,130647.06,208191.47,1,7356
2024-04-23 18:00:00,21506.47,123859.83,202152.01,1,7419
2024-04-23 19:00:00,20245.95,105924.52,170791.12,1,6115
2024-04-23 20:00:00,19959.88,104516.76,157938.86,1,5963
2024-04-23 21:00:00,77580.76,118506.48,176974.94,1,6799
2024-04-23 22:00:00,21872.96,111130.55,163896.81,1,6181
2024-04-23 23:00:00,13076.86,61278.53,90114.98,1,3078
2024-04-24 00:00:00,5917.4,27386.42,39760.42,1,1423
2024-04-24 01:00:00,1949.83,9841.86,14091.52,1,569
2024-04-24 02:00:00,991.16,4880.93,6997.09,1,279
2024-04-24 03:00:00,974.03,4336.39,6036.53,1,203
2024-04-24 04:00:00,1705.71,7381.93,10071.55,1,282
2024-04-24 05:00:00,4020.93,17205.25,23354.04,1,649
2024-04-24 06:00:00,7817.7,36147.82,49957.95,1,1803
2024-04-24 07:00:00,13340.75,71204.71,102273.51,1,4132
2024-04-24 08:00:00,14935.44,89329.6,128124.53,1,5133
2024-04-24 09:00:00,15011.17,94379.35,135951.63,1,5248
2024-04-24 10:00:00,15635.14,94328.81,135483.05,1,4991
2024-04-24 11:00:00,16858.57,106044.64,150689.15,1,5482
2024-04-24 12:00:00,20420.31,120103.25,170307.44,1,6011
2024-04-24 13:00:00,20483.52,121189.16,171710.79,1,5934
2024-04-24 14:00:00,24831.21,145170.81,206591.48,1,7314
2024-04-24 15:00:00,22862.38,131484.82,187538.47,1,6632
2024-04-24 16:00:00,23755.98,135262.83,209236.06,1,6541
2024-04-24 17:00:00,22313.98,135824.8,213301.28,1,7172
2024-04-24 18:00:00,24007.8,140243.52,224060.5,1,7700
2024-04-24 19:00:00,22782.21,126202.74,201326.08,1,6799
2024-04-24 20:00:00,21324.32,114290.38,173240.42,1,6458
2024-04-24 21:00:00,23777.01,125782.45,188291.82,1,7066
2024-04-24 22:00:00,23195.55,124205.42,184291.62,1,6964
2024-04-24 23:00:00,16724.03,79102.69,115284.26,1,3872
2024-04-25 00:00:00,8914.46,42876.03,61791.97,1,2083
2024-04-25 01:00:00,2891.71,13865.72,20757.6,1,866
2024-04-25 02:00:00,1632.98,7710.66,11408.87,1,495
2024-04-25 03:00:00,1155.68,5810.22,8305.09,1,306
2024-04-25 04:00:00,2093.2,9115.23,12507.93,1,378
2024-04-25 05:00:00,3867.84,17646.85,24779.8,1,760
2024-04-25 06:00:00,56764.420000000006,43599.79,60098.63,1,2012
2024-04-25 07:00:00,62131.62,72462.13,102552.4,1,4022
2024-04-25 08:00:00,16091.63,96838.02,138036.95,1,5475
2024-04-25 09:00:00,16197.27,101104.81,144079.84,1,5492
2024-04-25 10:00:00,16980.32,106229.25,151341.47,1,5647
2024-04-25 11:00:00,18420.91,115176.55,163245.21,1,5979
2024-04-25 12:00:00,20549.98,125424.26,178242.6,1,6286
2024-04-25 13:00:00,24135.16,144286.58,202654.57,1,6624
2024-04-25 14:00:00,25969.14,157375.31,221025.67,1,7114
2024-04-25 15:00:00,26489.75,162401.13,228342.88,1,7293
2024-04-25 16:00:00,26358.94,165174.25,250784.77,1,7356
2024-04-25 17:00:00,23998.48,163337.38,249882.61,1,8112
2024-04-25 18:00:00,26329.22,168948.78,263927.9,1,8994
2024-04-25 19:00:00,24350.77,141500.36,225010.85,1,7853
2024-04-25 20:00:00,24180.6,147703.53,217745.09,1,7399
2024-04-25 21:00:00,25840.2,151793.21,223671.1,1,8184
2024-04-25 22:00:00,27851.66,153974.32,224201.51,1,8410
2024-04-25 23:00:00,21033.01,108783.42,158734.87,1,5840
2024-04-26 00:00:00,12182.47,60106.84,86491.38,1,3112
2024-04-26 01:00:00,5810.65,28464.6,41547.66,1,1568
2024-04-26 02:00:00,2557.37,14055.28,21033.53,1,913
2024-04-26 03:00:00,1712.0,8990.99,13320.3,1,547
2024-04-26 04:00:00,2652.26,12347.14,16844.63,1,487
2024-04-26 05:00:00,4132.74,17947.85,25115.62,1,698
2024-04-26 06:00:00,94741.52,36625.85,50429.94,1,1643
2024-04-26 07:00:00,12786.24,63536.86,89832.35,1,3261
2024-04-26 08:00:00,13896.4,76204.61,108224.63,1,4043
2024-04-26 09:00:00,15030.28,90336.48,127104.61,1,4454
2024-04-26 10:00:00,17177.31,102646.35,144898.08,1,4917
2024-04-26 11:00:00,17530.58,112783.93,157311.15,1,5099
2024-04-26 12:00:00,18499.94,111967.89,159197.19,1,5545
2024-04-26 13:00:00,26063.36,120184.78,170251.42,1,5855
2024-04-26 14:00:00,24009.21,136437.57,192186.09,1,6519
2024-04-26 15:00:00,25139.07,143890.88,203660.45,1,6971
2024-04-26 16:00:00,22987.59,135834.27,210679.22,1,6944
2024-04-26 17:00:00,23088.06,134987.88,212404.61,1,7533
2024-04-26 18:00:00,24025.69,142021.81,225763.27,1,8103
2024-04-26 19:00:00,104770.92,122871.84,196052.55,1,7146
2024-04-26 20:00:00,19569.9,110144.07,164230.97,1,6207
2024-04-26 22:00:00,21073.77,122153.48,181665.48,1,7109
2024-04-26 23:00:00,25732.09,139436.77,202457.99,1,7618
2024-04-27 00:00:00,19339.4,107110.03,154718.52,1,6169
2024-04-27 01:00:00,96554.76,70500.1,103645.08,1,4595
2024-04-27 02:00:00,8208.48,46241.49,69413.73,1,3205
2024-04-27 03:00:00,5871.76,30792.74,45542.02,1,1990
2024-04-27 04:00:00,3878.77,18923.88,26851.04,1,1059
2024-04-27 05:00:00,2864.83,13584.37,18654.6,1,490
2024-04-27 06:00:00,5709.62,24110.31,32348.18,1,909
2024-04-27 07:00:00,7132.56,32631.17,44953.57,1,1417
2024-04-27 08:00:00,8880.67,43002.94,60840.24,1,2198
2024-04-27 09:00:00,12065.27,62296.02,89595.44,1,3520
2024-04-27 10:00:00,75183.48,78804.07,113788.38,1,4425
2024-04-27 11:00:00,16218.04,90969.6,130988.04,1,5292
2024-04-27 12:00:00,18494.68,108366.93,153498.8,1,5951
2024-04-27 13:00:00,20276.49,119924.5,168626.5,1,6224
2024-04-27 14:00:00,20224.75,119147.86,167206.5,1,6033
2024-04-27 15:00:00,59879.86,128925.12,180737.26,1,6370
2024-04-27 16:00:00,24778.53,153135.85,215214.44,1,7958
2024-04-27 17:00:00,23561.67,153120.43,215442.04,1,8540
2024-04-27 18:00:00,21991.13,137759.69,194162.38999999998,1,7646
2024-04-27 19:00:00,21338.13,126556.31,179747.06,1,7158
2024-04-27 20:00:00,19358.98,110970.99,162823.47,1,6206
2024-04-27 21:00:00,20697.48,118782.54,173884.9,1,6668
2024-04-27 22:00:00,21552.03,126076.45,184646.52,1,7100
2024-04-27 23:00:00,54557.69,127886.68,181046.8,1,6752
2024-04-28 00:00:00,17662.37,100536.72,145031.78,1,6083
2024-04-28 01:00:00,12183.78,68962.41,101046.5,1,4567
2024-04-28 02:00:00,8258.88,49695.89,71631.31,1,3028
2024-04-28 03:00:00,5953.97,32593.15,46815.36,1,1973
2024-04-28 04:00:00,4775.52,23670.98,32916.75,1,1180
2024-04-28 05:00:00,3839.69,17134.39,23384.2,1,618
2024-04-28 06:00:00,6982.37,30182.92,40298.92,1,1111
2024-04-28 07:00:00,8827.36,41183.91,55466.42,1,1760
2024-04-28 08:00:00,9881.84,46533.25,64604.51,1,2105
2024-04-28 09:00:00,12918.75,63360.58,89156.46,1,3291
2024-04-28 10:00:00,15301.89,77510.66,111301.37,1,4412
2024-04-28 11:00:00,18394.2,96343.8,137701.26,1,5287
2024-04-28 12:00:00,157389.71000000002,114768.6,163367.76,1,6036
2024-04-28 13:00:00,24509.06,130392.53,184279.33,1,6503
2024-04-28 14:00:00,26289.4,141249.25,197862.98,1,6512
2024-04-28 15:00:00,24478.84,131003.93,183754.23,1,6097
2024-04-28 16:00:00,25468.95,135748.4,191216.17,1,6345
2024-04-28 17:00:00,23849.73,128829.43,181970.15,1,6126
2024-04-28 18:00:00,68753.44,118216.67,167888.37,1,5914
2024-04-28 19:00:00,75303.52,105648.24,150910.76,1,5166
2024-04-28 20:00:00,20575.66,104047.7,151254.75,1,5039
2024-04-28 21:00:00,17475.18,87098.11,127544.16,1,4359
2024-04-28 22:00:00,16562.97,76113.8,109397.12,1,3333
2024-04-28 23:00:00,14793.97,64756.43,93145.1,1,2476
2024-04-29 00:00:00,7367.84,32249.16,45468.2,1,1318
2024-04-29 01:00:00,2665.76,11732.89,16200.17,1,508
2024-04-29 02:00:00,85623.56999999999,5841.76,8084.43,1,276
2024-04-29 03:00:00,1059.32,4777.8,6712.83,1,221
2024-04-29 04:00:00,138205.06,7280.18,9973.83,1,263
2024-04-29 05:00:00,4023.33,17439.55,23917.66,1,673
2024-04-29 06:00:00,9968.47,42075.36,57113.84,1,1812
2024-04-29 07:00:00,13599.5,67590.93,94962.03,1,3510
2024-04-29 08:00:00,14912.6,83458.36,118620.11,1,4478
2024-04-29 09:00:00,15693.14,85702.49,122707.46,1,4615
2024-04-29 10:00:00,16810.43,93858.82,134023.77,1,4791
2024-04-29 11:00:00,17654.46,98188.22,139187.2,1,4963
2024-04-29 12:00:00,19913.23,111947.23,159083.24,1,5560
2024-04-29 13:00:00,22279.11,121028.65,171323.84,1,5709
2024-04-29 14:00:00,24609.89,132615.43,187192.01,1,6233
2024-04-29 15:00:00,25326.69,140070.19,199221.83,1,6777
2024-04-29 16:00:00,24269.65,131796.9,204827.59,1,6480
2024-04-29 17:00:00,22041.06,125393.37,198228.18,1,7084
2024-04-29 18:00:00,23448.12,125455.14,201001.94,1,7071
2024-04-29 19:00:00,20885.66,105321.59,169131.24,1,5737
2024-04-29 20:00:00,21732.52,109004.91,163879.58,1,5764
2024-04-29 21:00:00,21625.36,108190.74,160695.62,1,5822
2024-04-29 22:00:00,19166.82,91866.54,133851.57,1,4587
2024-04-29 23:00:00,14034.09,64279.12,93701.21,1,2838
2024-04-30 00:00:00,5919.99,27044.89,38301.04,1,1226
2024-04-30 01:00:00,2737.86,11684.91,16203.33,1,546
2024-04-30 02:00:00,1164.21,5745.2,8039.36,1,309
2024-04-30 03:00:00,582.09,2758.38,3905.04,1,147
2024-04-30 04:00:00,1266.29,5661.67,7652.07,1,213
2024-04-30 05:00:00,3663.95,15958.37,22130.96,1,634
2024-04-30 06:00:00,90317.13,34709.98,47958.65,1,1757
2024-04-30 07:00:00,19739.47,75213.45,107383.48,1,4214
2024-04-30 08:00:00,15939.65,95455.78,135899.11,1,5345
2024-04-30 09:00:00,16480.96,101309.68,144734.94,1,5519
2024-04-30 10:00:00,17112.45,103728.87,147778.92,1,5375
2024-04-30 11:00:00,17580.78,103946.5,148056.17,1,5454
2024-04-30 12:00:00,19347.6,113398.09,161786.41,1,5951
2024-04-30 13:00:00,21132.45,119142.68,169911.68,1,6091
2024-04-30 14:00:00,33118.26,127506.42,182018.18,1,6413
2024-04-30 15:00:00,22185.49,134479.58,192706.06,1,6787
2024-04-30 16:00:00,111160.00000000001,126302.51,198375.2,1,6612
2024-04-30 17:00:00,23602.76,141611.39,224357.21,1,7768
2024-04-30 18:00:00,66847.64,147907.53,237631.11,1,8549
2024-04-30 19:00:00,98828.21999999999,117619.65,191472.39,1,6973
2024-04-30 20:00:00,20699.05,113593.04,173779.33,1,6811
2024-04-30 21:00:00,23209.22,125266.64,187612.31,1,7332
2024-04-30 22:00:00,25695.91,144300.01,209793.49,1,7954
2024-04-30 23:00:00,15454.58,78366.28,111319.65,1,3866
2024-05-01 00:00:00,1.01,7.9,15.48,6,1
2024-04-30 23:00:00,62.73,297.1,428.68,1,13
2024-05-01 00:00:00,7747.08,35170.47,50386.22,1,1652
2024-05-01 01:00:00,4425.97,19129.33,27417.39,1,859
2024-05-01 02:00:00,1372.82,6583.21,9491.78,1,355
2024-05-01 03:00:00,1124.06,5315.08,7557.61,1,235
2024-05-01 04:00:00,1796.43,7872.85,10489.75,1,269
2024-05-01 05:00:00,4190.72,18796.07,25359.01,1,743
2024-05-01 06:00:00,8710.29,40672.27,55791.81,1,2027
2024-05-01 07:00:00,15185.47,81689.86,114819.19,1,4350
2024-05-01 08:00:00,17249.48,106810.92,149873.63,1,5760
2024-05-01 09:00:00,17086.93,108405.7,153252.59,1,5622
2024-05-01 10:00:00,18328.57,113895.47,160664.73,1,5611
2024-05-01 11:00:00,18999.0,121510.4,169873.35,1,5882
2024-05-01 12:00:00,20423.95,131676.28,185137.39,1,6377
2024-05-01 13:00:00,21817.01,133755.79,187926.59,1,6431
2024-05-01 14:00:00,22459.08,142626.44,201930.61,1,6872
2024-05-01 15:00:00,22287.23,143708.81,202857.57,1,7127
2024-05-01 16:00:00,22460.48,141298.42,219034.01,1,7215
2024-05-01 17:00:00,24192.78,158038.47,248390.14,1,8600
2024-05-01 18:00:00,25617.62,208969.53,303491.34,1,9143
2024-05-01 19:00:00,24219.68,137174.62,220900.92,1,7849
2024-05-01 20:00:00,23831.34,135759.3,205530.96,1,7774
2024-05-01 21:00:00,28292.57,155531.3,230631.15,1,8828
2024-05-01 22:00:00,26229.23,141794.95,207572.47,1,7858
2024-05-01 23:00:00,18580.35,92390.69,133526.89,1,4489
2024-05-02 00:00:00,8806.85,41640.68,59874.05,1,2004
2024-05-02 01:00:00,4595.0,21748.81,30481.5,1,1051
2024-05-02 02:00:00,1942.8799999999999,9587.18,13720.18,1,538
2024-05-02 03:00:00,1487.01,7052.95,9899.6,1,348
2024-05-02 04:00:00,2268.04,10237.16,13895.75,1,379
2024-05-02 05:00:00,4270.26,18981.62,26156.76,1,746
2024-05-02 06:00:00,9468.88,44410.21,60892.09,1,2113
2024-05-02 07:00:00,15058.44,83742.79,117228.71,1,4628
2024-05-02 08:00:00,19593.56,120294.34,167469.69,1,6379
2024-05-02 09:00:00,18404.17,113478.85,160746.73,1,6081
2024-05-02 10:00:00,18710.19,115828.95,164501.79,1,5908
2024-05-02 11:00:00,19651.85,121720.92,171310.3,1,5938
2024-05-02 12:00:00,21353.51,132522.36,186594.98,1,6377
2024-05-02 13:00:00,23234.73,139548.16,196436.29,1,6658
2024-05-02 14:00:00,68118.56,163749.74,230646.24,1,7487
2024-05-02 15:00:00,26844.83,168133.2,235709.01,1,7729
2024-05-02 16:00:00,27246.63,168095.33,256646.99,1,7896
2024-05-02 17:00:00,28432.88,186525.47,285744.73,1,9295
2024-05-02 18:00:00,29658.17,192210.52,299105.73,1,10553
2024-05-02 19:00:00,26895.81,155113.68,245592.05,1,8508
2024-05-02 20:00:00,24945.97,141366.0,211706.16,1,8132
2024-05-02 21:00:00,30305.13,167147.74,246392.66,1,9234
2024-05-02 22:00:00,29923.05,164202.83,239356.63999999998,1,8759
2024-05-02 23:00:00,23063.38,120789.35,175101.27,1,6369
2024-05-03 00:00:00,17428.35,86584.86,122992.8,1,4477
2024-05-03 01:00:00,7100.98,35558.96,52352.42,1,2010
2024-05-03 02:00:00,3437.22,17739.04,26321.57,1,1124
2024-05-03 03:00:00,2343.8,11673.03,17434.94,1,669
2024-05-03 04:00:00,3058.22,13607.83,18950.39,1,564
2024-05-03 05:00:00,4799.52,22259.07,30969.06,1,860
2024-05-03 06:00:00,9658.44,44456.75,60527.89,1,1947
2024-05-03 07:00:00,14775.05,78366.08,108761.56,1,4048
2024-05-03 08:00:00,16309.03,95404.73,134464.73,1,5073
2024-05-03 09:00:00,16997.85,96124.06,137302.72,1,5127
2024-05-03 10:00:00,19029.75,110200.4,157393.91,1,5595
2024-05-03 11:00:00,20160.04,118162.68,167993.96,1,6022
2024-05-03 12:00:00,21993.42,127236.64,180564.38999999998,1,6381
2024-05-03 13:00:00,22805.77,132324.36,186102.15,1,6461
2024-05-03 14:00:00,26811.35,156236.54,220342.03,1,7294
2024-05-03 15:00:00,26983.49,161697.74,227755.0,1,7792
2024-05-03 16:00:00,24548.99,146889.93,226436.38999999998,1,7332
2024-05-03 17:00:00,25530.78,153648.66,240044.51,1,8401
2024-05-03 18:00:00,63783.409999999996,156723.09,247645.3,1,9143
2024-05-03 19:00:00,25559.43,145979.15,229818.05,1,8313
2024-05-03 20:00:00,21403.02,120253.83,179201.87,1,6760
2024-05-03 21:00:00,22603.01,127093.96,189117.86,1,7082
2024-05-03 22:00:00,24918.14,144113.23,212631.67,1,8139
2024-05-03 23:00:00,25016.27,137591.2,198268.1,1,7432
2024-05-04 00:00:00,19792.76,111520.45,160936.21,1,6599
2024-05-04 01:00:00,13339.64,74390.64,109788.94,1,4713
2024-05-04 02:00:00,7934.97,44210.97,66287.86,1,2958
2024-05-04 03:00:00,5675.41,29513.42,43880.05,1,1941
2024-05-04 04:00:00,3528.01,17537.41,24887.19,1,974
2024-05-04 05:00:00,2652.23,11958.16,16578.4,1,454
2024-05-04 06:00:00,5119.69,23958.31,32660.05,1,980
2024-05-04 07:00:00,7870.72,36103.37,49959.67,1,1693
2024-05-04 08:00:00,9936.69,49016.38,69743.81,1,2687
2024-05-04 09:00:00,13436.43,69403.67,99761.89,1,4047
2024-05-04 10:00:00,15660.2,85742.66,124443.39,1,5155
2024-05-04 11:00:00,18457.87,104260.07,149486.31,1,6212
2024-05-04 12:00:00,21838.86,132898.67,185635.94,1,7419
2024-05-04 13:00:00,25413.43,146991.09,207767.96,1,8056
2024-05-04 14:00:00,24782.43,142969.05,202305.3,1,7682
2024-05-04 15:00:00,25091.03,148918.18,209516.87,1,7811
2024-05-04 16:00:00,24316.72,148660.95,208858.23,1,8083
2024-05-04 17:00:00,246502.55,155276.79,218145.84,1,8387
2024-05-04 18:00:00,25299.37,159783.45,223975.05,1,8873
2024-05-04 19:00:00,115782.37,154173.58,216402.1,1,8603
2024-05-04 20:00:00,20826.68,120506.43,175560.95,1,6714
2024-05-04 21:00:00,21963.12,123913.15,182276.05,1,6981
2024-05-04 22:00:00,102318.98999999999,151759.66,218397.35,1,8406
2024-05-04 23:00:00,25493.15,152222.93,215436.87,1,8336
2024-05-05 00:00:00,26290.36,128935.61,180928.29,1,7289
2024-05-05 01:00:00,15343.2,89189.54,129224.79,1,5768
2024-05-05 02:00:00,11019.22,59425.42,86667.52,1,3828
2024-05-05 03:00:00,7150.75,37810.84,54944.88,1,2388
2024-05-05 04:00:00,5298.24,26070.41,36114.31,1,1452
2024-05-05 05:00:00,4339.65,18961.3,25661.94,1,741
2024-05-05 06:00:00,116474.78,28877.59,38498.79,1,1052
2024-05-05 07:00:00,8704.94,39382.41,53491.62,1,1644
2024-05-05 08:00:00,9983.1,48648.65,67252.37,1,2339
2024-05-05 09:00:00,13899.86,72337.17,101235.02,1,3856
2024-05-05 10:00:00,19141.67,105619.74,147367.13,1,5429
2024-05-05 11:00:00,22013.56,128794.32,179212.86,1,6561
2024-05-05 12:00:00,24482.19,142191.66,198497.92,1,7318
2024-05-05 13:00:00,27692.74,158655.55,220623.78,1,7912
2024-05-05 14:00:00,32274.7,193048.05,268030.87,1,9339
2024-05-05 15:00:00,30566.79,192982.62,263864.66,1,8920
2024-05-05 16:00:00,27750.1,163312.31,226311.55,1,7627
2024-05-05 17:00:00,26784.24,152620.18,213421.06,1,7509
2024-05-05 18:00:00,25207.25,141173.47,199335.52,1,7164
2024-05-05 19:00:00,24393.28,131154.7,186146.44,1,6630
2024-05-05 20:00:00,20388.54,101629.18,149029.59,1,4934
2024-05-05 21:00:00,17823.15,87937.56,128787.0,1,4302
2024-05-05 22:00:00,17757.15,81822.16,117186.63,1,3553
2024-05-05 23:00:00,15479.75,66433.93,94124.52,1,2561
2024-05-06 00:00:00,12884.36,55321.41,76403.18,1,1775
2024-05-06 01:00:00,5628.4800000000005,24547.14,32667.01,1,776
2024-05-06 02:00:00,1313.91,6632.13,8995.08,1,320
2024-05-06 03:00:00,1522.64,6841.3,9292.18,1,286
2024-05-06 04:00:00,2253.71,9972.61,13299.52,1,366
2024-05-06 05:00:00,5101.88,21640.0,29126.96,1,869
2024-05-06 06:00:00,9388.62,43310.6,58311.54,1,1983
2024-05-06 07:00:00,15398.27,81629.89,112352.92,1,4160
2024-05-06 08:00:00,18444.21,106928.18,148703.66,1,5412
2024-05-06 09:00:00,16390.79,97180.93,137788.65,1,5106
2024-05-06 10:00:00,17776.93,103629.83,147017.01,1,5130
2024-05-06 11:00:00,17160.45,104918.72,148295.31,1,5189
2024-05-06 12:00:00,19672.54,116662.92,164466.92,1,5623
2024-05-06 13:00:00,21339.21,124849.27,175954.51,1,5809
2024-05-06 14:00:00,24254.03,140621.04,198361.51,1,6333
2024-05-06 15:00:00,85604.64,149230.64,209054.01,1,6729
2024-05-06 16:00:00,24569.34,142331.09,217218.33,1,6535
2024-05-06 17:00:00,26649.87,155633.86,240636.78,1,7735
2024-05-06 18:00:00,24229.83,141877.83,223482.38,1,7626
2024-05-06 19:00:00,23166.15,120627.97,189838.99,1,6206
2024-05-06 20:00:00,21143.04,107079.64,160493.27,1,5643
2024-05-06 21:00:00,21154.07,107205.5,160043.42,1,5566
2024-05-06 22:00:00,19921.52,99512.11,145319.24,1,4880
2024-05-06 23:00:00,15046.0,67863.2,98029.02,1,2880
2024-05-07 00:00:00,7769.63,34965.75,49563.71,1,1557
2024-05-07 01:00:00,2779.64,12818.28,18387.68,1,670
2024-05-07 02:00:00,1410.56,7171.28,10418.58,1,398
2024-05-07 03:00:00,1292.7,5988.66,8557.06,1,297
2024-05-07 04:00:00,1769.06,7734.86,10419.91,1,309
2024-05-07 05:00:00,4009.59,17569.68,23593.32,1,745
2024-05-07 06:00:00,8199.28,38979.43,52831.12,1,1931
2024-05-07 07:00:00,291279.26,83594.23,116486.81,1,4439
2024-05-07 08:00:00,17252.7,107019.39,150114.87,1,5737
2024-05-07 09:00:00,16329.86,105921.34,149474.9,1,5657
2024-05-07 10:00:00,17231.85,109893.33,156109.71,1,5672
2024-05-07 11:00:00,18286.33,115350.87,163020.2,1,5884
2024-05-07 12:00:00,18183.63,118992.29,168199.61,1,6077
2024-05-07 13:00:00,22059.65,135679.58,191018.82,1,6434
2024-05-07 14:00:00,24011.44,151282.85,213100.59,1,7228
2024-05-07 15:00:00,23879.43,154667.73,216711.73,1,7403
2024-05-07 16:00:00,24155.01,154326.97,234802.64,1,7494
2024-05-07 17:00:00,75543.5,171342.86,262019.2,1,8598
2024-05-07 18:00:00,25044.37,165441.47,257787.77,1,8986
2024-05-07 19:00:00,23409.24,134539.5,212516.81,1,7233
2024-05-07 20:00:00,23415.25,127240.72,190879.03,1,6997
2024-05-07 21:00:00,26512.54,143106.38,212791.82,1,7876
2024-05-07 22:00:00,24822.37,133175.02,194626.42,1,7197
2024-05-07 23:00:00,17253.91,87623.55,128022.53,1,4549
2024-05-08 00:00:00,8444.07,40924.01,59207.38,1,2025
2024-05-08 01:00:00,3257.77,15485.46,22453.82,1,810
2024-05-08 02:00:00,1524.41,7391.29,10512.93,1,400
2024-05-08 03:00:00,1293.42,6149.2,8671.72,1,305
2024-05-08 04:00:00,2316.84,10029.28,13160.039999999999,1,339
2024-05-08 05:00:00,4316.02,19486.75,26767.19,1,761
2024-05-08 06:00:00,235378.47999999998,46958.54,64469.45,1,2272
2024-05-08 07:00:00,15700.42,88035.6,123072.92,1,5014
2024-05-08 08:00:00,53316.84,123987.25,169554.22,1,6473
2024-05-08 09:00:00,16720.57,109844.72,154487.48,1,5906
2024-05-08 10:00:00,16993.39,109342.63,156233.99,1,5802
2024-05-08 11:00:00,20057.57,127113.33,180538.05,1,6159
2024-05-08 12:00:00,19863.94,132436.08,185276.87,1,6590
2024-05-08 13:00:00,22962.89,144169.08,203352.15,1,6741
2024-05-08 14:00:00,24860.75,158166.75,221577.81,1,7276
2024-05-08 15:00:00,25979.76,166475.3,234456.77,1,7573
2024-05-08 16:00:00,25416.49,166878.17,253863.36,1,7748
2024-05-08 17:00:00,25859.13,175545.46,270647.06,1,8951
2024-05-08 18:00:00,27176.31,174220.2,275005.81,1,9603
2024-05-08 19:00:00,23782.87,140520.21,223066.8,1,7754
2024-05-08 20:00:00,23695.07,130301.79,196484.1,1,7356
2024-05-08 21:00:00,26777.96,148409.79,219465.52,1,8223
2024-05-08 22:00:00,81109.42,154099.71,224540.78,1,8066
2024-05-08 23:00:00,22251.84,115688.82,164337.72,1,5591
2024-05-09 00:00:00,11924.01,55550.81,79239.05,1,2518
2024-05-09 01:00:00,4982.21,23673.88,34285.86,1,1184
2024-05-09 02:00:00,2137.27,11199.67,16150.27,1,648
2024-05-09 03:00:00,1747.63,8133.62,11728.63,1,447
2024-05-09 04:00:00,2121.7400000000002,9945.59,13630.62,1,397
2024-05-09 05:00:00,62708.03,23106.51,31559.46,1,890
2024-05-09 06:00:00,10242.83,48959.96,66509.51,1,2270
2024-05-09 07:00:00,16256.96,89333.8,124181.46,1,4758
2024-05-09 08:00:00,43597.24,118929.94,164460.48,1,6175
2024-05-09 09:00:00,17919.2,112867.02,159111.3,1,6019
2024-05-09 10:00:00,19544.96,122056.4,173374.17,1,6158
2024-05-09 11:00:00,19414.63,126792.91,179217.7,1,6454
2024-05-09 12:00:00,22046.98,140895.4,198298.25,1,6839
2024-05-09 13:00:00,23930.02,149836.45,209594.37,1,6868
2024-05-09 14:00:00,27975.27,175515.05,244390.93,1,7705
2024-05-09 15:00:00,28455.93,181461.1,253362.19,1,7897
2024-05-09 16:00:00,28882.79,182818.36,276245.05,1,8216
2024-05-09 17:00:00,29616.74,197818.42,301863.25,1,9809
2024-05-09 18:00:00,117336.74,201291.39,311826.08,1,10844
2024-05-09 19:00:00,27224.45,160734.36,253697.37,1,8910
2024-05-09 20:00:00,122747.16999999998,146333.24,218630.22,1,8121
2024-05-09 21:00:00,27469.73,153903.92,227317.79,1,8470
2024-05-09 22:00:00,26840.62,149227.55,218268.88,1,8326
2024-05-09 23:00:00,23270.04,123733.24,178151.91,1,6695
2024-05-10 00:00:00,14529.46,72660.29,105808.14,1,3863
2024-05-10 01:00:00,6911.61,34735.03,50701.92,1,1913
2024-05-10 02:00:00,3865.71,18367.329999999998,26783.06,1,1083
2024-05-10 03:00:00,2553.7,13259.58,19432.52,1,748
2024-05-10 04:00:00,3376.75,15558.49,21495.95,1,701
2024-05-10 05:00:00,4844.12,22695.09,31604.57,1,959
2024-05-10 06:00:00,10384.81,49291.4,66452.81,1,2197
2024-05-10 07:00:00,227776.99000000002,87392.99,119842.61,1,4450
2024-05-10 08:00:00,18618.66,109788.54,153529.38,1,5933
2024-05-10 09:00:00,200795.22,111471.23,157721.59,1,5885
2024-05-10 10:00:00,18221.45,114470.79,162190.58,1,5973
2024-05-10 11:00:00,19194.37,129688.66,180593.09,1,6186
2024-05-10 12:00:00,21315.73,138143.78,192046.7,1,6518
2024-05-10 13:00:00,28102.95,143625.98,200114.5,1,6764
2024-05-10 14:00:00,27610.89,173971.87,241118.32,1,7935
2024-05-10 15:00:00,27525.07,186018.56,257021.37,1,8507
2024-05-10 16:00:00,27781.79,187508.87,279984.13,1,8931
2024-05-10 17:00:00,115113.13999999998,182786.05,276641.73,1,9443
2024-05-10 18:00:00,28785.59,182784.8,281149.74,1,10338
2024-05-10 19:00:00,28548.43,174289.72,268113.85,1,10258
2024-05-10 20:00:00,21084.32,122007.91,181224.68,1,7128
2024-05-10 21:00:00,24046.71,135442.41,199964.63999999998,1,7499
2024-05-10 22:00:00,24818.41,140687.21,205029.34,1,7921
2024-05-10 23:00:00,23952.39,130050.58,187532.55,1,7191
2024-05-11 00:00:00,18880.69,103030.78,148911.78,1,6176
2024-05-11 01:00:00,13021.43,73492.54,107819.36,1,4759
2024-05-11 02:00:00,8698.31,49449.25,73855.67,1,3449
2024-05-11 03:00:00,5683.13,30410.5,45446.08,1,2050
2024-05-11 04:00:00,4161.06,20380.69,29165.26,1,1191
2024-05-11 05:00:00,3061.87,13541.27,18898.65,1,512
2024-05-11 06:00:00,5387.59,23364.01,32065.829999999998,1,963
2024-05-11 07:00:00,7443.82,35613.11,49575.26,1,1582
2024-05-11 08:00:00,10402.97,51977.59,73117.41,1,2697
2024-05-11 09:00:00,13160.43,69640.86,99584.36,1,4076
2024-05-11 10:00:00,15819.94,88467.05,126326.3,1,5273
2024-05-11 11:00:00,18458.21,107776.06,153006.26,1,6212
2024-05-11 12:00:00,19604.3,119772.7,168422.04,1,6726
2024-05-11 13:00:00,22788.17,137405.5,192406.59,1,7180
2024-05-11 14:00:00,24147.24,142457.35,197912.36,1,7019
2024-05-11 15:00:00,27030.46,160458.93,223293.34,1,7753
2024-05-11 16:00:00,26225.76,161830.47,224789.27,1,8220
2024-05-11 17:00:00,26029.76,162291.44,224980.32,1,8447
2024-05-11 18:00:00,84529.54000000001,164445.95,228357.61,1,8943
2024-05-11 19:00:00,25542.11,158413.29,220047.18,1,8649
2024-05-11 20:00:00,19590.84,118894.06,170895.87,1,6762
2024-05-11 21:00:00,80760.36,124807.51,181169.52,1,6887
2024-05-11 22:00:00,24006.03,143887.89,206798.44,1,7920
2024-05-11 23:00:00,23995.83,141074.39,197893.43,1,7555
2024-05-12 00:00:00,20431.01,114318.62,159918.88,1,6325
2024-05-12 01:00:00,13055.15,75645.97,109320.32,1,4762
2024-05-12 02:00:00,9330.72,51412.64,75166.69,1,3402
2024-05-12 03:00:00,6536.96,34937.66,50295.01,1,2131
2024-05-12 04:00:00,5222.67,25449.82,35117.56,1,1336
2024-05-12 05:00:00,3879.29,16936.49,23247.15,1,587
2024-05-12 06:00:00,5603.73,24976.81,33359.22,1,914
2024-05-12 07:00:00,8256.76,37096.8,50142.14,1,1598
2024-05-12 08:00:00,10101.12,47923.75,66130.46,1,2327
2024-05-12 09:00:00,13137.82,67005.17,94912.57,1,3875
2024-05-12 10:00:00,62596.170000000006,89909.12,129061.6,1,5374
2024-05-12 11:00:00,162105.31999999998,115623.65,164233.98,1,6809
2024-05-12 12:00:00,26074.26,151795.77,211727.07,1,8164
2024-05-12 13:00:00,116272.55,164362.73,226512.97,1,7766
2024-05-12 14:00:00,157592.05,154159.52,214031.01,1,7365
2024-05-12 15:00:00,26232.84,142250.05,199426.27,1,6680
2024-05-12 16:00:00,25427.94,141780.09,198842.94,1,6713
2024-05-12 17:00:00,25526.12,138736.72,194925.42,1,6685
2024-05-12 18:00:00,22770.16,125813.33,179152.07,1,6514
2024-05-12 19:00:00,23694.25,123219.24,174845.75,1,5932
2024-05-12 20:00:00,22016.37,111836.79,165721.3,1,5656
2024-05-12 21:00:00,58560.93,109871.49,159964.01,1,5215
2024-05-12 22:00:00,18431.48,88793.82,126794.86,1,3973
2024-05-12 23:00:00,14781.34,65405.6,93845.78,1,2504
2024-05-13 00:00:00,9914.94,42617.23,59468.4,1,1474
2024-05-13 01:00:00,3674.22,16873.8,23378.49,1,657
2024-05-13 02:00:00,1033.65,4964.5199999999995,6810.95,1,264
2024-05-13 03:00:00,1118.92,4907.2,6701.6,1,203
2024-05-13 04:00:00,2121.4,9559.47,13010.57,1,374
2024-05-13 05:00:00,5195.32,22499.61,30388.54,1,843
2024-05-13 06:00:00,10004.5,46185.92,62421.29,1,2089
2024-05-13 07:00:00,15900.2,83855.35,115132.75,1,4184
2024-05-13 08:00:00,220567.63,110092.21,152693.68,1,5521
2024-05-13 09:00:00,18671.64,110314.65,156310.7,1,5504
2024-05-13 10:00:00,18522.95,109662.51,156447.68,1,5411
2024-05-13 11:00:00,19114.93,111914.34,157732.58,1,5434
2024-05-13 12:00:00,20048.58,118660.31,168266.0,1,5875
2024-05-13 13:00:00,22724.02,128243.31,181216.98,1,6050
2024-05-13 14:00:00,26855.62,150436.42,212662.18,1,6971
2024-05-13 15:00:00,27858.2,164376.86,230151.28,1,7379
2024-05-13 16:00:00,26305.1,154120.95,234576.11,1,7086
2024-05-13 17:00:00,27314.97,164489.3,251658.76,1,8252
2024-05-13 18:00:00,27070.16,162070.3,252574.02,1,8653
2024-05-13 19:00:00,23601.02,125216.42,197954.47,1,6660
2024-05-13 20:00:00,21087.4,110391.08,166693.9,1,6107
2024-05-13 21:00:00,25170.64,128263.88,189954.48,1,6720
2024-05-13 22:00:00,103391.43000000001,118981.51,170860.08,1,6191
2024-05-13 23:00:00,16311.15,76455.23,110422.21,1,3482
2024-05-14 00:00:00,7196.37,32801.7,47738.75,1,1537
2024-05-14 01:00:00,3755.61,16008.78,22970.09,1,687
2024-05-14 02:00:00,1268.82,6023.21,8488.67,1,336
2024-05-14 03:00:00,1063.36,4322.09,5949.09,1,213
2024-05-14 04:00:00,1779.08,7811.25,10171.81,1,292
2024-05-14 05:00:00,4177.58,18262.54,24909.05,1,749
2024-05-14 06:00:00,227856.32,39897.12,54663.07,1,2012
2024-05-14 07:00:00,17426.39,94171.21,129604.65,1,4777
2024-05-14 08:00:00,20452.82,127903.12,174957.23,1,6285
2024-05-14 09:00:00,18490.58,119441.69,168110.45,1,6048
2024-05-14 10:00:00,18000.63,114891.98,162775.44,1,5744
2024-05-14 11:00:00,34620.44,124892.31,175001.19,1,6239
2024-05-14 12:00:00,22655.41,149613.36,208529.72,1,7014
2024-05-14 13:00:00,22265.41,142121.18,198930.26,1,6650
2024-05-14 14:00:00,26586.49,166789.1,232238.26,1,7482
2024-05-14 15:00:00,25496.18,169646.51,237865.65,1,8079
2024-05-14 16:00:00,171568.66999999998,174370.42,263091.58,1,8002
2024-05-14 17:00:00,26591.91,189503.56,284090.77,1,9135
2024-05-14 18:00:00,33002.53,200869.13,305362.85,1,10570
2024-05-14 19:00:00,27505.59,186380.94,284485.53,1,10072
2024-05-14 20:00:00,25982.89,155926.84,227294.65,1,7954
2024-05-14 21:00:00,29415.6,169224.49,245990.52,1,9037
2024-05-14 22:00:00,27229.22,157326.1,222070.33,1,7880
2024-05-14 23:00:00,17841.38,98322.43,139959.77,1,5001
2024-05-15 00:00:00,8746.7,42008.99,60404.26,1,2039
2024-05-15 01:00:00,3610.98,16447.8,23576.91,1,877
2024-05-15 02:00:00,1478.7,6962.8,10148.32,1,436
2024-05-15 03:00:00,1216.84,5921.73,8323.6,1,272
2024-05-15 04:00:00,1970.06,8219.18,11087.99,1,324
2024-05-15 05:00:00,4334.89,19093.57,26078.37,1,825
2024-05-15 06:00:00,9971.09,48567.18,66397.38,1,2461
2024-05-15 07:00:00,230279.13,104912.45,144763.01,1,5482
2024-05-15 08:00:00,20722.98,151394.2,202472.03,1,7161
2024-05-15 09:00:00,137153.06,145515.76,197646.71,1,6948
2024-05-15 10:00:00,18296.98,122639.99,173159.32,1,6292
2024-05-15 11:00:00,18472.73,129037.16,182112.76,1,6465
2024-05-15 12:00:00,20971.42,141957.4,199059.6,1,6685
2024-05-15 13:00:00,53495.44,146102.36,204460.99,1,6698
2024-05-15 14:00:00,25800.98,169435.51,235619.98,1,7684
2024-05-15 15:00:00,99784.95,176794.24,246935.41,1,8004
2024-05-15 16:00:00,28885.96,193020.59,288446.87,1,8506
2024-05-15 17:00:00,86860.95999999999,213965.0,318082.66,1,10165
2024-05-15 18:00:00,26996.83,209303.52,311900.09,1,10231
2024-05-15 19:00:00,26057.84,174483.2,264176.2,1,8716
2024-05-15 20:00:00,27486.48,167681.25,244577.81,1,8619
2024-05-15 21:00:00,29783.25,172330.84,249169.17,1,9137
2024-05-15 22:00:00,28246.78,163971.69,232709.28,1,8525
2024-05-15 23:00:00,22260.73,117322.55,166444.56,1,6010
2024-05-16 00:00:00,11378.87,53659.94,76581.38,1,2565
2024-05-16 01:00:00,5517.69,25317.1,35928.44,1,1244
2024-05-16 02:00:00,2541.74,12383.11,17740.71,1,663
2024-05-16 03:00:00,1778.52,8685.52,12101.53,1,424
2024-05-16 04:00:00,3084.86,14422.52,19046.61,1,498
2024-05-16 05:00:00,43589.81999999999,25212.22,34498.27,1,1074
2024-05-16 06:00:00,10410.08,52055.6,71562.89,1,2666
2024-05-16 07:00:00,82309.89,104745.51,142781.3,1,5428
2024-05-16 08:00:00,66289.5,136257.82,184956.69,1,6785
2024-05-16 09:00:00,19730.09,133605.15,185068.59,1,6802
2024-05-16 10:00:00,19019.1,123602.29,174451.55,1,6221
2024-05-16 11:00:00,21289.77,137088.75,191835.17,1,6595
2024-05-16 12:00:00,23180.77,147243.04,206433.12,1,7080
2024-05-16 13:00:00,24902.47,154973.09,217319.85,1,7056
2024-05-16 14:00:00,28547.16,180449.84,250959.4,1,7948
2024-05-16 15:00:00,30536.38,186380.43,259372.47,1,8419
2024-05-16 16:00:00,30596.97,196670.18,295033.87,1,8733
2024-05-16 17:00:00,31711.46,206709.19,313441.02,1,10163
2024-05-16 18:00:00,31001.33,209903.99,321202.67,1,11309
2024-05-16 19:00:00,27605.94,166561.95,260614.95,1,9194
2024-05-16 20:00:00,28071.53,157668.73,233653.97,1,8395
2024-05-16 21:00:00,31085.05,172371.15,253625.51,1,9083
2024-05-16 22:00:00,30129.94,169110.61,244977.02,1,8886
2024-05-16 23:00:00,23780.91,126526.12,180829.16,1,6570
2024-05-17 00:00:00,13840.0,69615.79,101063.68,1,3635
2024-05-17 01:00:00,5746.2300000000005,29777.31,44710.81,1,1823
2024-05-17 02:00:00,3339.92,17255.56,25964.02,1,1095
2024-05-17 03:00:00,2691.62,12864.27,18679.4,1,697
2024-05-17 04:00:00,3909.9900000000002,17872.57,24437.079999999998,1,713
2024-05-17 05:00:00,4982.33,22532.41,31113.0,1,845
2024-05-17 06:00:00,10259.36,47561.9,64419.909999999996,1,1984
2024-05-17 07:00:00,63207.15,77066.96,106322.63,1,3827
2024-05-17 08:00:00,74113.44,99373.92,138347.67,1,5147
2024-05-17 09:00:00,17843.6,105033.96,147408.31,1,5300
2024-05-17 10:00:00,18202.67,109806.96,155741.68,1,5611
2024-05-17 11:00:00,20431.18,121865.06,172242.35,1,5918
2024-05-17 12:00:00,21849.22,131510.24,184485.52,1,6471
2024-05-17 13:00:00,24708.58,145318.27,203558.68,1,6921
2024-05-17 14:00:00,89288.06,178069.82,247507.63,1,8155
2024-05-17 15:00:00,28540.26,179606.45,249013.99,1,8326
2024-05-17 16:00:00,27714.09,175271.96,262862.52,1,8238
2024-05-17 17:00:00,28708.08,179317.65,270484.09,1,9326
2024-05-17 18:00:00,29817.52,186950.23,284689.59,1,10309
2024-05-17 19:00:00,88432.29,151785.63,234978.06,1,8765
2024-05-17 20:00:00,22953.09,130829.45,192893.16,1,7275
2024-05-17 21:00:00,22733.19,129110.32,191222.23,1,7061
2024-05-17 22:00:00,24776.98,140664.25,206002.11,1,7817
2024-05-17 23:00:00,26229.66,147441.12,209679.44,1,8009
2024-05-18 00:00:00,20865.98,120821.73,172266.27,1,6917
2024-05-18 01:00:00,13623.04,79370.26,116390.08,1,5128
2024-05-18 02:00:00,9736.53,55207.65,81017.59,1,3675
2024-05-18 03:00:00,6274.02,34698.04,51226.51,1,2291
2024-05-18 04:00:00,5006.46,25841.44,35942.44,1,1372
2024-05-18 05:00:00,4569.87,20818.39,27993.24,1,820
2024-05-18 06:00:00,8188.74,37838.26,50005.97,1,1435
2024-05-18 07:00:00,8699.51,40857.340000000004,55772.12,1,1834
2024-05-18 08:00:00,10791.71,53548.85,75010.8,1,2797
2024-05-18 09:00:00,14676.35,76891.46,108401.86,1,4293
2024-05-18 10:00:00,78975.63,89166.16,127276.0,1,5222
2024-05-18 11:00:00,18561.94,108813.4,153274.82,1,6060
2024-05-18 12:00:00,70578.77,131619.64,183100.91,1,6977
2024-05-18 13:00:00,23066.33,141881.6,195914.16,1,7121
2024-05-18 14:00:00,109159.24,152854.17,210267.55,1,7355
2024-05-18 15:00:00,29184.21,178181.93,245608.8,1,8694
2024-05-18 16:00:00,28359.45,177668.08,242255.58,1,8667
2024-05-18 17:00:00,104440.94,186161.27,252089.03,1,9149
2024-05-18 18:00:00,26562.93,189871.39,256678.16,1,9587
2024-05-18 19:00:00,202928.01,174816.72,238754.38,1,9116
2024-05-18 20:00:00,20486.75,125028.24,178657.47,1,6741
2024-05-18 21:00:00,270252.78,125585.08,181942.08,1,7107
2024-05-18 22:00:00,24348.75,141567.2,201791.45,1,7669
2024-05-18 23:00:00,25868.99,152067.12,212777.82,1,8042
2024-05-19 00:00:00,20909.97,121485.47,170447.56,1,6853
2024-05-19 01:00:00,74433.83,84747.62,122571.47,1,5412
2024-05-19 02:00:00,10027.45,55669.84,80884.07,1,3591
2024-05-19 03:00:00,7155.53,37380.3,53796.14,1,2304
2024-05-19 04:00:00,6016.3,29455.71,40389.61,1,1572
2024-05-19 05:00:00,4708.28,21033.46,28467.1,1,806
2024-05-19 06:00:00,6307.77,28212.27,37253.1,1,1090
2024-05-19 07:00:00,9048.23,39840.72,53659.79,1,1553
2024-05-19 08:00:00,11698.88,55347.83,75859.36,1,2519
2024-05-19 09:00:00,13377.46,67502.59,95456.86,1,3655
2024-05-19 10:00:00,17821.56,96694.7,136177.67,1,5192
2024-05-19 11:00:00,20073.92,114649.25,161173.94,1,6148
2024-05-19 12:00:00,23427.55,135115.19,189852.79,1,7010
2024-05-19 13:00:00,26899.41,160075.13,220234.44,1,7306
2024-05-19 14:00:00,92712.18000000001,179519.59,246922.01,1,7722
2024-05-19 15:00:00,28593.52,169645.29,231900.6,1,7113
2024-05-19 16:00:00,29088.05,161289.97,223340.5,1,6943
2024-05-19 17:00:00,26097.9,147141.5,204524.67,1,6790
2024-05-19 18:00:00,24188.09,140991.66,197621.43,1,7039
2024-05-19 19:00:00,23415.19,125370.55,176758.59,1,6075
2024-05-19 20:00:00,22476.23,114827.47,167515.25,1,5483
2024-05-19 21:00:00,22586.75,111046.73,161399.73,1,5363
2024-05-19 23:00:00,13811.8,61729.3,88709.31,1,2645
2024-05-20 00:00:00,9891.27,42799.96,61586.31,1,1669
2024-05-20 01:00:00,5348.71,22585.08,30775.93,1,810
2024-05-20 02:00:00,1316.63,6399.7,8826.41,1,335
2024-05-20 03:00:00,1463.42,6503.61,9123.47,1,290
2024-05-20 04:00:00,2415.5,10761.44,14383.51,1,418
2024-05-20 05:00:00,5039.59,22420.15,30001.14,1,803
2024-05-20 06:00:00,9743.96,45524.54,61471.5,1,2027
2024-05-20 07:00:00,15979.84,85060.25,117148.29,1,4182
2024-05-20 08:00:00,18129.05,107091.8,147872.71,1,5384
2024-05-20 09:00:00,17227.27,103130.76,145886.9,1,5373
2024-05-20 10:00:00,18367.86,107453.53,151547.57,1,5078
2024-05-20 11:00:00,18511.18,109163.85,153947.3,1,5371
2024-05-20 12:00:00,19801.2,116782.54,165706.7,1,5762
2024-05-20 13:00:00,23340.51,127579.67,180313.38,1,6078
2024-05-20 14:00:00,24726.58,140396.68,197091.22,1,6566
2024-05-20 15:00:00,25236.88,147126.9,206638.17,1,6889
2024-05-20 16:00:00,25858.96,146874.15,224258.78,1,6894
2024-05-20 17:00:00,24246.42,143250.97,220223.04,1,7538
2024-05-20 18:00:00,23345.26,135104.31,214010.86,1,7816
2024-05-20 19:00:00,22508.6,117175.35,186750.8,1,6566
2024-05-20 20:00:00,21707.23,109755.64,164420.07,1,6124
2024-05-20 21:00:00,24200.08,119081.68,177749.35,1,6627
2024-05-20 22:00:00,20751.79,100960.64,146376.17,1,5275
2024-05-20 23:00:00,14166.4,64900.77,94050.72,1,3014
2024-05-21 00:00:00,7072.35,32608.78,46363.94,1,1441
2024-05-21 01:00:00,2873.01,13158.24,18378.35,1,589
2024-05-21 02:00:00,1420.29,6661.36,9338.44,1,322
2024-05-21 03:00:00,1097.89,4888.29,6789.15,1,202
2024-05-21 04:00:00,2122.41,8552.56,11352.14,1,320
2024-05-21 05:00:00,4251.05,18841.78,26230.92,1,745
2024-05-21 06:00:00,8306.07,39278.19,53999.46,1,1875
2024-05-21 07:00:00,14108.38,77321.56,108963.84,1,4207
2024-05-21 08:00:00,106050.66,109126.57,152850.8,1,5815
2024-05-21 09:00:00,17003.93,106953.34,152571.87,1,5763
2024-05-21 10:00:00,65517.40000000001,110364.59,156842.92,1,5736
2024-05-21 11:00:00,17894.22,119397.62,167871.3,1,5965
2024-05-21 12:00:00,19375.15,127401.87,179218.81,1,6242
2024-05-21 13:00:00,22050.29,137633.48,194261.01,1,6558
2024-05-21 14:00:00,23860.02,150970.01,211818.31,1,7254
2024-05-21 15:00:00,24509.36,155120.12,218447.29,1,7419
2024-05-21 16:00:00,96096.67,158440.36,242222.88,1,7647
2024-05-21 17:00:00,26624.8,173512.32,266232.69,1,8896
2024-05-21 18:00:00,43913.35,157835.8,249902.13,1,9275
2024-05-21 19:00:00,23222.88,133334.13,210830.17,1,7490
2024-05-21 20:00:00,23207.13,125241.01,189458.48,1,7156
2024-05-21 21:00:00,28319.39,150355.72,222788.16,1,8359
2024-05-21 22:00:00,25611.63,137617.06,198871.71,1,7513
2024-05-21 23:00:00,95961.73999999999,91213.18,130077.98,1,4692
2024-05-22 00:00:00,9845.98,45380.96,65303.56,1,2137
2024-05-22 01:00:00,3243.55,15556.460000000001,22165.99,1,835
2024-05-22 02:00:00,1495.64,7748.0199999999995,11206.64,1,425
2024-05-22 03:00:00,1042.66,5543.94,7749.86,1,268
2024-05-22 04:00:00,2392.58,10825.67,14847.24,1,394
2024-05-22 05:00:00,73980.15999999999,20126.81,27624.7,1,764
2024-05-22 06:00:00,9418.88,44731.77,61195.23,1,2040
2024-05-22 07:00:00,15001.3,80528.02,113578.11,1,4452
2024-05-22 08:00:00,17299.32,107038.09,150547.55,1,5959
2024-05-22 09:00:00,16565.2,106542.76,151287.86,1,5942
2024-05-22 10:00:00,17213.3,108707.5,155499.28,1,5780
2024-05-22 11:00:00,18325.71,119166.53,169269.96,1,6238
2024-05-22 12:00:00,19730.25,130128.42,183293.9,1,6424
2024-05-22 13:00:00,21563.04,141705.19,199205.28,1,6834
2024-05-22 14:00:00,25059.64,161697.27,227351.38,1,7472
2024-05-22 15:00:00,25378.27,166002.57,232164.09,1,7868
2024-05-22 16:00:00,29756.38,158675.19,241689.93,1,7898
2024-05-22 17:00:00,28780.44,194261.69,293657.29,1,9637
2024-05-22 18:00:00,29841.61,199236.74,304070.83,1,10459
2024-05-22 19:00:00,25677.8,154013.33,241079.26,1,8392
2024-05-22 20:00:00,25229.98,139472.56,206090.54,1,7655
2024-05-22 21:00:00,28383.4,158338.6,230949.88999999998,1,8507
2024-05-22 22:00:00,30106.24,167237.02,238555.68,1,8445
2024-05-22 23:00:00,69541.5,125519.06,176165.13,1,6064
2024-05-23 00:00:00,12199.53,59756.51,85728.89,1,2835
2024-05-23 01:00:00,6276.27,29980.42,42174.33,1,1327
2024-05-23 02:00:00,2454.51,11997.99,17283.91,1,633
2024-05-23 03:00:00,1844.41,8224.23,11800.62,1,410
2024-05-23 04:00:00,2829.8,12916.08,17451.1,1,468
2024-05-23 05:00:00,5546.09,24501.67,33697.83,1,908
2024-05-23 06:00:00,84511.86000000002,47770.51,64874.19,1,2144
2024-05-23 07:00:00,15230.77,84416.22,117235.93,1,4583
2024-05-23 08:00:00,17700.46,110678.21,154320.96,1,6021
2024-05-23 09:00:00,17329.77,122468.29,173273.2,1,6970
2024-05-23 10:00:00,15355.67,110802.58,153391.88,1,6088
2024-05-23 11:00:00,15922.29,106624.92,149282.94,1,5497
2024-05-23 12:00:00,18364.52,121799.15,169874.6,1,6106
2024-05-23 13:00:00,22198.43,137816.45,193370.15,1,6498
2024-05-23 14:00:00,25578.92,161752.86,225051.59,1,7310
2024-05-23 15:00:00,88079.31,159385.89,222166.58,1,7412
2024-05-23 16:00:00,27627.59,172103.66,259942.9,1,7772
2024-05-23 17:00:00,27722.38,179344.22,272072.28,1,8808
2024-05-23 18:00:00,64750.670000000006,170132.53,262697.85,1,9180
2024-05-23 19:00:00,22688.96,130783.76,204943.07,1,7007
2024-05-23 20:00:00,22337.32,121372.12,181213.82,1,6267
2024-05-23 21:00:00,22777.13,123963.86,184805.63999999998,1,6803
2024-05-23 22:00:00,23684.6,123242.74,181349.75,1,6509
2024-05-23 23:00:00,19662.62,100294.52,143898.93,1,5038
2024-05-24 00:00:00,16955.61,81157.03,116915.04,1,3965
2024-05-24 01:00:00,10105.19,47277.15,66297.97,1,2158
2024-05-24 02:00:00,4751.15,22586.93,32440.61,1,1110
2024-05-24 03:00:00,3080.63,14771.49,20517.75,1,686
2024-05-24 04:00:00,4032.8,18263.74,25148.52,1,780
2024-05-24 05:00:00,6142.07,27082.96,36935.65,1,1041
2024-05-24 06:00:00,9514.75,44319.98,59993.67,1,1859
2024-05-24 07:00:00,76044.04,66993.88,92818.95,1,3436
2024-05-24 08:00:00,14670.18,80228.98,112628.69,1,4210
2024-05-24 09:00:00,18054.75,102764.72,144585.07,1,5266
2024-05-24 10:00:00,18474.11,110207.19,155862.81,1,5726
2024-05-24 11:00:00,77417.08,107876.3,153414.52,1,5509
2024-05-24 12:00:00,20191.55,119205.25,167360.24,1,5974
2024-05-24 13:00:00,21549.43,124689.74,174593.13,1,6267
2024-05-24 14:00:00,24597.14,150088.57,207999.05,1,7084
2024-05-24 15:00:00,24231.32,152692.72,210905.02,1,7282
2024-05-24 16:00:00,23437.18,147491.63,218095.4,1,6945
2024-05-24 17:00:00,24551.79,147920.94,220886.46,1,7339
2024-05-24 18:00:00,20307.23,122121.29,188481.93,1,6756
2024-05-24 19:00:00,18276.93,104883.41,162804.76,1,5805
2024-05-24 20:00:00,16961.03,89726.06,131680.97,1,4835
2024-05-24 21:00:00,18334.94,97803.23,143536.22,1,5098
2024-05-24 22:00:00,18364.03,100375.48,147673.44,1,5446
2024-05-24 23:00:00,18503.7,97689.66,141939.13999999998,1,5179
2024-05-25 00:00:00,145782.28,69237.88,99958.34,1,3960
2024-05-25 01:00:00,9039.99,47188.98,69291.2,1,2811
2024-05-25 02:00:00,6038.21,32430.71,47697.81,1,2023
2024-05-25 03:00:00,4495.78,22873.65,33167.49,1,1399
2024-05-25 04:00:00,4628.82,22014.88,29761.17,1,1076
2024-05-25 05:00:00,3061.9,13741.24,18474.71,1,498
2024-05-25 06:00:00,5303.05,23324.69,31708.09,1,895
2024-05-25 07:00:00,6552.32,30987.41,42575.19,1,1363
2024-05-25 08:00:00,97203.21999999999,40398.97,56407.18,1,2040
2024-05-25 09:00:00,38041.25,53267.83,76013.8,1,3035
2024-05-25 10:00:00,12618.34,68049.12,97311.1,1,3890
2024-05-25 11:00:00,14626.98,80924.5,114717.39,1,4603
2024-05-25 12:00:00,15921.01,91381.52,127915.31999999999,1,4971
2024-05-25 13:00:00,18138.31,100902.32,141393.83,1,5309
2024-05-25 14:00:00,19589.01,105490.51,147205.18,1,5283
2024-05-25 15:00:00,153474.78,103733.57,145068.08,1,5355
2024-05-25 16:00:00,19733.26,110584.73,154268.31,2,5688
2024-05-25 17:00:00,131695.61000000002,108121.35,150832.28,2,5808
2024-05-25 18:00:00,17838.09,103257.47,145030.81,2,5640
2024-05-25 19:00:00,18100.81,102437.65,143190.31,2,5542
2024-05-25 20:00:00,32121.59,80539.11,116694.22,2,4553
2024-05-25 21:00:00,29815.39,81991.29,119318.14,2,4602
2024-05-25 22:00:00,17886.07,94262.68,136207.62,2,5220
2024-05-25 23:00:00,15286.48,80461.87,114886.69,2,4534
2024-05-26 00:00:00,13066.09,65167.16,92826.2,1,3713
2024-05-26 01:00:00,8032.22,42280.7,61510.9,1,2655
2024-05-26 02:00:00,6112.02,31460.84,45256.43,1,1983
2024-05-26 03:00:00,5116.13,25517.32,35949.68,1,1543
2024-05-26 04:00:00,4803.3,22363.3,29815.38,1,1143
2024-05-26 05:00:00,3175.97,14652.67,19393.48,1,517
2024-05-26 06:00:00,4608.82,20917.22,27665.95,1,811
2024-05-26 07:00:00,5926.2,26043.36,34964.69,1,1106
2024-05-26 08:00:00,7525.65,36992.94,49995.94,1,1683
2024-05-26 09:00:00,10339.07,50818.95,70161.89,1,2746
2024-05-26 10:00:00,12427.76,61712.68,86643.87,1,3467
2024-05-26 11:00:00,13798.33,71411.53,101334.07,1,4155
2024-05-26 12:00:00,16609.74,90615.32,127279.71,1,5077
2024-05-26 13:00:00,20819.39,108859.97,150505.98,1,5600
2024-05-26 14:00:00,22784.88,120570.15,166978.97,1,5719
2024-05-26 15:00:00,20681.84,109849.79,150706.63,1,5298
2024-05-26 16:00:00,21247.76,111838.6,154460.43,2,5459
2024-05-26 17:00:00,109369.25,112247.32,154885.13,2,5761
2024-05-26 18:00:00,19160.63,105970.56,147471.54,2,5708
2024-05-26 19:00:00,17166.31,89550.63,125077.98,1,4846
2024-05-26 20:00:00,16878.08,85535.2,122706.4,1,4418
2024-05-26 21:00:00,78121.18999999999,84537.91,120835.51,2,4119
2024-05-26 22:00:00,18495.36,91737.84,128005.12,1,4388
2024-05-26 23:00:00,17137.81,83128.71,113248.26,1,3736
2024-05-27 00:00:00,94829.59,61346.52,84121.77,1,2899
2024-05-27 01:00:00,6560.32,32043.55,44729.75,1,1718
2024-05-27 02:00:00,3295.87,16935.61,23651.25,1,997
2024-05-27 03:00:00,2859.8,13085.1,18072.84,1,703
2024-05-27 04:00:00,3891.09,18064.23,23835.54,1,813
2024-05-27 05:00:00,3589.73,16043.01,21392.12,1,554
2024-05-27 06:00:00,5627.01,24395.76,32590.02,1,832
2024-05-27 07:00:00,68885.18,30845.7,42272.96,1,1261
2024-05-27 08:00:00,7856.09,36067.71,50270.1,1,1438
2024-05-27 09:00:00,9393.77,44771.64,62825.03,1,2107
2024-05-27 10:00:00,11921.38,57175.27,81563.72,1,2874
2024-05-27 11:00:00,12927.5,63963.17,91929.1,1,3403
2024-05-27 12:00:00,15781.64,79088.83,113886.61,1,4250
2024-05-27 13:00:00,69179.08,100471.23,143223.3,1,5509
2024-05-27 14:00:00,25146.05,139509.48,195775.83,1,7475
2024-05-27 15:00:00,21735.14,117936.93,164372.86,1,5935
2024-05-27 16:00:00,20003.23,100992.99,141315.09,1,4536
2024-05-27 17:00:00,19033.58,95554.63,134651.22,1,4550
2024-05-27 18:00:00,17609.8,86522.68,124067.22,1,4477
2024-05-27 19:00:00,16473.24,82264.59,118655.42,1,4401
2024-05-27 20:00:00,17227.47,80488.08,116378.84,1,3745
2024-05-27 21:00:00,16823.85,76585.68,111079.6,1,3416
2024-05-27 22:00:00,13825.63,61997.33,89654.22,1,2597
2024-05-27 23:00:00,14175.76,60437.08,86205.05,1,2089
2024-05-28 00:00:00,12285.04,50615.83,71543.61,1,1562
2024-05-28 01:00:00,8755.42,35611.45,48332.3,1,925
2024-05-28 02:00:00,2324.06,10026.33,13546.65,1,332
2024-05-28 03:00:00,1033.06,5092.59,6808.5199999999995,1,171
2024-05-28 04:00:00,2297.19,9410.73,12669.08,1,318
2024-05-28 05:00:00,4362.0,19879.31,26805.07,1,761
2024-05-28 06:00:00,8406.27,39083.18,53088.92,1,1833
2024-05-28 07:00:00,58487.27,76824.38,106961.72,1,3862
2024-05-28 08:00:00,285280.04,100147.2,140341.56,1,5130
2024-05-28 09:00:00,16826.08,100167.27,141164.09,1,5124
2024-05-28 10:00:00,17501.37,105368.87,148889.47,1,5208
2024-05-28 11:00:00,18711.12,112223.79,157648.93,1,5440
2024-05-28 12:00:00,18972.58,114618.96,161452.46,1,5726
2024-05-28 13:00:00,22120.07,129402.36,182042.1,1,6354
2024-05-28 14:00:00,24426.99,144645.36,201601.83,1,6709
2024-05-28 15:00:00,25563.56,151216.56,212543.1,1,7073
2024-05-28 16:00:00,22671.19,138046.11,211931.44,1,6727
2024-05-28 17:00:00,82974.34999999999,140211.67,217997.76,1,7241
2024-05-28 18:00:00,21956.87,131765.25,210436.04,1,7489
2024-05-28 19:00:00,21384.08,114741.08,182120.74,1,6391
2024-05-28 20:00:00,31162.949999999997,112196.94,167045.37,1,5909
2024-05-28 21:00:00,22918.58,117122.07,175825.22,1,6310
2024-05-28 22:00:00,19928.43,98575.19,144544.78,1,4893
2024-05-28 23:00:00,15297.75,71070.17,102111.75,1,3208
2024-05-29 00:00:00,9736.71,43526.62,60939.52,1,1651
2024-05-29 01:00:00,3300.43,15420.21,21600.05,1,669
2024-05-29 02:00:00,1390.58,6408.95,9159.06,1,363
2024-05-29 03:00:00,1048.71,4545.34,6457.66,1,253
2024-05-29 04:00:00,1870.79,8103.09,10625.63,1,298
2024-05-29 05:00:00,3396.29,15478.14,21002.23,1,644
2024-05-29 06:00:00,7578.59,37084.27,50577.7,1,1769
2024-05-29 07:00:00,14225.43,78642.61,110117.92,1,4060
2024-05-29 08:00:00,15621.19,98130.09,138935.86,1,5573
2024-05-29 09:00:00,16843.55,108701.57,153631.2,1,5688
2024-05-29 10:00:00,15987.63,104996.25,148165.16,1,5387
2024-05-29 11:00:00,17685.01,115240.94,162563.67,1,5918
2024-05-29 12:00:00,19280.72,129309.33,181414.08,1,6355
2024-05-29 13:00:00,18899.01,123845.5,173959.17,1,6236
2024-05-29 14:00:00,23816.53,149381.38,208827.27,1,6859
2024-05-29 15:00:00,22883.44,149543.75,208300.83,1,6874
2024-05-29 16:00:00,23353.54,149847.92,227249.11,1,6864
2024-05-29 17:00:00,75728.94,161498.91,248502.0,1,7884
2024-05-29 18:00:00,22354.89,147735.36,234340.24,1,8309
2024-05-29 19:00:00,83804.37999999999,132082.18,207986.69,1,7370
2024-05-29 20:00:00,22654.14,129485.48,194490.25,1,7597
2024-05-29 21:00:00,185548.06,192036.17,285451.22,1,11652
2024-05-29 22:00:00,24703.18,168966.82,231117.48,1,8477
2024-05-29 23:00:00,16587.34,91913.44,130225.44,1,4484
2024-05-30 00:00:00,11601.37,51489.05,74539.48,1,2177
2024-05-30 01:00:00,5815.37,25765.47,35863.91,1,1063
2024-05-30 02:00:00,2734.79,11924.57,16652.25,1,522
2024-05-30 03:00:00,3429.57,6948.2,10062.64,1,359
2024-05-30 04:00:00,1894.03,8901.39,11914.78,1,326
2024-05-30 05:00:00,4057.13,18203.62,25309.0,1,796
2024-05-30 06:00:00,8957.11,41726.04,56960.59,1,2033
2024-05-30 07:00:00,14648.22,81182.69,113080.93,1,4366
2024-05-30 08:00:00,16444.53,104513.44,145695.03,1,5800
2024-05-30 09:00:00,16634.92,108659.78,152933.97,1,5815
2024-05-30 10:00:00,17690.62,113185.58,160009.35,1,5728
2024-05-30 11:00:00,18614.09,120811.13,168255.42,1,5867
2024-05-30 12:00:00,21096.69,135335.07,188983.95,1,6488
2024-05-30 13:00:00,21334.66,133516.98,187620.23,1,6446
2024-05-30 14:00:00,24614.98,155869.24,217499.76,1,7077
2024-05-30 15:00:00,25193.31,157899.9,220848.37,1,7310
2024-05-30 16:00:00,24486.17,156260.88,238197.23,1,7407
2024-05-30 17:00:00,26367.45,171295.97,262503.21,1,8609
2024-05-30 18:00:00,25011.93,162192.18,252984.01,1,8846
2024-05-30 19:00:00,23418.86,139970.77,221054.35,1,7741
2024-05-30 20:00:00,23687.27,132656.09,198069.2,1,7179
2024-05-30 21:00:00,26124.67,144395.66,214611.76,1,7966
2024-05-30 22:00:00,24399.65,132956.95,194266.04,1,7365
2024-05-30 23:00:00,23268.26,123942.1,178096.81,1,6425
2024-05-31 00:00:00,12332.9,62043.21,89985.63,1,3426
2024-05-31 01:00:00,5964.42,29515.62,42929.69,1,1665
2024-05-31 02:00:00,3115.38,16488.4,23871.36,1,978
2024-05-31 03:00:00,2064.18,11238.37,16045.63,1,621
2024-05-31 04:00:00,2517.69,11184.81,15686.8,1,481
2024-05-31 05:00:00,4215.81,19132.18,26659.23,1,705
2024-05-31 06:00:00,8293.84,38568.3,53025.35,1,1682
2024-05-31 07:00:00,84326.71,71866.91,98869.86,1,3607
2024-05-31 08:00:00,52732.44,83128.38,117240.27,1,4583
2024-05-31 09:00:00,15545.78,92784.68,131027.03,1,4827
2024-05-31 10:00:00,75446.88,97442.59,138460.49,1,5056
2024-05-31 11:00:00,18184.0,109654.22,153934.51,1,5596
2024-05-31 12:00:00,19494.25,115777.6,163315.76,1,5962
2024-05-31 13:00:00,22590.02,129313.35,181589.65,1,6356
2024-05-31 14:00:00,25218.75,150439.22,210961.68,1,7119
2024-05-31 15:00:00,25402.36,157386.41,217732.1,1,7304
2024-05-31 16:00:00,25423.54,160044.29,239287.18,1,7445
2024-05-31 17:00:00,23830.65,156141.01,237658.89,1,8021
2024-05-31 18:00:00,23807.46,146393.84,227779.16,1,8251
2024-05-31 19:00:00,22234.23,127875.61,199545.95,1,7160
2024-05-31 20:00:00,19421.19,105575.55,156823.82,1,5940
2024-05-31 21:00:00,20582.15,114099.17,168666.3,1,6292
2024-05-31 22:00:00,22473.5,127671.94,187709.83,1,7199
2024-05-31 23:00:00,23553.96,130937.5,187732.16,1,6951
2024-06-01 00:00:00,31.540000000000003,139.6,196.26,1,5
2024-06-01 01:00:00,3.66,26.8,33.3,1,1
2024-06-01 04:00:00,5.49,42.6,64.88,1,3
2024-06-01 05:00:00,2.28,14.2,19.2,1,1
2024-06-01 07:00:00,4.6,28.2,33.2,1,1
2024-06-01 23:00:00,1.1,9.3,15.73,1,1
2024-05-31 15:00:00,13.95,88.4,149.29,1,8
2024-05-31 16:00:00,3.11,17.9,31.84,1,2
2024-05-31 23:00:00,70.63,485.5,733.85,2,32
2024-06-01 00:00:00,20108.59,114515.64,162682.54,1,6233
2024-06-01 01:00:00,15252.71,84344.24,122985.96,1,5157
2024-06-01 02:00:00,8974.41,50585.29,75788.58,1,3490
2024-06-01 03:00:00,5958.48,31247.91,46287.14,1,2059
2024-06-01 04:00:00,4624.72,23248.98,32200.55,1,1188
2024-06-01 05:00:00,58609.049999999996,14057.33,19026.6,1,554
2024-06-01 06:00:00,5648.63,25882.87,35022.47,1,1028
2024-06-01 07:00:00,7492.1,36309.21,50119.29,1,1674
2024-06-01 08:00:00,9192.66,46066.32,64403.5,1,2512
2024-06-01 09:00:00,13213.29,69189.34,97877.48,1,3964
2024-06-01 10:00:00,15429.73,86015.34,122946.51,1,5077
2024-06-01 11:00:00,76422.83,106722.15,149786.18,1,5963
2024-06-01 12:00:00,83249.52,122753.97,170631.41,1,6760
2024-06-01 13:00:00,23806.92,142228.46,197019.71,1,7382
2024-06-01 14:00:00,24174.73,145938.48,201541.26,1,7612
2024-06-01 15:00:00,203142.71,156986.78,217095.51,1,7800
2024-06-01 16:00:00,25168.53,150028.39,208873.4,1,7862
2024-06-01 17:00:00,25579.96,155365.91,215679.46,1,8396
2024-06-01 18:00:00,27760.18,167758.36,232510.93,1,9045
2024-06-01 19:00:00,25536.0,155643.38,214907.75,1,8510
2024-06-01 20:00:00,20263.88,118620.32,170199.26,1,6453
2024-06-01 21:00:00,20530.72,118449.32,171098.18,1,6317
2024-06-01 22:00:00,25565.33,151321.76,213922.81,1,7698
2024-06-01 23:00:00,26945.9,161913.04,223812.91,1,7957
2024-06-02 00:00:00,79461.54,129353.14,180050.09,1,6815
2024-06-02 01:00:00,16376.91,95135.75,134338.48,1,5604
2024-06-02 02:00:00,10704.99,61074.05,88117.0,1,3972
2024-06-02 03:00:00,7555.1,41175.68,59071.72,1,2545
2024-06-02 04:00:00,6069.85,28972.65,39277.72,1,1466
2024-06-02 05:00:00,4637.24,21208.52,28423.28,1,734
2024-06-02 06:00:00,6531.66,27955.31,36873.3,1,1030
2024-06-02 07:00:00,7314.46,33543.27,45419.08,1,1402
2024-06-02 08:00:00,9993.32,48821.63,67363.3,1,2173
2024-06-02 09:00:00,13882.29,69789.37,98053.01,1,3601
2024-06-02 10:00:00,161170.61,92785.51,130802.11,1,4868
2024-06-02 11:00:00,19783.78,112906.6,156940.8,1,5541
2024-06-02 12:00:00,21680.56,127095.52,176706.04,1,6047
2024-06-02 13:00:00,25197.5,144766.3,200223.47,1,6334
2024-06-02 14:00:00,26958.19,157481.99,217027.88,1,6732
2024-06-02 15:00:00,26869.71,157011.9,216229.52,1,6683
2024-06-02 16:00:00,25990.29,151401.42,208788.27,1,6412
2024-06-02 17:00:00,24732.01,142789.11,198961.46,1,6722
2024-06-02 18:00:00,25003.38,136598.67,193985.27,1,6567
2024-06-02 19:00:00,22261.98,114930.57,162412.18,1,5562
2024-06-02 20:00:00,19741.42,101055.79,148004.38999999998,1,4869
2024-06-02 21:00:00,24551.58,116459.99,169352.84,1,5050
2024-06-02 22:00:00,18385.22,88822.07,124779.42,1,3745
2024-06-02 23:00:00,149791.34,67307.2,94353.82,1,2577
2024-06-03 00:00:00,10349.93,44575.75,62679.79,1,1578
2024-06-03 01:00:00,3069.36,13254.17,18338.71,1,583
2024-06-03 02:00:00,1768.74,7849.11,10799.47,1,359
2024-06-03 03:00:00,1136.7,5155.03,6961.37,1,226
2024-06-03 04:00:00,2035.7,9367.17,12246.19,1,328
2024-06-03 05:00:00,4969.07,21710.65,29243.26,1,798
2024-06-03 06:00:00,9461.12,42844.65,57873.04,1,1918
2024-06-03 07:00:00,14745.72,78319.38,109112.48,1,4132
2024-06-03 08:00:00,18114.72,105549.93,146924.09,1,5474
2024-06-03 09:00:00,92040.84999999999,107203.08,151205.63,1,5399
2024-06-03 10:00:00,18825.78,109389.03,155584.44,1,5429
2024-06-03 11:00:00,20094.23,118522.2,166886.98,1,5731
2024-06-03 12:00:00,82126.17,118315.42,166762.51,1,5952
2024-06-03 13:00:00,60640.880000000005,128257.45,180778.13999999998,1,6227
2024-06-03 14:00:00,25658.94,150707.56,213004.06,1,7038
2024-06-03 15:00:00,25398.74,147468.65,208562.18,1,7145
2024-06-03 16:00:00,24519.35,144095.9,223064.19,1,7062
2024-06-03 17:00:00,126901.26000000001,149589.62,234381.47,1,7909
2024-06-03 18:00:00,24027.95,141062.67,226070.82,1,8320
2024-06-03 19:00:00,22381.83,120251.74,191553.47,1,6622
2024-06-03 20:00:00,21997.58,113699.55,170807.27,1,6251
2024-06-03 21:00:00,54829.63,109250.98,164031.63999999998,1,6239
2024-06-03 22:00:00,22999.88,112191.91,163327.77,1,5649
2024-06-03 23:00:00,15832.12,72586.49,103540.88,1,3297
2024-06-04 00:00:00,9156.73,40318.4,56738.33,1,1599
2024-06-04 01:00:00,3051.07,13958.28,19546.59,1,662
2024-06-04 02:00:00,1085.67,5504.79,7897.28,1,312
2024-06-04 03:00:00,827.92,3659.56,5066.3,1,175
2024-06-04 04:00:00,1612.15,7128.99,9751.66,1,285
2024-06-04 05:00:00,4185.67,18424.96,25221.26,1,769
2024-06-04 06:00:00,20706.579999999998,41472.93,56770.35,1,1963
2024-06-04 07:00:00,113506.11,79582.29,111238.9,1,4287
2024-06-04 08:00:00,17454.47,109952.63,154047.46,1,5864
2024-06-04 09:00:00,18617.15,118675.37,166673.51,1,6122
2024-06-04 10:00:00,145312.26,124290.07,176372.52,1,6170
2024-06-04 11:00:00,18562.59,121369.46,170823.98,1,6206
2024-06-04 12:00:00,21388.88,138375.16,193947.52,1,6725
2024-06-04 13:00:00,81583.43,149089.34,208418.84,1,6997
2024-06-04 14:00:00,112061.32999999999,158327.23,223361.35,1,7523
2024-06-04 15:00:00,25243.13,159184.6,224147.98,1,7702
2024-06-04 16:00:00,57621.76,170627.2,259891.71,1,7924
2024-06-04 17:00:00,25055.92,172316.97,263497.52,1,8796
2024-06-04 18:00:00,25179.98,165804.42,260442.45,1,9243
2024-06-04 19:00:00,25030.85,140384.93,221720.13,1,7817
2024-06-04 20:00:00,24368.9,129179.65,194464.48,1,7367
2024-06-04 21:00:00,27017.96,148724.91,220009.59,1,8464
2024-06-04 22:00:00,24940.85,136146.48,196635.47,1,7288
2024-06-04 23:00:00,17205.02,87636.89,126234.5,1,4530
2024-06-05 00:00:00,8854.91,42346.95,60773.67,1,2029
2024-06-05 01:00:00,3488.31,17097.25,24439.85,1,850
2024-06-05 02:00:00,1724.08,9130.45,12698.81,1,431
2024-06-05 03:00:00,1174.69,5647.56,7883.84,1,265
2024-06-05 04:00:00,1630.91,7276.97,9853.89,1,281
2024-06-05 05:00:00,4130.1,18198.44,25162.01,1,729
2024-06-05 06:00:00,8875.81,42511.17,57987.159999999996,1,2090
2024-06-05 07:00:00,14631.9,82010.89,115263.44,1,4602
2024-06-05 08:00:00,19000.83,120764.88,168235.45,1,6417
2024-06-05 09:00:00,18142.82,118862.0,167628.13,1,6208
2024-06-05 10:00:00,17352.15,118017.36,166955.2,1,6174
2024-06-05 11:00:00,19731.59,131022.97,184612.22,1,6548
2024-06-05 12:00:00,20168.1,136120.13,191080.22,1,6922
2024-06-05 13:00:00,23392.07,149836.67,210361.24,1,7164
2024-06-05 14:00:00,151701.77000000002,162977.09,227757.19,1,7653
2024-06-05 15:00:00,25772.61,167949.31,235080.16,1,7903
2024-06-05 16:00:00,25418.4,166978.6,254129.1,1,8025
2024-06-05 17:00:00,25721.63,178290.85,272994.02,1,9194
2024-06-05 18:00:00,26782.77,183520.97,284782.18,1,10156
2024-06-05 19:00:00,25323.57,155575.46,244718.27,1,8738
2024-06-05 20:00:00,25375.41,143364.76,213574.45,1,8203
2024-06-05 21:00:00,214540.87,160339.24,236823.08,1,9158
2024-06-05 22:00:00,29923.44,163080.56,234525.44,1,8630
2024-06-05 23:00:00,21245.49,112916.73,160237.05,1,5685
2024-06-06 00:00:00,13218.87,63645.71,91764.15,1,3021
2024-06-06 01:00:00,8059.38,36122.11,51031.36,1,1533
2024-06-06 02:00:00,2713.16,12814.35,19322.73,1,632
2024-06-06 03:00:00,1460.16,7248.76,10227.58,1,382
2024-06-06 04:00:00,2283.2400000000002,9817.71,13539.8,1,402
2024-06-06 05:00:00,4786.1,22142.18,30341.69,1,973
2024-06-06 06:00:00,10448.59,49148.0,67075.91,1,2251
2024-06-06 07:00:00,58793.490000000005,85337.99,119999.99,1,4657
2024-06-06 08:00:00,18721.92,114986.55,161112.98,1,6246
2024-06-06 09:00:00,59767.44,122493.27,171549.26,1,6354
2024-06-06 10:00:00,19818.68,130332.2,183477.86,1,6509
2024-06-06 11:00:00,20963.89,139149.33,194409.09,1,6923
2024-06-06 12:00:00,21962.76,144869.34,202124.79,1,7130
2024-06-06 13:00:00,24190.04,154016.84,215692.01,1,7325
2024-06-06 14:00:00,73510.37,190918.07,266881.37,1,8961
2024-06-06 15:00:00,30412.44,211519.87,291591.92,1,9397
2024-06-06 16:00:00,26821.84,192910.72,286121.18,1,8966
2024-06-06 17:00:00,29819.24,205051.95,307517.33,1,9762
2024-06-06 18:00:00,29632.5,205563.74,311046.75,1,10450
2024-06-06 19:00:00,24531.27,156260.16,242975.28,1,8517
2024-06-06 20:00:00,25568.91,150217.79,220573.79,1,7947
2024-06-06 21:00:00,26757.89,163914.29,239060.5,1,9117
2024-06-06 22:00:00,29718.14,154614.54,224265.23,1,8068
2024-06-06 23:00:00,24827.92,134166.33,190181.46,1,6537
2024-06-07 00:00:00,16082.06,80352.31,114788.8,1,3962
2024-06-07 01:00:00,7280.12,37662.89,54907.15,1,2037
2024-06-07 02:00:00,3774.06,20131.18,29025.73,1,1144
2024-06-07 03:00:00,2389.39,11471.95,16857.88,1,670
2024-06-07 04:00:00,148530.52,13176.47,18496.3,1,639
2024-06-07 05:00:00,6125.53,26574.04,36200.8,1,941
2024-06-07 06:00:00,8896.96,42085.5,57636.28,1,1923
2024-06-07 07:00:00,13839.66,72896.26,101163.05,1,3739
2024-06-07 08:00:00,16132.92,91660.74,129470.61,1,4992
2024-06-07 09:00:00,17442.91,100191.99,141400.98,1,5402
2024-06-07 10:00:00,19801.67,116435.47,163009.89,1,5848
2024-06-07 11:00:00,21208.17,127395.41,178202.52,1,6487
2024-06-07 12:00:00,21106.62,128561.0,180434.43,1,6824
2024-06-07 13:00:00,23096.84,137691.9,192958.11,1,7085
2024-06-07 14:00:00,26818.47,163216.34,227647.73,1,7904
2024-06-07 15:00:00,85787.65,176851.94,245583.88,1,8461
2024-06-07 16:00:00,72300.33,174629.1,261498.47,1,8407
2024-06-07 17:00:00,25920.81,164769.41,249667.74,1,8833
2024-06-07 18:00:00,26296.49,164629.59,251285.79,1,9249
2024-06-07 19:00:00,24267.39,143451.36,222328.03,1,8148
2024-06-07 20:00:00,19834.35,112506.55,165844.52,1,6259
2024-06-07 21:00:00,22567.35,126579.54,186366.47,1,6984
2024-06-07 22:00:00,24961.77,140350.89,203384.92,1,7625
2024-06-07 23:00:00,29156.81,164329.05,230231.38999999998,1,8485
2024-06-08 00:00:00,20141.63,117158.77,165453.7,1,6584
2024-06-08 01:00:00,13361.59,76697.86,112175.81,1,4935
2024-06-08 02:00:00,10249.59,57829.19,83805.79,1,3675
2024-06-08 03:00:00,6694.49,36362.71,52216.05,1,2296
2024-06-08 04:00:00,5149.74,25727.24,35026.95,1,1338
2024-06-08 05:00:00,3706.16,16883.29,23315.85,1,642
2024-06-08 06:00:00,5961.64,26697.62,36413.57,1,1044
2024-06-08 07:00:00,99256.25,39898.66,54173.21,1,1885
2024-06-08 08:00:00,11128.31,55426.32,76967.51,1,2874
2024-06-08 09:00:00,13782.82,73069.33,101902.4,1,4144
2024-06-08 10:00:00,17323.53,94301.95,131645.48,1,5322
2024-06-08 11:00:00,19796.66,113517.29,158045.03,1,6186
2024-06-08 12:00:00,20868.47,125653.6,173798.2,1,6918
2024-06-08 13:00:00,23703.53,140775.57,194633.6,1,7202
2024-06-08 14:00:00,29657.71,140557.68,193787.99,1,7168
2024-06-08 15:00:00,66074.37,145273.29,201513.1,1,7591
2024-06-08 16:00:00,27234.9,159227.83,219684.99,1,8225
2024-06-08 17:00:00,27299.97,162075.74,223584.34,1,8665
2024-06-08 18:00:00,25444.88,157074.98,215982.67,1,8710
2024-06-08 19:00:00,24995.72,148993.45,206483.96,1,8255
2024-06-08 20:00:00,18068.67,104374.55,150850.46,1,6037
2024-06-08 21:00:00,94954.09,118551.63,170722.13999999998,1,6565
2024-06-08 22:00:00,129276.06,150825.39,212212.65,1,7894
2024-06-08 23:00:00,27734.86,173676.24,235785.34,1,8172
2024-06-09 00:00:00,20105.43,131237.75,176907.99,1,6304
2024-06-09 01:00:00,84946.06999999999,88720.2,123590.06999999999,1,4987
2024-06-09 02:00:00,10303.05,58646.7,83981.8,1,3684
2024-06-09 03:00:00,80571.09999999999,41263.21,59410.78,1,2540
2024-06-09 04:00:00,6118.17,29678.97,40361.86,1,1486
2024-06-09 05:00:00,4758.47,21075.82,28288.99,1,733
2024-06-09 06:00:00,6847.09,30803.94,40203.97,1,1057
2024-06-09 07:00:00,9102.97,40994.03,54170.09,1,1690
2024-06-09 08:00:00,40348.73,55841.27,75092.36,1,2487
2024-06-09 09:00:00,54979.200000000004,76552.54,105527.68,1,3960
2024-06-09 10:00:00,18315.7,92887.33,129035.18,1,4930
2024-06-09 11:00:00,19507.18,105630.17,147186.91,1,5423
2024-06-09 12:00:00,22477.24,120007.67,166569.93,1,5746
2024-06-09 13:00:00,25562.15,140234.95,193027.76,1,6223
2024-06-09 14:00:00,87600.01999999999,152385.88,209177.75,1,6589
2024-06-09 15:00:00,79893.27,156155.37,212924.18,1,6427
2024-06-09 16:00:00,83580.21,156861.01,215300.85,1,6498
2024-06-09 17:00:00,25091.59,142146.69,196707.48,1,6697
2024-06-09 18:00:00,24358.42,135165.24,188561.26,1,6740
2024-06-09 19:00:00,21834.66,110457.48,155694.11,1,5433
2024-06-09 20:00:00,20791.54,102754.16,150462.75,1,4812
2024-06-09 21:00:00,22444.72,107449.22,155946.67,1,4898
2024-06-09 22:00:00,22270.73,106630.28,148323.44,1,4369
2024-06-09 23:00:00,18481.79,85319.06,117507.5,1,3279
2024-06-10 00:00:00,9142.27,40070.0,55687.98,1,1580
2024-06-10 01:00:00,3134.89,14743.18,20198.19,1,648
2024-06-10 02:00:00,1347.17,6687.08,9335.95,1,342
2024-06-10 03:00:00,1689.31,7302.58,9998.45,1,297
2024-06-10 04:00:00,3143.58,14459.58,19213.69,1,476
2024-06-10 05:00:00,5394.77,24114.66,32342.51,1,914
2024-06-10 06:00:00,11370.33,52396.86,69623.71,1,2184
2024-06-10 07:00:00,16151.87,84029.73,115277.08,1,4058
2024-06-10 08:00:00,18079.24,107295.74,149420.78,1,5608
2024-06-10 09:00:00,137335.44,102380.32,143769.03,1,5253
2024-06-10 10:00:00,305979.52999999997,108688.24,152940.46,1,5418
2024-06-10 11:00:00,17950.19,109339.23,153582.94,1,5532
2024-06-10 12:00:00,19943.2,118225.02,167357.84,1,5768
2024-06-10 13:00:00,21055.37,121382.64,172409.56,1,5919
2024-06-10 14:00:00,23742.67,135390.42,192340.29,1,6525
2024-06-10 15:00:00,24755.83,141111.14,199874.51,1,6658
2024-06-10 16:00:00,24145.17,139324.99,214181.12,1,6754
2024-06-10 17:00:00,24836.19,142343.66,222415.0,1,7370
2024-06-10 18:00:00,80183.79000000001,128222.97,206740.69,1,7324
2024-06-10 19:00:00,22207.75,116424.66,187138.34,1,6636
2024-06-10 20:00:00,21660.31,109232.81,165025.83,1,5972
2024-06-10 21:00:00,20852.96,108724.52,163693.27,1,6049
2024-06-10 22:00:00,19964.62,99480.98,146400.01,1,5289
2024-06-10 23:00:00,16737.94,75514.68,108341.47,1,3219
2024-06-11 00:00:00,6799.69,31224.17,44334.34,1,1358
2024-06-11 01:00:00,2517.82,11494.72,15999.41,1,528
2024-06-11 02:00:00,1043.04,4879.62,7060.34,1,282
2024-06-11 03:00:00,1035.3,4448.74,6065.78,1,195
2024-06-11 04:00:00,1885.85,8197.16,11354.710000000001,1,278
2024-06-11 05:00:00,4147.85,18655.03,25074.81,1,754
2024-06-11 06:00:00,8531.92,39330.45,54072.69,1,1861
2024-06-11 07:00:00,166616.15,75738.09,107767.09,1,4123
2024-06-11 08:00:00,65348.49999999999,109100.28,152918.82,1,5860
2024-06-11 09:00:00,17124.95,110342.69,155340.81,1,5663
2024-06-11 10:00:00,17460.31,109835.07,158114.22,1,5691
2024-06-11 11:00:00,18794.85,118954.1,168656.52,1,6108
2024-06-11 12:00:00,18924.76,120824.34,171966.57,1,6422
2024-06-11 13:00:00,20459.69,126780.65,181149.02,1,6674
2024-06-11 14:00:00,24533.58,148663.9,212536.76,1,7303
2024-06-11 15:00:00,25736.06,157790.51,223439.91,1,7801
2024-06-11 16:00:00,24491.61,147453.29,229944.64,1,7516
2024-06-11 17:00:00,23971.54,152636.03,239898.83,1,8325
2024-06-11 18:00:00,25367.94,156027.53,248809.75,1,9121
2024-06-11 19:00:00,21988.52,126512.79,205230.8,1,7626
2024-06-11 20:00:00,22434.29,119947.38,182837.57,1,6918
2024-06-11 21:00:00,25250.12,135516.42,203256.55,1,7980
2024-06-11 22:00:00,23384.65,124856.51,182878.02,1,6957
2024-06-11 23:00:00,14944.82,74879.49,111070.14,1,4082
2024-06-12 00:00:00,7793.37,37687.58,54774.62,1,1883
2024-06-12 01:00:00,3138.16,14717.87,21121.88,1,811
2024-06-12 02:00:00,1653.53,7802.42,11041.32,1,430
2024-06-12 03:00:00,1231.17,5726.1,8124.18,1,320
2024-06-12 04:00:00,1847.93,8688.06,11914.32,1,310
2024-06-12 05:00:00,3664.2599999999998,17355.49,24037.13,1,686
2024-06-12 06:00:00,8136.95,37795.82,51937.82,1,1853
2024-06-12 07:00:00,114248.87999999999,75380.28,106318.42,1,4246
2024-06-12 08:00:00,16764.17,100677.03,143349.67,1,5587
2024-06-12 09:00:00,16354.03,104083.36,148094.82,1,5613
2024-06-12 10:00:00,16407.11,104311.47,149003.17,1,5698
2024-06-12 11:00:00,18198.28,116208.62,166742.65,1,6064
2024-06-12 12:00:00,19384.27,123690.57,176508.35,1,6450
2024-06-12 13:00:00,22375.08,137127.96,195600.15,1,6925
2024-06-12 14:00:00,23134.87,137831.7,196989.94,1,6985
2024-06-12 15:00:00,23683.53,140087.53,201248.59,1,7099
2024-06-12 16:00:00,24522.42,148138.15,230150.87,1,7383
2024-06-12 17:00:00,25407.46,156335.61,246504.64,1,8400
2024-06-12 18:00:00,23531.04,146052.91,236855.56,1,8597
2024-06-12 19:00:00,23474.19,130592.44,210606.22,1,7578
2024-06-12 20:00:00,22205.7,121731.69,186195.38,1,7199
2024-06-12 21:00:00,31681.37,143756.24,216583.54,1,8519
2024-06-12 22:00:00,26850.91,145007.23,212452.02,1,8259
2024-06-12 23:00:00,63960.09,100892.56,147169.58,1,5639
2024-06-13 00:00:00,9519.52,46969.87,68944.66,1,2369
2024-06-13 01:00:00,3579.1,18013.99,26507.02,1,1065
2024-06-13 02:00:00,2351.79,11368.63,16394.09,1,618
2024-06-13 03:00:00,1397.61,6605.15,9783.09,1,374
2024-06-13 04:00:00,2148.7,9849.41,13574.18,1,374
2024-06-13 05:00:00,4005.63,19104.96,27172.65,1,743
2024-06-13 06:00:00,8096.15,37886.91,53291.37,1,1780
2024-06-13 07:00:00,12068.4,67616.47,97294.46,1,3844
2024-06-13 08:00:00,16246.96,104008.39,147295.19,1,5839
2024-06-13 09:00:00,61427.23,108256.73,153816.54,1,5778
2024-06-13 10:00:00,16387.85,105913.52,151889.7,1,5578
2024-06-13 11:00:00,18686.36,121253.16,173141.99,1,6313
2024-06-13 12:00:00,85423.91,131289.58,187165.36,1,6862
2024-06-13 13:00:00,21971.64,135917.11,194440.35,1,6895
2024-06-13 14:00:00,25408.57,153249.83,218502.88,1,7638
2024-06-13 15:00:00,88185.2,153943.98,219622.9,1,7659
2024-06-13 16:00:00,110428.79000000001,151679.57,236476.74,1,7574
2024-06-13 17:00:00,27606.31,170144.46,266214.92,1,9018
2024-06-13 18:00:00,26980.48,167913.91,264896.7,1,9645
2024-06-13 19:00:00,23082.06,132583.6,212983.66,1,7536
2024-06-13 20:00:00,22723.97,125671.45,190469.66,1,7197
2024-06-13 21:00:00,32646.670000000002,150724.37,222603.54,1,8657
2024-06-13 22:00:00,26516.92,150220.98,219949.68,1,8503
2024-06-13 23:00:00,21334.39,114423.86,167526.16,1,6282
2024-06-14 00:00:00,14386.77,75907.13,109024.76,1,3995
2024-06-14 01:00:00,18082.46,31229.55,46431.72,1,2009
2024-06-14 02:00:00,3373.21,16977.01,25051.05,1,1030
2024-06-14 03:00:00,2508.18,12185.13,17398.12,1,630
2024-06-14 04:00:00,3197.87,13707.94,19215.94,1,552
2024-06-14 05:00:00,5263.27,23338.04,32174.85,1,794
2024-06-14 06:00:00,8204.12,39263.2,54099.54,1,1719
2024-06-14 07:00:00,12815.53,65416.87,91544.83,1,3371
2024-06-14 08:00:00,99860.20000000001,81723.97,117017.15,1,4474
2024-06-14 09:00:00,14808.22,86887.37,124746.18,1,4889
2024-06-14 10:00:00,17416.75,101541.45,145184.7,1,5448
2024-06-14 11:00:00,18344.18,108773.4,155740.8,1,5871
2024-06-14 12:00:00,19507.93,115739.58,165484.78,1,6302
2024-06-14 13:00:00,22724.71,132155.42,185920.03,1,6890
2024-06-14 14:00:00,23455.86,138868.44,196660.05,1,7350
2024-06-14 15:00:00,78763.95999999999,143901.53,204405.36,1,7550
2024-06-14 16:00:00,23163.01,141717.93,215692.47,1,7372
2024-06-14 17:00:00,25507.4,148576.34,229339.79,1,7856
2024-06-14 18:00:00,27389.94,173387.81,277539.85,1,11023
2024-06-14 19:00:00,24439.73,179808.7,267656.55,1,10179
2024-06-14 20:00:00,16685.97,100172.47,147123.89,1,5854
2024-06-14 21:00:00,16732.66,95116.5,141727.22,1,5310
2024-06-14 22:00:00,21403.65,118963.32,176422.42,1,6523
2024-06-14 23:00:00,23073.1,124103.59,178289.04,1,6463
2024-06-15 00:00:00,21601.23,110079.67,160203.41,1,5816
2024-06-15 01:00:00,15193.35,80049.16,116728.68,1,4639
2024-06-15 02:00:00,10947.35,56838.34,82095.55,1,3314
2024-06-15 03:00:00,6070.38,31474.98,45338.11,1,1852
2024-06-15 04:00:00,4222.42,21209.09,29885.52,1,1034
2024-06-15 05:00:00,3227.21,14681.65,19907.05,1,529
2024-06-15 06:00:00,5371.3,24688.82,33983.75,1,972
2024-06-15 07:00:00,19171.76,27306.69,38309.159999999996,1,1342
2024-06-15 08:00:00,9466.98,46824.76,66435.65,1,2461
2024-06-15 09:00:00,11884.5,61284.26,88456.3,1,3605
2024-06-15 10:00:00,13359.49,72693.83,105474.97,1,4407
2024-06-15 11:00:00,17946.02,100486.03,141924.4,1,5640
2024-06-15 12:00:00,19190.56,109929.03,154780.97,1,6187
2024-06-15 13:00:00,19469.19,112951.4,160493.82,1,6244
2024-06-15 14:00:00,20653.48,119651.88,167533.18,1,6292
2024-06-15 15:00:00,22030.69,127782.75,177417.86,1,6768
2024-06-15 16:00:00,22248.98,127066.76,179259.95,1,6742
2024-06-15 17:00:00,23163.52,136040.91,191239.23,1,7259
2024-06-15 18:00:00,24775.63,144487.35,200056.63999999998,1,7844
2024-06-15 19:00:00,20670.33,120109.6,168190.94,1,6917
2024-06-15 20:00:00,17544.54,95940.91,140541.72,1,5455
2024-06-15 21:00:00,20659.07,113318.9,161963.29,1,6138
2024-06-15 22:00:00,24092.67,136796.44,192243.61,1,7079
2024-06-15 23:00:00,21453.19,126924.57,179925.0,1,6699
2024-06-16 00:00:00,20476.62,118485.18,161618.07,1,6240
2024-06-16 01:00:00,13762.58,77857.0,110240.49,1,4766
2024-06-16 02:00:00,9337.4,51075.8,74322.76,1,3309
2024-06-16 03:00:00,7227.5,39395.93,55193.21,1,2312
2024-06-16 04:00:00,5684.92,29358.56,39641.73,1,1377
2024-06-16 05:00:00,3744.44,17690.6,23955.53,1,583
2024-06-16 06:00:00,5231.45,24179.32,31781.69,1,911
2024-06-16 07:00:00,7241.78,34124.55,45356.7,1,1512
2024-06-16 08:00:00,9075.48,43849.02,60694.85,1,1978
2024-06-16 09:00:00,72691.12,57492.77,79973.27,1,3097
2024-06-16 10:00:00,16226.45,83526.66,115679.52,1,4550
2024-06-16 11:00:00,18602.82,97371.62,137091.09,1,5198
2024-06-16 12:00:00,20136.57,110617.09,155661.42,1,5769
2024-06-16 13:00:00,23748.17,127740.73,176111.29,1,6264
2024-06-16 14:00:00,25991.92,137000.75,190061.35,1,6321
2024-06-16 15:00:00,122530.13,124284.85,173330.7,1,5869
2024-06-16 16:00:00,27252.86,144122.4,198121.36,1,6443
2024-06-16 17:00:00,24792.39,132340.4,183839.11,1,6551
2024-06-16 18:00:00,22626.56,120067.76,169416.11,1,6083
2024-06-16 19:00:00,85871.59,127809.86,176612.51,1,6169
2024-06-16 20:00:00,22441.06,114563.9,163868.48,1,5627
2024-06-16 21:00:00,39851.37,109264.72,157042.8,1,5266
2024-06-16 22:00:00,22952.4,111937.06,155506.45,1,4740
2024-06-16 23:00:00,20385.14,99294.23,135220.42,1,4060
2024-06-17 00:00:00,12090.06,54693.02,75498.24,1,2118
2024-06-17 01:00:00,4672.3,21604.79,30038.7,1,1021
2024-06-17 02:00:00,2619.59,12086.69,16535.78,1,606
2024-06-17 03:00:00,2036.83,8859.55,12008.5,1,374
2024-06-17 04:00:00,3345.45,14703.76,19849.66,1,544
2024-06-17 05:00:00,5552.12,24995.41,33781.89,1,912
2024-06-17 06:00:00,8696.45,39614.11,54148.96,1,1867
2024-06-17 07:00:00,11862.43,58017.97,82217.61,1,2957
2024-06-17 08:00:00,16390.48,90038.48,127261.71,1,4733
2024-06-17 09:00:00,15332.74,87621.15,125852.49,1,4803
2024-06-17 10:00:00,14984.25,86046.84,124491.67,1,4753
2024-06-17 11:00:00,18129.11,102455.71,146230.27,1,5369
2024-06-17 12:00:00,17465.34,101970.24,145378.51,1,5597
2024-06-17 13:00:00,20695.01,115394.17,164723.35,1,5886
2024-06-17 14:00:00,23622.36,131447.42,186622.32,1,6772
2024-06-17 15:00:00,22159.89,123718.75,177198.84,1,6499
2024-06-17 16:00:00,22673.59,123266.02,191622.84,1,6264
2024-06-17 17:00:00,23051.63,124937.48,197253.9,1,6878
2024-06-17 18:00:00,21900.76,122239.12,197355.09,1,7388
2024-06-17 19:00:00,18896.06,99110.15,159447.72,1,5697
2024-06-17 20:00:00,18787.28,97171.99,146976.88,1,5523
2024-06-17 21:00:00,20490.28,118438.8,169680.21,1,6084
2024-06-17 22:00:00,18145.91,88597.83,129319.56999999999,1,4786
2024-06-17 23:00:00,13406.66,61586.3,88159.06999999999,1,3046
2024-06-18 00:00:00,7230.8,33177.27,46834.2,1,1605
2024-06-18 01:00:00,3398.73,15183.59,20763.65,1,618
2024-06-18 02:00:00,1356.83,6405.85,8778.87,1,298
2024-06-18 03:00:00,1177.32,4957.87,6808.17,1,209
2024-06-18 04:00:00,1874.61,8755.71,11513.52,1,300
2024-06-18 05:00:00,3905.01,16878.8,23140.57,1,675
2024-06-18 06:00:00,16687.57,37373.0,50888.18,1,1788
2024-06-18 07:00:00,12553.71,67927.78,94972.46,1,3713
2024-06-18 08:00:00,40869.04,96979.94,136999.31,1,5348
2024-06-18 09:00:00,15568.07,98563.05,140451.04,1,5501
2024-06-18 10:00:00,16765.15,109850.1,155015.91,1,5692
2024-06-18 11:00:00,16251.03,111393.98,158054.37,1,5939
2024-06-18 12:00:00,73206.45999999999,116634.37,166781.67,1,6384
2024-06-18 13:00:00,21166.35,132234.43,186571.06,1,6866
2024-06-18 14:00:00,48048.82,136730.56,194943.48,1,7360
2024-06-18 15:00:00,22951.53,140485.74,199959.19,1,7379
2024-06-18 16:00:00,24682.78,152542.5,232786.16,1,7724
2024-06-18 17:00:00,23399.28,154712.07,238731.86,1,8386
2024-06-18 18:00:00,24796.07,154600.78,246908.08,1,9142
2024-06-18 19:00:00,22032.71,130017.93,205578.29,1,7648
2024-06-18 20:00:00,22677.97,128148.56,190394.97,1,7433
2024-06-18 21:00:00,24258.03,138900.5,205418.75,1,8081
2024-06-18 22:00:00,25865.69,145093.25,207053.51,1,7777
2024-06-18 23:00:00,20676.47,112643.03,158744.79,1,6151
2024-06-19 00:00:00,11463.03,59573.85,84905.24,1,3285
2024-06-19 01:00:00,5697.32,28528.64,41703.87,1,1708
2024-06-19 02:00:00,2649.64,13900.26,19725.55,1,835
2024-06-19 03:00:00,1767.03,8797.3,12709.63,1,485
2024-06-19 04:00:00,2551.93,10927.76,15384.76,1,481
2024-06-19 05:00:00,63149.07,16828.72,23470.01,1,617
2024-06-19 06:00:00,6093.31,27515.7,38499.96,1,1176
2024-06-19 07:00:00,8051.88,39538.44,56176.63,1,1922
2024-06-19 08:00:00,10339.97,55117.18,80713.64,1,3071
2024-06-19 09:00:00,12976.29,72991.34,106288.18,1,4238
2024-06-19 10:00:00,15733.66,90772.96,132644.72,1,5160
2024-06-19 11:00:00,16755.14,102770.58,147406.73,1,5912
2024-06-19 12:00:00,20328.15,123835.74,177555.1,1,6811
2024-06-19 13:00:00,21152.95,125677.56,181355.17,1,6920
2024-06-19 14:00:00,26272.739999999998,138354.86,197993.49,1,7208
2024-06-19 15:00:00,22820.8,133536.39,191659.35,1,7151
2024-06-19 16:00:00,23859.49,135519.51,212211.17,1,7065
2024-06-19 17:00:00,20066.79,116378.83,187371.85,1,6772
2024-06-19 18:00:00,20066.7,117301.5,188049.9,1,6908
2024-06-19 19:00:00,19405.58,103731.15,165763.34,1,5729
2024-06-19 20:00:00,16581.54,87397.47,132045.41,1,4869
2024-06-19 21:00:00,18867.66,102042.45,153422.4,1,5865
2024-06-19 22:00:00,19542.95,100834.1,148454.48,1,5464
2024-06-19 23:00:00,15531.22,73495.63,107138.74,1,3426
2024-06-20 00:00:00,7856.39,37185.58,53238.69,1,1855
2024-06-20 01:00:00,2611.16,13040.44,18973.97,1,787
2024-06-20 02:00:00,1384.44,6993.43,10277.63,1,470
2024-06-20 03:00:00,1232.94,5406.92,7669.79,1,291
2024-06-20 04:00:00,2295.18,9572.98,12733.09,1,355
2024-06-20 05:00:00,4620.55,19168.16,26448.18,1,692
2024-06-20 06:00:00,7985.47,37524.85,51308.75,1,1742
2024-06-20 07:00:00,12535.14,66814.32,94003.79,1,3656
2024-06-20 08:00:00,55028.29000000001,98606.31,140048.77,1,5435
2024-06-20 09:00:00,15527.0,101442.73,144217.38,1,5531
2024-06-20 10:00:00,17823.87,113108.47,160847.53,1,5931
2024-06-20 11:00:00,18506.03,118744.46,168427.24,1,6153
2024-06-20 12:00:00,19482.14,125600.02,177645.54,1,6555
2024-06-20 13:00:00,22321.73,140553.69,197511.24,1,7003
2024-06-20 14:00:00,24868.18,155469.32,218766.53,1,7602
2024-06-20 15:00:00,23926.06,151312.68,213904.49,1,7424
2024-06-20 16:00:00,26414.78,173333.15,261747.48,1,8250
2024-06-20 17:00:00,28027.02,190498.93,287378.61,1,9236
2024-06-20 18:00:00,24812.74,169337.97,263451.97,1,9275
2024-06-20 19:00:00,23632.41,142936.11,222130.22,1,7694
2024-06-20 20:00:00,22495.92,131093.8,193536.9,1,6974
2024-06-20 21:00:00,23011.7,135422.73,200009.9,1,7480
2024-06-20 22:00:00,206560.35,146427.58,211046.34,1,7868
2024-06-20 23:00:00,21779.0,116343.07,165496.82,1,6248
2024-06-21 00:00:00,12952.85,65105.03,95459.3,1,3584
2024-06-21 01:00:00,5404.33,28097.52,40876.63,1,1607
2024-06-21 02:00:00,2785.58,14306.21,21104.93,1,902
2024-06-21 03:00:00,1964.31,9556.05,14032.44,1,547
2024-06-21 04:00:00,2573.68,11342.01,15753.18,1,443
2024-06-21 05:00:00,5013.2,22699.33,31264.7,1,788
2024-06-21 06:00:00,7823.79,37121.96,50861.7,1,1651
2024-06-21 07:00:00,83786.31999999999,54781.35,77763.73,1,2784
2024-06-21 08:00:00,14729.92,83777.15,117201.54,1,4513
2024-06-21 09:00:00,14289.93,86172.64,122425.36,1,4869
2024-06-21 10:00:00,16387.43,96922.38,137698.83,1,5060
2024-06-21 11:00:00,17672.56,109231.4,153768.46,1,5877
2024-06-21 12:00:00,20298.77,122544.52,172981.0,1,6617
2024-06-21 13:00:00,20979.7,126924.92,180864.04,1,6663
2024-06-21 14:00:00,25993.5,160323.32,223002.59,1,7921
2024-06-21 15:00:00,27016.46,169749.06,234284.48,1,8195
2024-06-21 16:00:00,23972.96,155052.01,234205.11,1,7609
2024-06-21 17:00:00,23613.29,156718.31,238961.41,1,8272
2024-06-21 18:00:00,26751.91,171047.41,259866.22,1,9519
2024-06-21 19:00:00,21813.0,128461.28,202076.0,1,7401
2024-06-21 20:00:00,19567.5,105386.54,155934.53,1,5676
2024-06-21 21:00:00,69214.45000000001,114711.14,168487.11,1,6180
2024-06-21 22:00:00,21016.53,117892.55,173615.46,1,6421
2024-06-21 23:00:00,19446.67,110320.16,161308.65,1,6121
2024-06-22 00:00:00,20726.38,114332.75,162911.84,1,6544
2024-06-22 01:00:00,15160.1,82593.28,119314.22,1,5113
2024-06-22 02:00:00,9968.03,55121.94,80446.13,1,3657
2024-06-22 03:00:00,5793.18,29983.26,44123.17,1,2043
2024-06-22 04:00:00,4356.72,22180.03,30640.3,1,1197
2024-06-22 05:00:00,3140.71,14471.34,19612.94,1,479
2024-06-22 06:00:00,5006.55,22186.14,30298.13,1,891
2024-06-22 07:00:00,6256.5,30084.47,41704.51,1,1465
2024-06-22 08:00:00,8821.8,42080.66,59903.14,1,2173
2024-06-22 09:00:00,11218.15,60086.59,86299.06,1,3509
2024-06-22 10:00:00,14876.83,80195.12,115151.17,1,4728
2024-06-22 11:00:00,16746.65,93372.54,134211.49,1,5405
2024-06-22 12:00:00,60146.91,107505.3,154163.82,1,6277
2024-06-22 13:00:00,23254.44,137614.91,193079.27,1,7615
2024-06-22 14:00:00,22304.2,130105.02,182457.94,1,7137
2024-06-22 15:00:00,21816.44,124667.46,176520.96,1,6448
2024-06-22 16:00:00,22275.74,134263.82,186113.17,1,7038
2024-06-22 17:00:00,21605.95,125360.19,174928.32,1,6789
2024-06-22 18:00:00,20406.0,120603.8,170911.3,1,6811
2024-06-22 19:00:00,19311.41,116018.63,163765.6,1,6643
2024-06-22 20:00:00,20107.14,118858.4,173595.75,1,6604
2024-06-22 21:00:00,18191.89,104711.9,152945.37,1,5845
2024-06-22 22:00:00,22540.32,126887.06,182915.38999999998,1,6370
2024-06-22 23:00:00,24211.71,139244.9,193089.1,1,7059
2024-06-23 00:00:00,69435.83,113431.92,160956.97,1,5791
2024-06-23 01:00:00,15813.72,84657.96,120041.83,1,4782
2024-06-23 02:00:00,10401.02,54287.51,78021.61,1,3322
2024-06-23 03:00:00,7107.65,38183.37,54329.25,1,2247
2024-06-23 04:00:00,5157.31,26356.8,36190.6,1,1279
2024-06-23 05:00:00,4092.56,17537.49,23590.83,1,643
2024-06-23 06:00:00,5666.49,25513.25,34250.47,1,872
2024-06-23 07:00:00,6872.97,32024.52,44221.64,1,1322
2024-06-23 08:00:00,51491.32,49565.0,68345.12,1,2339
2024-06-23 09:00:00,12299.73,62870.08,89274.87,1,3450
2024-06-23 10:00:00,14755.98,76635.36,110828.41,1,4253
2024-06-23 11:00:00,18530.03,99892.12,141672.7,1,5379
2024-06-23 12:00:00,20867.93,115125.63,164050.53,1,6413
2024-06-23 13:00:00,23342.51,127775.64,182043.72,1,6529
2024-06-23 14:00:00,90998.53,140354.12,197687.28,1,6891
2024-06-23 15:00:00,25600.1,141486.52,196467.63,1,6969
2024-06-23 16:00:00,52107.32,125418.85,177890.95,1,6118
2024-06-23 17:00:00,21998.87,126588.79,178364.63,1,6398
2024-06-23 18:00:00,22387.51,125857.06,177945.6,1,6556
2024-06-23 19:00:00,19166.69,102774.04,146728.21,1,5414
2024-06-23 20:00:00,18655.47,94045.35,138182.32,1,4584
2024-06-23 21:00:00,73518.92,91813.54,135495.34,1,4702
2024-06-23 22:00:00,14425.72,74376.79,108112.35,1,3680
2024-06-23 23:00:00,13405.67,61620.51,90275.79,1,2619
2024-06-24 00:00:00,14690.74,63365.55,89234.03,1,2114
2024-06-24 01:00:00,99686.20999999999,41477.12,57654.74,1,1284
2024-06-24 02:00:00,7666.34,33366.33,44398.36,1,898
2024-06-24 03:00:00,3369.93,14531.29,18959.45,1,433
2024-06-24 04:00:00,3475.62,15402.53,20303.73,1,484
2024-06-24 05:00:00,75695.45,20640.33,28293.57,1,761
2024-06-24 06:00:00,205718.14,44310.29,60014.63,1,2058
2024-06-24 07:00:00,125424.18000000001,76674.26,106284.48,1,3819
2024-06-24 08:00:00,16695.82,96006.58,136088.63,1,5292
2024-06-24 09:00:00,82257.09,105968.49,151126.89,1,5540
2024-06-24 10:00:00,18306.29,106140.39,151758.48,1,5370
2024-06-24 11:00:00,19427.14,112355.61,160038.13,1,5555
2024-06-24 12:00:00,18940.19,110257.6,156814.43,1,5711
2024-06-24 13:00:00,22085.48,123061.88,174720.53,1,6117
2024-06-24 14:00:00,24254.08,134790.28,190434.05,1,6428
2024-06-24 15:00:00,24131.03,137203.99,194838.34,1,6477
2024-06-24 16:00:00,24758.72,144979.78,219315.18,1,6846
2024-06-24 17:00:00,25634.89,154798.73,234709.29,1,7814
2024-06-24 18:00:00,70442.03,154782.65,240106.29,1,8311
2024-06-24 19:00:00,23702.67,128713.25,202311.63,1,6906
2024-06-24 20:00:00,22304.64,118399.9,174267.58,1,6260
2024-06-24 21:00:00,22745.09,118268.17,173890.55,1,6286
2024-06-24 22:00:00,20450.09,103176.95,149744.21,1,5098
2024-06-24 23:00:00,20371.97,92871.96,131929.93,1,4077
2024-06-25 00:00:00,12508.42,54674.51,76414.11,1,2134
2024-06-25 01:00:00,3859.98,17488.59,23712.32,1,740
2024-06-25 02:00:00,2215.23,9680.9,13138.59,1,403
2024-06-25 03:00:00,1151.1200000000001,5264.7,7022.08,1,219
2024-06-25 04:00:00,2193.31,10336.16,13906.93,1,391
2024-06-25 05:00:00,4494.59,19762.13,27019.11,1,861
2024-06-25 06:00:00,8822.54,41808.36,56790.65,1,2009
2024-06-25 07:00:00,66932.67,76585.19,106482.17,1,4007
2024-06-25 08:00:00,18331.75,111279.71,154336.62,1,5914
2024-06-25 09:00:00,18189.05,117198.02,165403.39,1,6051
2024-06-25 10:00:00,17698.57,113963.62,160886.85,1,5852
2024-06-25 11:00:00,19178.5,123853.48,173207.03,1,6248
2024-06-25 12:00:00,21700.55,138316.26,193816.36,1,6858
2024-06-25 13:00:00,22303.72,144709.0,201372.85,1,7065
2024-06-25 14:00:00,25687.98,162386.01,226263.67,1,7784
2024-06-25 15:00:00,25026.58,159286.31,222769.41,1,7562
2024-06-25 16:00:00,25709.17,167661.86,252268.93,1,7899
2024-06-25 17:00:00,27400.86,184299.55,278450.05,1,9109
2024-06-25 18:00:00,77303.8,177608.2,271178.76,1,9449
2024-06-25 19:00:00,24733.19,150097.55,232221.34,1,7895
2024-06-25 20:00:00,23982.07,134814.58,199090.18,1,7444
2024-06-25 21:00:00,27505.8,155169.54,225094.52,1,8322
2024-06-25 22:00:00,24269.12,134550.51,192006.11,1,7156
2024-06-25 23:00:00,20334.95,105085.16,149283.71,1,5437
2024-06-26 00:00:00,10653.79,52797.86,75349.62,1,2693
2024-06-26 01:00:00,3437.1,18123.16,25887.28,1,1008
2024-06-26 02:00:00,2193.05,9930.6,13689.3,1,454
2024-06-26 03:00:00,1488.3799999999999,6390.11,8986.25,1,312
2024-06-26 04:00:00,2071.16,9133.01,12052.32,1,337
2024-06-26 05:00:00,4777.51,21415.5,29662.22,1,827
2024-06-26 06:00:00,8911.42,42168.52,57372.409999999996,1,2017
2024-06-26 07:00:00,238209.22999999998,74749.48,105196.26,1,4087
2024-06-26 08:00:00,78924.68000000001,110426.46,153480.0,1,5952
2024-06-26 09:00:00,17390.49,113562.77,159794.91,1,6016
2024-06-26 10:00:00,16202.62,109160.8,154733.31,1,5816
2024-06-26 11:00:00,18757.4,123080.87,173613.75,1,6177
2024-06-26 12:00:00,20761.27,139969.18,195714.58,1,6847
2024-06-26 13:00:00,22049.17,146644.7,204575.2,1,7010
2024-06-26 14:00:00,24039.94,159056.12,221141.22,1,7573
2024-06-26 15:00:00,26662.25,174453.38,242598.72,1,8063
2024-06-26 16:00:00,25465.09,172194.95,257585.5,1,8093
2024-06-26 17:00:00,26730.13,190805.02,284157.35,1,9178
2024-06-26 18:00:00,26577.07,185384.4,282933.51,1,9878
2024-06-26 19:00:00,24353.3,154177.12,239400.12,1,8577
2024-06-26 20:00:00,33028.07,174356.14,257514.12,1,10073
2024-06-26 21:00:00,26927.73,175634.83,244860.0,1,8527
2024-06-26 22:00:00,25164.28,152200.15,211760.25,1,7568
2024-06-26 23:00:00,20917.37,115761.29,161762.71,1,5742
2024-06-27 00:00:00,14480.83,72382.17,100955.46,1,3461
2024-06-27 01:00:00,10183.04,45105.79,61856.02,1,1713
2024-06-27 02:00:00,4707.64,22899.37,31339.69,1,868
2024-06-27 03:00:00,2977.65,13598.19,19828.7,1,546
2024-06-27 04:00:00,3200.32,14446.53,19840.46,1,502
2024-06-27 05:00:00,5739.32,25083.92,33692.45,1,846
2024-06-27 06:00:00,8573.06,40854.53,55618.28,1,1913
2024-06-27 07:00:00,13943.14,75509.31,105120.23,1,3843
2024-06-27 08:00:00,17320.31,108368.18,148122.1,1,5374
2024-06-27 09:00:00,17518.25,116197.18,161658.81,1,5696
2024-06-27 10:00:00,17662.68,115971.9,162526.07,1,5653
2024-06-27 11:00:00,18334.44,121264.49,169215.5,1,5824
2024-06-27 12:00:00,20983.8,134951.89,188953.71,1,6465
2024-06-27 13:00:00,22940.02,143608.25,199288.12,1,6748
2024-06-27 14:00:00,94339.18999999999,165152.52,228792.9,1,7301
2024-06-27 15:00:00,26715.14,171955.92,237741.01,1,7510
2024-06-27 16:00:00,27830.41,180730.36,268672.71,1,7687
2024-06-27 17:00:00,80316.36,181321.85,269012.74,1,8264
2024-06-27 18:00:00,26592.2,183048.38,276632.46,1,9161
2024-06-27 19:00:00,64820.5,152743.58,231329.22,1,7869
2024-06-27 20:00:00,24673.04,147321.94,214940.24,1,7652
2024-06-27 21:00:00,27165.47,156317.28,224437.21,1,7793
2024-06-27 22:00:00,35416.14,165137.22,232620.69,1,8011
2024-06-27 23:00:00,26503.54,144058.01,200940.61,1,6773
2024-06-28 00:00:00,16262.05,85626.3,120587.57,1,4333
2024-06-28 01:00:00,7820.33,39275.3,56982.36,1,2213
2024-06-28 02:00:00,3989.75,20058.01,29505.11,1,1223
2024-06-28 03:00:00,2936.6,15038.8,21700.56,1,802
2024-06-28 04:00:00,3447.67,16278.71,22257.17,1,735
2024-06-28 05:00:00,5911.69,26229.23,35771.71,1,923
2024-06-28 06:00:00,9070.22,42449.59,57761.18,1,1888
2024-06-28 07:00:00,10988.99,54661.57,76484.37,1,2747
2024-06-28 08:00:00,15802.55,69332.82,98843.86,1,3785
2024-06-28 09:00:00,13741.21,79690.31,113274.29,1,4301
2024-06-28 10:00:00,15585.99,90392.99,127988.76,1,4671
2024-06-28 11:00:00,16909.92,100525.87,141404.13,1,5010
2024-06-28 12:00:00,19483.21,114057.72,159191.25,1,5599
2024-06-28 13:00:00,20768.78,122004.28,170268.9,1,5987
2024-06-28 14:00:00,22146.75,134428.17,186658.18,1,6359
2024-06-28 15:00:00,23269.26,142050.02,196370.62,1,6695
2024-06-28 16:00:00,24118.54,147569.27,219451.08,1,6760
2024-06-28 17:00:00,30658.100000000002,159546.72,236573.82,1,7427
2024-06-28 18:00:00,24257.43,156574.45,235511.0,1,7982
2024-06-28 19:00:00,77919.23999999999,134374.62,203046.2,1,6776
2024-06-28 20:00:00,19152.95,111350.04,161436.94,1,5659
2024-06-28 21:00:00,21232.29,121969.74,175137.43,1,6045
2024-06-28 22:00:00,23522.45,134660.12,192407.84,1,6921
2024-06-28 23:00:00,24630.37,139022.9,193486.52,1,7149
2024-06-29 00:00:00,20459.31,115277.39,161988.55,1,6340
2024-06-29 01:00:00,14797.33,84309.72,120408.19,1,5183
2024-06-29 02:00:00,11404.95,64783.1,92371.43,1,3969
2024-06-29 03:00:00,8813.71,47038.06,66856.08,1,2847
2024-06-29 04:00:00,5604.2,29226.29,39719.659999999996,1,1538
2024-06-29 05:00:00,3115.58,14849.48,20596.68,1,591
2024-06-29 06:00:00,4697.95,20904.84,28435.43,1,854
2024-06-29 07:00:00,6018.47,27959.3,38526.88,1,1275
2024-06-29 08:00:00,7807.2300000000005,37878.3,53226.07,1,1846
2024-06-29 09:00:00,9928.37,51219.07,73111.0,1,2857
2024-06-29 10:00:00,12961.79,69202.76,99084.49,1,3930
2024-06-29 11:00:00,15555.46,86688.62,121732.14,1,4592
2024-06-29 12:00:00,15273.38,90294.97,126177.59,1,5064
2024-06-29 13:00:00,18118.02,102650.94,144179.84,1,5469
2024-06-29 14:00:00,19457.24,107355.86,150195.28,1,5535
2024-06-29 15:00:00,20969.28,114568.03,160598.8,1,5727
2024-06-29 16:00:00,22434.99,124679.35,174172.6,1,6100
2024-06-29 17:00:00,23010.1,130876.8,180819.6,1,6408
2024-06-29 18:00:00,21309.03,130731.55,180913.25,1,6661
2024-06-29 19:00:00,19613.55,117818.31,163240.14,2,6106
2024-06-29 20:00:00,16677.31,93880.77,134263.03,1,4960
2024-06-29 21:00:00,19759.33,117825.96,170762.69,2,6774
2024-06-29 22:00:00,76188.96,157129.81,216961.43,2,8184
2024-06-29 23:00:00,22440.55,133568.88,184513.23,1,6817
2024-06-30 00:00:00,22411.73,131544.28,181097.32,1,6825
2024-06-30 01:00:00,17119.22,98627.81,135812.18,1,5336
2024-06-30 02:00:00,11099.13,63789.1,89208.25,1,3688
2024-06-30 03:00:00,8662.42,47256.6,64983.29,1,2637
2024-06-30 04:00:00,6557.58,33916.83,44762.81,1,1612
2024-06-30 05:00:00,4071.08,19447.98,25970.88,1,697
2024-06-30 06:00:00,56526.78999999999,24007.8,31856.92,1,851
2024-06-30 07:00:00,6567.79,29224.48,39496.22,1,1167
2024-06-30 08:00:00,83468.86,37095.33,50953.08,1,1684
2024-06-30 09:00:00,10298.71,50198.21,70562.93,1,2652
2024-06-30 10:00:00,12195.25,64974.28,92379.16,1,3518
2024-06-30 11:00:00,15022.6,81939.22,115443.84,1,4328
2024-06-30 12:00:00,18126.92,96413.16,135353.78,1,4937
2024-06-30 13:00:00,18471.34,99813.0,138382.5,1,4828
2024-06-30 14:00:00,19845.95,108366.89,149567.93,1,5072
2024-06-30 15:00:00,21041.81,116476.68,160731.13,1,5663
2024-06-30 16:00:00,83165.32,131691.01,179162.2,1,6163
2024-06-30 17:00:00,21304.3,135054.93,181342.43,1,6298
2024-06-30 18:00:00,16949.93,103508.55,140177.03,1,4972
2024-06-30 19:00:00,14069.53,79803.36,110174.6,1,3887
2024-06-30 20:00:00,16725.66,84437.93,121850.98,1,3902
2024-06-30 21:00:00,19881.65,96600.46,139467.3,1,4232
2024-06-30 22:00:00,17734.63,85519.61,120761.2,1,3707
2024-06-30 23:00:00,15909.55,75454.2,103843.08,1,2874
2024-07-01 00:00:00,13.170000000000002,60.099999999999994,83.8,4,3
2024-06-30 23:00:00,109.98,486.09999999999997,612.43,2,15
2024-07-01 00:00:00,16421.95,75067.58,102566.15,1,2695
2024-07-01 01:00:00,11194.62,49148.24,65949.11,1,1697
2024-07-01 02:00:00,5018.59,21256.04,28898.72,1,855
2024-07-01 03:00:00,2485.8,11903.0,16275.99,1,559
2024-07-01 04:00:00,3132.47,15748.42,20682.87,1,632
2024-07-01 05:00:00,4786.08,21254.82,28718.87,1,805
2024-07-01 06:00:00,7071.74,33692.62,45780.11,1,1631
2024-07-01 07:00:00,85600.03,55570.84,77356.92,1,2818
2024-07-01 08:00:00,13492.92,74777.09,105550.23,1,3866
2024-07-01 09:00:00,14118.58,79070.89,111304.27,1,4163
2024-07-01 10:00:00,14127.96,79690.92,112018.46,1,4206
2024-07-01 11:00:00,14514.79,83018.92,116483.92,1,4485
2024-07-01 12:00:00,16732.22,94746.74,132916.44,1,4961
2024-07-01 13:00:00,18383.97,100278.4,139884.7,1,5008
2024-07-01 14:00:00,19838.28,108862.16,153242.63,1,5437
2024-07-01 15:00:00,20566.41,113039.89,157845.15,1,5419
2024-07-01 16:00:00,91283.46999999999,109052.02,166926.24,1,5355
2024-07-01 17:00:00,21985.01,116051.98,178022.6,1,5743
2024-07-01 18:00:00,20259.92,107683.22,168273.74,1,5881
2024-07-01 19:00:00,17127.01,87593.3,137228.93,1,4785
2024-07-01 20:00:00,27219.89,81256.13,119252.52,1,4300
2024-07-01 21:00:00,15296.52,78530.11,115104.49,1,4269
2024-07-01 22:00:00,14204.95,68578.92,99151.23,1,3560
2024-07-01 23:00:00,12785.74,58577.92,82244.87,1,2485
2024-07-02 00:00:00,9009.86,38930.77,52886.65,1,1459
2024-07-02 01:00:00,3817.18,17016.97,22609.38,1,644
2024-07-02 02:00:00,1703.5,7765.03,10309.37,1,323
2024-07-02 03:00:00,1162.46,5411.08,7121.9,1,214
2024-07-02 04:00:00,1754.46,7814.6,10377.72,1,269
2024-07-02 05:00:00,45150.07,15601.72,21142.45,1,600
2024-07-02 06:00:00,6754.35,30753.43,41626.69,1,1481
2024-07-02 07:00:00,9064.62,45639.53,63980.52,1,2593
2024-07-02 08:00:00,12259.22,70663.97,99317.58,1,3966
2024-07-02 09:00:00,12885.47,76434.34,107733.43,1,4402
2024-07-02 10:00:00,13383.39,78613.05,111493.87,1,4499
2024-07-02 11:00:00,13801.11,82179.9,116166.01,1,4629
2024-07-02 12:00:00,16013.54,94393.41,133051.76,1,5248
2024-07-02 13:00:00,17398.61,101679.76,142736.63,1,5427
2024-07-02 14:00:00,19260.72,111399.8,157223.41,1,5871
2024-07-02 15:00:00,89346.63,113750.83,159224.38,1,5787
2024-07-02 16:00:00,20984.94,119767.81,182667.01,1,5935
2024-07-02 17:00:00,26812.55,116866.8,179007.47,1,6061
2024-07-02 18:00:00,113825.36,109280.87,171859.87,1,6274
2024-07-02 19:00:00,17861.54,93272.87,146438.97,1,5184
2024-07-02 20:00:00,21141.73,81801.94,120467.12,1,4464
2024-07-02 21:00:00,16621.26,89491.47,130963.47,1,4957
2024-07-02 22:00:00,17012.31,87000.74,124987.98,1,4599
2024-07-02 23:00:00,12153.46,58766.65,83986.08,1,2898
2024-07-03 00:00:00,7160.22,33290.16,46490.78,1,1481
2024-07-03 01:00:00,2236.94,11885.14,16948.48,1,673
2024-07-03 02:00:00,1683.53,8088.82,11351.789999999999,1,414
2024-07-03 03:00:00,1063.3,4999.76,7159.04,1,246
2024-07-03 04:00:00,2023.19,9432.26,12449.4,1,341
2024-07-03 05:00:00,3661.62,15706.59,21213.98,1,604
2024-07-03 06:00:00,6608.47,29344.8,40110.88,1,1368
2024-07-03 07:00:00,8693.04,42432.2,58807.29,1,2245
2024-07-03 08:00:00,10606.13,59679.5,84554.72,1,3454
2024-07-03 09:00:00,11223.04,64858.2,92693.02,1,3853
2024-07-03 10:00:00,13129.9,75105.96,106671.63,1,4249
2024-07-03 11:00:00,13549.94,79682.36,112809.68,1,4539
2024-07-03 12:00:00,16281.84,96450.49,134918.36,1,5178
2024-07-03 13:00:00,18189.94,106735.54,149161.8,1,5568
2024-07-03 14:00:00,27567.61,108837.51,153220.1,1,5576
2024-07-03 15:00:00,89932.96,113228.89,157700.31,1,5735
2024-07-03 16:00:00,20339.3,116142.39,175758.68,1,5757
2024-07-03 17:00:00,18819.96,104066.99,159166.01,1,5410
2024-07-03 18:00:00,24075.38,93242.17,145121.47,1,5085
2024-07-03 19:00:00,15399.46,80768.96,125417.08,1,4517
2024-07-03 20:00:00,14025.61,71175.74,103746.42,1,3736
2024-07-03 21:00:00,13769.37,70396.04,102044.35,1,3701
2024-07-03 22:00:00,14573.3,73841.9,107138.02,1,3830
2024-07-03 23:00:00,11083.65,55394.88,80077.82,1,2859
2024-07-04 00:00:00,8108.35,39399.45,55760.01,1,2048
2024-07-04 01:00:00,6031.04,29300.35,41478.27,1,1496
2024-07-04 02:00:00,2947.14,15272.56,22248.97,1,951
2024-07-04 03:00:00,2417.22,12345.9,17510.76,1,741
2024-07-04 04:00:00,3148.95,14789.96,19777.82,1,600
2024-07-04 05:00:00,3510.52,15590.83,20868.15,1,497
2024-07-04 06:00:00,4176.99,18579.69,24779.79,1,699
2024-07-04 07:00:00,4627.9,20442.64,28878.43,1,961
2024-07-04 08:00:00,5192.63,25007.36,35240.93,1,1272
2024-07-04 09:00:00,7618.53,36886.89,52612.21,1,1909
2024-07-04 10:00:00,8840.18,43335.73,62129.63,2,2418
2024-07-04 11:00:00,9782.33,49655.82,70476.96,1,2715
2024-07-04 12:00:00,11954.49,59371.46,84478.83,2,3312
2024-07-04 13:00:00,80115.61,67133.19,94148.4,2,3649
2024-07-04 14:00:00,14733.26,73914.7,103171.81999999999,2,3825
2024-07-04 15:00:00,16974.82,84610.1,116437.59,2,4042
2024-07-04 16:00:00,15885.12,78916.59,109509.47,2,4095
2024-07-04 17:00:00,15085.07,77443.99,106497.47,2,3984
2024-07-04 18:00:00,13696.93,68873.73,95616.98,2,3568
2024-07-04 19:00:00,12075.14,62644.4,86177.79,2,3255
2024-07-04 20:00:00,12223.44,64384.99,90902.18,2,3212
2024-07-04 21:00:00,11204.88,60280.08,85799.27,2,3197
2024-07-04 22:00:00,22310.94,98014.76,132615.51,2,4547
2024-07-04 23:00:00,18604.68,111243.62,145239.02,1,4824
2024-07-05 00:00:00,9656.24,54241.5,70786.94,1,2564
2024-07-05 01:00:00,4734.15,24400.0,33258.6,1,1315
2024-07-05 02:00:00,3133.29,14926.55,20548.38,2,805
2024-07-05 03:00:00,1792.4,8648.43,12179.81,1,498
2024-07-05 04:00:00,2163.88,10057.46,13398.95,1,438
2024-07-05 05:00:00,2894.2599999999998,12424.59,16222.95,1,471
2024-07-05 06:00:00,5103.13,21512.33,27977.17,1,909
2024-07-05 07:00:00,6276.66,29861.63,39743.89,1,1410
2024-07-05 08:00:00,8944.21,43147.64,58831.23,1,2038
2024-07-05 09:00:00,9825.58,49252.31,68276.03,1,2688
2024-07-05 10:00:00,11583.07,59501.76,83819.36,1,3299
2024-07-05 11:00:00,13518.59,69523.28,98647.04,1,3946
2024-07-05 12:00:00,14551.86,77172.77,108673.14,1,4304
2024-07-05 13:00:00,16699.1,88221.59,124405.55,2,4726
2024-07-05 14:00:00,94742.84,100630.85,139846.55,2,5176
2024-07-05 15:00:00,18387.41,98814.84,138127.94,1,5063
2024-07-05 16:00:00,18253.04,95949.58,146482.99,2,5016
2024-07-05 17:00:00,17489.58,90429.36,138533.47,2,4674
2024-07-05 18:00:00,16409.79,90162.92,138773.93,2,4864
2024-07-05 19:00:00,76595.70999999999,104944.14,163624.14,2,6339
2024-07-05 20:00:00,12363.46,66282.93,96195.02,2,3716
2024-07-05 21:00:00,11923.38,64577.11,93559.16,2,3429
2024-07-05 22:00:00,13746.74,70611.0,101009.13,2,3516
2024-07-05 23:00:00,12919.29,62082.94,88268.5,2,2933
2024-07-06 00:00:00,10057.58,46893.26,67490.68,2,2113
2024-07-06 01:00:00,7000.02,32558.04,46940.82,1,1623
2024-07-06 02:00:00,3868.72,20042.78,29082.29,1,1156
2024-07-06 03:00:00,2763.83,13592.03,19339.33,1,786
2024-07-06 04:00:00,2663.7,12568.98,17118.04,1,547
2024-07-06 05:00:00,2576.36,11264.75,14949.43,1,382
2024-07-06 06:00:00,4302.19,18707.46,24712.64,1,712
2024-07-06 07:00:00,5125.35,23840.13,32647.05,1,1032
2024-07-06 08:00:00,6486.05,30620.46,42398.23,1,1437
2024-07-06 09:00:00,8267.58,40183.77,56475.0,1,2150
2024-07-06 10:00:00,11215.24,55218.09,78366.13,1,3060
2024-07-06 11:00:00,14020.73,72650.48,102870.09,1,3834
2024-07-06 12:00:00,15530.09,84942.2,120008.28,2,4626
2024-07-06 13:00:00,17747.44,96309.25,135301.24,2,4993
2024-07-06 14:00:00,24175.13,99693.69,140426.32,2,4956
2024-07-06 15:00:00,19417.79,101882.89,143048.56,2,5144
2024-07-06 16:00:00,19696.41,106534.13,148641.25,2,5304
2024-07-06 17:00:00,19791.64,107511.17,150612.88,2,5220
2024-07-06 18:00:00,18913.53,104643.19,146573.76,2,5202
2024-07-06 19:00:00,15635.76,88488.74,124245.09,2,4759
2024-07-06 20:00:00,18027.05,90779.53,129533.83,2,4222
2024-07-06 21:00:00,16449.7,83042.21,118745.33,2,3969
2024-07-06 22:00:00,16825.99,84433.5,121307.62,2,4193
2024-07-06 23:00:00,16308.52,78742.69,112616.51,2,3661
2024-07-07 00:00:00,10739.0,52396.85,75285.23,1,2635
2024-07-07 01:00:00,6752.26,32573.38,47250.18,1,1916
2024-07-07 02:00:00,5091.87,26186.97,37391.34,1,1501
2024-07-07 03:00:00,4154.4,21248.17,29510.63,1,1170
2024-07-07 04:00:00,4676.35,23157.95,30812.93,1,996
2024-07-07 05:00:00,3545.44,15232.42,20573.6,1,482
2024-07-07 06:00:00,5756.55,25786.95,33768.85,1,840
2024-07-07 07:00:00,7187.66,31355.2,42148.89,1,1135
2024-07-07 08:00:00,8983.54,39822.75,54510.24,1,1665
2024-07-07 09:00:00,209949.18,51388.17,71523.75,1,2488
2024-07-07 10:00:00,13083.01,64614.23,91577.8,1,3363
2024-07-07 11:00:00,213759.18,74683.13,105710.13,1,3869
2024-07-07 12:00:00,17560.72,89177.41,127035.27,1,4453
2024-07-07 13:00:00,19910.74,103465.81,146729.68,1,5006
2024-07-07 14:00:00,24372.09,121892.82,170826.42,2,5291
2024-07-07 15:00:00,22235.98,114267.78,160445.65,1,5071
2024-07-07 16:00:00,22861.43,115554.93,161705.82,1,5078
2024-07-07 17:00:00,20851.25,108569.79,153893.24,1,5204
2024-07-07 18:00:00,20807.54,104788.41,148223.72,1,5053
2024-07-07 19:00:00,20203.8,98650.96,139966.25,1,4485
2024-07-07 20:00:00,19671.82,94630.7,137274.32,1,4170
2024-07-07 21:00:00,20113.24,95547.55,137841.37,1,4079
2024-07-07 22:00:00,19499.06,87636.72,122594.15,1,3345
2024-07-07 23:00:00,16480.69,73413.7,100967.73,1,2513
2024-07-08 00:00:00,10133.17,43249.9,60979.2,1,1458
2024-07-08 01:00:00,5503.48,22462.81,29853.69,1,700
2024-07-08 02:00:00,1991.47,8645.83,11562.25,1,355
2024-07-08 03:00:00,1649.39,6555.97,8689.64,1,237
2024-07-08 04:00:00,2133.15,9326.19,12554.67,1,300
2024-07-08 05:00:00,4338.19,18566.05,25459.16,1,668
2024-07-08 06:00:00,8912.43,39589.43,53047.13,1,1680
2024-07-08 07:00:00,63725.35,64410.11,89199.65,1,3084
2024-07-08 08:00:00,15774.47,89216.13,125235.47,1,4643
2024-07-08 09:00:00,15094.62,88451.46,125658.98,1,4695
2024-07-08 10:00:00,16219.03,92211.23,130338.44,1,4729
2024-07-08 11:00:00,15855.4,90447.4,128231.13,1,4777
2024-07-08 12:00:00,46938.93,110184.83,154322.19,1,5397
2024-07-08 13:00:00,22368.4,121507.6,171661.36,1,5906
2024-07-08 14:00:00,24042.1,131090.42,184175.62,1,6250
2024-07-08 15:00:00,22054.52,124764.39,175452.18,1,6072
2024-07-08 16:00:00,23799.27,130383.44,198596.63,1,6086
2024-07-08 17:00:00,23629.27,130809.08,203007.99,1,6570
2024-07-08 18:00:00,23552.84,125091.66,196811.45,1,6559
2024-07-08 19:00:00,19680.11,101372.04,160488.58,1,5402
2024-07-08 20:00:00,18599.77,94330.47,139925.67,1,4812
2024-07-08 21:00:00,18509.36,93317.08,137185.7,1,4831
2024-07-08 22:00:00,15617.32,74657.58,107628.03,1,3534
2024-07-08 23:00:00,15478.13,66403.66,94085.34,1,2441
2024-07-09 00:00:00,8952.33,37549.63,52052.65,1,1383
2024-07-09 01:00:00,3878.47,16131.21,21503.02,1,574
2024-07-09 02:00:00,1336.41,6036.47,8157.98,1,301
2024-07-09 03:00:00,971.66,4149.22,5457.46,1,173
2024-07-09 04:00:00,1572.85,6646.47,8796.57,1,250
2024-07-09 05:00:00,4329.37,18612.13,24877.86,1,689
2024-07-09 06:00:00,7339.03,33631.88,46198.28,1,1619
2024-07-09 07:00:00,39489.05,60585.75,86301.71,1,3443
2024-07-09 08:00:00,35657.66,101075.68,141189.75,1,5405
2024-07-09 09:00:00,15675.71,104028.11,146841.43,1,5636
2024-07-09 10:00:00,16330.21,102070.78,144895.32,1,5478
2024-07-09 11:00:00,18254.37,113797.22,159261.13999999998,1,5779
2024-07-09 12:00:00,18982.83,120528.76,169767.93,1,6250
2024-07-09 13:00:00,21713.2,131035.31,184535.87,1,6497
2024-07-09 14:00:00,23371.89,139008.47,195971.52,1,6994
2024-07-09 15:00:00,22661.15,134850.18,189769.56,1,6791
2024-07-09 16:00:00,22785.61,138255.93,211525.39,1,6847
2024-07-09 17:00:00,23731.31,151840.65,233259.72,1,7894
2024-07-09 18:00:00,25273.71,161848.09,251469.86,1,8974
2024-07-09 19:00:00,20807.59,119052.36,187434.68,1,6584
2024-07-09 20:00:00,21681.79,115396.42,173049.62,1,6375
2024-07-09 21:00:00,25030.17,130435.59,191593.09,1,7267
2024-07-09 22:00:00,22409.49,115220.41,165308.55,1,5987
2024-07-09 23:00:00,14596.85,71798.81,103722.44,1,3524
2024-07-10 00:00:00,9157.08,43535.59,61530.5,1,1973
2024-07-10 01:00:00,4619.36,19729.71,27008.51,1,784
2024-07-10 02:00:00,2293.07,10959.42,14822.83,1,476
2024-07-10 03:00:00,1094.71,5381.48,7349.79,1,247
2024-07-10 04:00:00,1616.29,7304.45,9864.56,1,257
2024-07-10 05:00:00,3717.5,16820.16,22836.18,1,662
2024-07-10 06:00:00,51946.2,36029.91,49728.03,1,1835
2024-07-10 07:00:00,11736.52,63182.41,90436.99,1,3692
2024-07-10 08:00:00,106714.13999999998,107815.54,149977.14,1,5775
2024-07-10 09:00:00,15348.61,102470.77,144526.69,1,5612
2024-07-10 10:00:00,16342.22,105558.92,150979.16,1,5730
2024-07-10 11:00:00,17172.4,115900.44,163645.92,1,6255
2024-07-10 12:00:00,19294.11,126729.74,179269.3,1,6784
2024-07-10 13:00:00,79463.56,137076.9,193949.72,1,7166
2024-07-10 14:00:00,23087.43,143149.33,201932.53,1,7265
2024-07-10 15:00:00,22010.53,135374.38,191633.44,1,6945
2024-07-10 16:00:00,23954.56,148003.5,224785.28,1,7220
2024-07-10 17:00:00,25965.08,171028.94,259949.4,1,8746
2024-07-10 18:00:00,23815.69,153824.5,240510.11,1,8716
2024-07-10 19:00:00,108236.69,128699.35,204236.94,1,7479
2024-07-10 20:00:00,22208.76,120199.95,178365.18,1,6678
2024-07-10 21:00:00,24556.23,132559.92,194010.36,1,7541
2024-07-10 22:00:00,23971.77,127776.16,182861.05,1,6772
2024-07-10 23:00:00,16944.73,84312.78,119476.27,1,4253
2024-07-11 00:00:00,13159.5,59650.47,84755.47,1,2532
2024-07-11 01:00:00,6493.61,29682.63,42110.32,1,1205
2024-07-11 02:00:00,4527.38,19695.65,26921.65,1,800
2024-07-11 03:00:00,1615.37,7857.02,10948.97,1,392
2024-07-11 04:00:00,1943.31,9015.59,12257.62,1,361
2024-07-11 05:00:00,4301.18,19168.4,26108.82,1,749
2024-07-11 06:00:00,7177.75,34182.37,47455.65,1,1771
2024-07-11 07:00:00,12002.71,65266.55,92260.52,1,3607
2024-07-11 08:00:00,16585.78,100690.16,140039.85,1,5415
2024-07-11 09:00:00,15571.75,101721.56,142954.6,1,5468
2024-07-11 10:00:00,16196.77,102959.53,146092.83,1,5454
2024-07-11 11:00:00,48648.12,109105.65,153617.7,1,5671
2024-07-11 12:00:00,18440.42,119930.22,168020.35,1,6170
2024-07-11 13:00:00,20522.71,131092.11,183402.24,1,6413
2024-07-11 14:00:00,22941.57,139779.11,196283.85,1,6770
2024-07-11 15:00:00,23367.95,143218.88,201045.06,1,6959
2024-07-11 16:00:00,24834.48,155356.01,231785.22,1,7109
2024-07-11 17:00:00,27073.55,174065.14,262391.25,1,8456
2024-07-11 18:00:00,68791.68000000001,167487.71,256412.0,1,8986
2024-07-11 19:00:00,23638.35,138541.07,213781.74,1,7417
2024-07-11 20:00:00,22522.5,124767.53,183166.09,1,6549
2024-07-11 21:00:00,24793.02,138989.12,201437.62,1,7221
2024-07-11 22:00:00,26149.1,142279.21,203394.83,1,7388
2024-07-11 23:00:00,19678.06,101220.11,143847.83,1,4970
2024-07-12 00:00:00,14073.33,67720.84,95909.37,1,3360
2024-07-12 01:00:00,5527.11,28558.11,41101.19,1,1650
2024-07-12 02:00:00,3040.32,15225.85,22450.34,1,943
2024-07-12 03:00:00,2171.67,11019.25,15408.5,1,594
2024-07-12 04:00:00,2280.24,11456.33,15307.46,1,466
2024-07-12 05:00:00,3675.53,16662.87,23167.56,1,642
2024-07-12 06:00:00,70992.04000000001,33124.67,45107.22,1,1562
2024-07-12 07:00:00,57087.29,54727.9,76856.66,1,3037
2024-07-12 08:00:00,13376.99,79025.17,110923.33,1,4664
2024-07-12 09:00:00,12767.2,75641.7,106494.1,1,4185
2024-07-12 10:00:00,13449.96,78639.31,111809.86,1,4303
2024-07-12 11:00:00,16175.61,92553.45,131166.38,1,4882
2024-07-12 12:00:00,18000.3,102935.81,145664.54,1,5403
2024-07-12 13:00:00,17786.63,103200.07,145666.73,1,5586
2024-07-12 14:00:00,20369.98,118697.5,166544.41,1,6003
2024-07-12 15:00:00,264392.04,124704.83,174117.8,1,6197
2024-07-12 16:00:00,20431.11,119403.88,183028.59,1,6126
2024-07-12 17:00:00,23200.39,130766.1,201749.13,1,6654
2024-07-12 18:00:00,22981.84,133509.15,209294.38,1,7504
2024-07-12 19:00:00,20772.05,115661.69,180299.63,1,6477
2024-07-12 20:00:00,17722.09,99641.62,145217.27,1,5183
2024-07-12 21:00:00,18862.28,101340.46,147713.94,1,5305
2024-07-12 22:00:00,20240.25,108159.99,157801.19,1,5652
2024-07-12 23:00:00,19835.72,101882.59,146088.0,1,5251
2024-07-13 00:00:00,18662.97,96970.93,138769.0,1,5101
2024-07-13 01:00:00,39416.01,76492.43,109428.05,1,4457
2024-07-13 02:00:00,8838.1,47385.8,69463.84,1,3102
2024-07-13 03:00:00,5450.65,28934.48,42251.95,1,1889
2024-07-13 04:00:00,3695.16,19098.93,26653.16,1,1010
2024-07-13 05:00:00,2595.57,12387.04,16884.35,1,479
2024-07-13 06:00:00,4759.92,22945.79,31431.63,1,1146
2024-07-13 07:00:00,6075.82,29530.3,40879.75,1,1528
2024-07-13 08:00:00,7871.79,38892.81,54256.38,1,2054
2024-07-13 09:00:00,9746.49,50315.3,71625.09,1,2821
2024-07-13 10:00:00,73794.0,73632.86,106310.16,1,4663
2024-07-13 11:00:00,15805.19,89563.76,125880.5,1,5121
2024-07-13 12:00:00,16451.57,93226.11,131695.85,1,5057
2024-07-13 13:00:00,18655.07,105089.84,147872.75,1,5603
2024-07-13 14:00:00,20758.27,111595.96,156338.2,1,5580
2024-07-13 15:00:00,19135.35,107918.03,150323.62,1,5502
2024-07-13 16:00:00,64186.770000000004,121316.05,170126.82,2,6158
2024-07-13 17:00:00,21203.23,119263.93,167212.88999999998,2,6252
2024-07-13 18:00:00,20269.5,116537.95,163789.33,2,6235
2024-07-13 19:00:00,17804.49,105696.53,147624.69,2,5759
2024-07-13 20:00:00,17224.78,95884.09,138191.47,2,4920
2024-07-13 21:00:00,17413.66,95842.72,138470.7,2,5024
2024-07-13 22:00:00,20141.59,110514.81,158584.15,2,5664
2024-07-13 23:00:00,19665.38,108619.05,153597.66,1,5714
2024-07-14 00:00:00,16675.03,90871.06,129142.71,1,5254
2024-07-14 01:00:00,13533.78,74995.8,106644.57,1,4736
2024-07-14 02:00:00,10705.11,57809.92,82297.23,1,3540
2024-07-14 03:00:00,6245.52,33498.58,47660.02,1,2083
2024-07-14 04:00:00,4777.31,22857.93,31412.16,1,1197
2024-07-14 05:00:00,3422.38,14979.59,20210.98,1,508
2024-07-14 06:00:00,5401.96,23673.69,31280.2,1,843
2024-07-14 07:00:00,91950.16,30256.24,40782.01,1,1251
2024-07-14 08:00:00,8753.43,39614.79,54535.63,1,1835
2024-07-14 09:00:00,11370.36,55766.63,77875.29,1,3085
2024-07-14 10:00:00,14987.7,76405.95,107343.09,1,4246
2024-07-14 11:00:00,102853.02,88519.39,123745.75,1,4880
2024-07-14 12:00:00,20465.87,111449.52,154893.99,1,5866
2024-07-14 13:00:00,270949.39,131220.72,180548.52,1,6565
2024-07-14 14:00:00,25993.84,143716.69,197541.49,1,7218
2024-07-14 15:00:00,79648.57999999999,119072.49,163848.35,1,5759
2024-07-14 16:00:00,21374.37,113251.24,156730.83,1,5138
2024-07-14 17:00:00,23721.54,123838.47,171708.71,1,5988
2024-07-14 18:00:00,22073.06,114428.47,160073.73,1,5641
2024-07-14 19:00:00,19565.52,98031.18,140345.31,1,4946
2024-07-14 20:00:00,18795.29,91837.68,134538.14,1,4468
2024-07-14 21:00:00,21872.95,101483.01,147691.4,1,4580
2024-07-14 22:00:00,19112.43,88195.57,124748.31999999999,1,3661
2024-07-14 23:00:00,20436.94,89291.46,123481.07,1,3077
2024-07-15 00:00:00,18336.96,80241.33,108098.19,1,2997
2024-07-15 01:00:00,7652.96,34230.13,44771.14,1,1123
2024-07-15 02:00:00,2926.67,12713.55,16780.64,1,460
2024-07-15 03:00:00,1557.61,6659.59,8899.3,1,271
2024-07-15 04:00:00,2358.39,11050.75,14513.35,1,408
2024-07-15 05:00:00,4880.76,22134.72,29527.56,1,984
2024-07-15 06:00:00,8172.67,37451.17,50644.8,1,1948
2024-07-15 07:00:00,12917.07,66960.91,92188.76,1,3443
2024-07-15 08:00:00,17732.45,100763.25,137978.24,1,5101
2024-07-15 09:00:00,16996.01,99587.58,138536.19,1,5041
2024-07-15 10:00:00,16549.35,95408.94,134506.2,1,4891
2024-07-15 11:00:00,17723.47,103465.72,145835.78,1,5299
2024-07-15 12:00:00,19498.15,110879.03,155522.27,1,5603
2024-07-15 13:00:00,20258.41,115931.7,162532.99,1,5787
2024-07-15 14:00:00,64336.3,137646.12,192675.47,1,6544
2024-07-15 15:00:00,23835.33,134161.2,188853.63999999998,1,6470
2024-07-15 16:00:00,25490.35,139494.51,212170.32,1,6672
2024-07-15 17:00:00,74414.51999999999,137714.26,214462.3,1,7333
2024-07-15 18:00:00,23569.58,127885.8,202708.77,1,7216
2024-07-15 19:00:00,20786.14,107862.18,170589.59,1,5965
2024-07-15 20:00:00,20525.96,104678.32,154995.05,1,5639
2024-07-15 21:00:00,21317.04,107053.69,157248.38,1,5701
2024-07-15 22:00:00,18733.55,88874.61,128019.61,1,4253
2024-07-15 23:00:00,17222.37,75540.8,107120.11,1,3047
2024-07-16 00:00:00,9749.92,42059.41,59046.9,1,1659
2024-07-16 01:00:00,4734.4800000000005,19987.72,26721.11,1,695
2024-07-16 02:00:00,1459.67,6383.66,8696.39,1,275
2024-07-16 03:00:00,888.71,4081.48,5587.27,1,183
2024-07-16 04:00:00,1572.52,7384.23,9850.74,1,240
2024-07-16 05:00:00,67271.84,15253.0,20992.12,1,645
2024-07-16 06:00:00,7836.04,36434.1,50073.94,1,1862
2024-07-16 07:00:00,67553.12,68515.39,96693.26,1,3784
2024-07-16 08:00:00,18012.03,110185.84,152665.81,1,5771
2024-07-16 09:00:00,16794.52,109820.71,154001.71,1,5870
2024-07-16 10:00:00,15923.46,105429.33,148607.34,1,5677
2024-07-16 11:00:00,17854.03,118852.96,166466.28,1,6029
2024-07-16 12:00:00,19203.45,126577.3,177494.45,1,6479
2024-07-16 13:00:00,21371.66,132727.78,187800.45,1,6736
2024-07-16 14:00:00,23204.62,142673.94,200853.61,1,7049
2024-07-16 15:00:00,22302.31,138700.4,195677.46,1,7019
2024-07-16 16:00:00,22754.93,142603.82,218678.19,1,7262
2024-07-16 17:00:00,24291.21,159461.45,245812.82,1,8679
2024-07-16 18:00:00,28679.87,189524.48,293646.42,1,10865
2024-07-16 19:00:00,26733.02,162570.06,250839.07,1,9732
2024-07-16 20:00:00,26525.25,148964.75,217806.56,1,8643
2024-07-16 21:00:00,31814.08,182675.02,260049.35,1,9569
2024-07-16 22:00:00,27838.49,158278.79,218818.4,1,7724
2024-07-16 23:00:00,20195.23,104627.42,147200.7,1,5186
2024-07-17 00:00:00,11543.9,53923.13,75767.24,1,2209
2024-07-17 01:00:00,5532.87,24316.65,33885.75,1,1005
2024-07-17 02:00:00,1790.02,8495.84,12194.49,1,413
2024-07-17 03:00:00,1136.61,4908.45,6899.91,1,250
2024-07-17 04:00:00,2436.93,10644.45,14221.41,1,358
2024-07-17 05:00:00,3782.06,16405.22,22712.44,1,684
2024-07-17 06:00:00,8267.61,39389.52,53886.74,1,1943
2024-07-17 07:00:00,12241.77,66678.94,94222.01,1,3815
2024-07-17 08:00:00,17185.58,109567.94,151868.88999999998,1,5916
2024-07-17 09:00:00,16381.460000000001,108976.65,152764.25,1,5852
2024-07-17 10:00:00,16335.68,106380.56,150892.68,1,5572
2024-07-17 11:00:00,17064.31,111285.06,157507.76,1,5944
2024-07-17 12:00:00,19262.68,124358.05,175242.59,1,6547
2024-07-17 13:00:00,21276.86,133112.91,189172.76,1,6988
2024-07-17 14:00:00,21412.65,133371.73,187916.09,1,7118
2024-07-17 15:00:00,23296.21,140680.15,199377.52,1,7069
2024-07-17 16:00:00,22936.41,145933.57,221732.85,1,7233
2024-07-17 17:00:00,24052.97,163668.92,249238.9,1,8724
2024-07-17 18:00:00,30735.09,175675.13,271231.4,1,9695
2024-07-17 19:00:00,23281.75,139032.08,219032.82,1,8107
2024-07-17 20:00:00,22743.13,129072.91,191578.58,1,7614
2024-07-17 21:00:00,28197.55,177337.42,260012.94,1,10517
2024-07-17 22:00:00,26361.41,199289.35,266461.9,1,9351
2024-07-17 23:00:00,18515.24,116001.12,154874.53,1,5255
2024-07-18 00:00:00,14095.05,63272.94,88219.68,1,2372
2024-07-18 01:00:00,11294.84,48081.57,67482.37,1,1562
2024-07-18 02:00:00,6467.94,27113.0,37584.79,1,848
2024-07-18 03:00:00,3382.12,14166.7,19753.23,1,492
2024-07-18 04:00:00,2547.44,11436.42,15826.93,1,417
2024-07-18 05:00:00,4757.29,20009.6,27644.36,1,808
2024-07-18 06:00:00,8694.98,41590.68,56572.32,1,2001
2024-07-18 07:00:00,132248.16,70833.68,99031.71,1,3886
2024-07-18 08:00:00,17794.87,106581.18,148125.05,1,5608
2024-07-18 09:00:00,16896.21,105930.9,148083.42,1,5542
2024-07-18 10:00:00,17421.98,110229.13,155430.36,1,5596
2024-07-18 11:00:00,18613.6,115796.37,163613.92,1,5855
2024-07-18 12:00:00,20164.3,125001.95,175520.32,1,6246
2024-07-18 13:00:00,48480.58,132440.89,186035.48,1,6580
2024-07-18 14:00:00,24768.15,148502.09,209003.8,1,7016
2024-07-18 15:00:00,23620.12,145182.75,204250.18,1,6981
2024-07-18 16:00:00,25545.83,161240.5,241199.9,1,7306
2024-07-18 17:00:00,25902.88,167297.23,251750.25,1,8045
2024-07-18 18:00:00,25340.68,161370.74,246870.43,1,8385
2024-07-18 19:00:00,22846.23,133751.82,207927.2,1,7280
2024-07-18 20:00:00,22532.89,125908.29,184928.36,1,6775
2024-07-18 21:00:00,25890.74,146243.44,211791.05,1,7669
2024-07-18 22:00:00,28422.44,141869.68,202422.88,1,7257
2024-07-18 23:00:00,23502.62,118252.25,167150.69,1,5743
2024-07-19 00:00:00,16644.58,79499.86,112646.6,1,3836
2024-07-19 01:00:00,7472.92,36604.94,52806.2,1,2006
2024-07-19 02:00:00,3957.35,20176.43,29197.46,1,1186
2024-07-19 03:00:00,2591.88,12689.31,18446.59,1,715
2024-07-19 04:00:00,2953.83,14029.24,18962.59,1,602
2024-07-19 05:00:00,4810.64,20915.93,28800.46,1,810
2024-07-19 06:00:00,106599.64,40702.51,55535.43,1,1748
2024-07-19 07:00:00,20026.32,52298.81,72765.59,1,2633
2024-07-19 08:00:00,12096.53,65712.83,92179.52,1,3636
2024-07-19 09:00:00,12651.09,72647.4,103316.23,1,4171
2024-07-19 10:00:00,13365.04,78577.35,111217.9,1,4402
2024-07-19 11:00:00,15240.0,89387.2,126121.9,1,4944
2024-07-19 12:00:00,18122.14,103541.21,145134.48,1,5411
2024-07-19 13:00:00,20965.22,120602.51,169415.05,1,5917
2024-07-19 14:00:00,20464.35,121797.3,169825.96,1,6168
2024-07-19 15:00:00,49830.37,129465.43,179855.47,1,6332
2024-07-19 16:00:00,23561.61,137390.62,206167.68,1,6566
2024-07-19 17:00:00,93215.62000000001,139755.98,213016.53,1,6912
2024-07-19 18:00:00,40229.8,136746.91,208913.38,1,7346
2024-07-19 19:00:00,68723.44,113706.98,176121.61,1,6407
2024-07-19 20:00:00,46230.92,107072.14,156643.58,1,5530
2024-07-19 21:00:00,22464.73,116289.16,167986.13999999998,1,5716
2024-07-19 22:00:00,22960.89,121927.18000000001,174675.31,1,6035
2024-07-19 23:00:00,25879.02,136508.83,189656.2,1,6629
2024-07-20 00:00:00,19591.84,106175.91,150571.28,1,5914
2024-07-20 01:00:00,15501.58,83906.57,119165.93,1,4840
2024-07-20 02:00:00,11870.86,61301.33,88180.34,1,3553
2024-07-20 03:00:00,6919.26,35726.67,50829.65,1,2081
2024-07-20 04:00:00,4704.66,22374.47,31291.66,1,1160
2024-07-20 05:00:00,3073.42,14002.46,19167.54,1,490
2024-07-20 06:00:00,4985.02,22264.13,30137.9,1,886
2024-07-20 07:00:00,6881.4,31213.32,42646.83,1,1416
2024-07-20 08:00:00,8205.13,40198.82,55950.54,1,2016
2024-07-20 09:00:00,11330.61,56947.55,80401.81,1,3153
2024-07-20 10:00:00,12627.47,67117.71,95506.64,1,4004
2024-07-20 11:00:00,15560.86,86932.08,122282.36,1,4814
2024-07-20 12:00:00,17669.68,99118.45,139590.11,1,5637
2024-07-20 13:00:00,19624.35,108663.78,152020.13,1,5757
2024-07-20 14:00:00,20289.32,110853.86,154979.75,1,5614
2024-07-20 15:00:00,21704.08,120233.39,166518.24,1,5985
2024-07-20 16:00:00,124805.01,121606.83,168617.94,1,6299
2024-07-20 17:00:00,23962.49,129788.77,179942.62,1,6772
2024-07-20 18:00:00,23191.34,129519.34,180057.43,2,6993
2024-07-20 19:00:00,19918.31,115555.59,161566.99,2,6332
2024-07-20 20:00:00,19022.85,102915.47,147193.27,2,5277
2024-07-20 21:00:00,18259.76,99469.49,142454.13999999998,1,5136
2024-07-20 22:00:00,20733.57,116694.36,164463.09,2,5702
2024-07-20 23:00:00,69331.39,127510.45,174728.98,1,6023
2024-07-21 00:00:00,20201.81,108955.51,151274.98,1,5682
2024-07-21 01:00:00,15246.65,81521.24,114292.21,1,4714
2024-07-21 02:00:00,10647.72,57476.02,81416.7,1,3606
2024-07-21 03:00:00,7385.67,38540.74,54513.56,1,2335
2024-07-21 04:00:00,5824.33,29129.98,39149.02,1,1406
2024-07-21 05:00:00,4121.11,18124.38,23950.28,1,620
2024-07-21 06:00:00,5459.25,25074.94,32818.16,1,915
2024-07-21 07:00:00,51623.93,31754.09,42444.23,1,1280
2024-07-21 08:00:00,8361.49,39029.42,53487.49,1,1778
2024-07-21 09:00:00,10903.66,53380.43,74382.56,1,2790
2024-07-21 10:00:00,13280.08,67488.71,95757.98,1,3734
2024-07-21 11:00:00,15525.0,80212.27,113457.58,1,4546
2024-07-21 12:00:00,19861.08,103193.67,145884.34,1,5387
2024-07-21 13:00:00,19944.46,105586.82,148762.58,1,5422
2024-07-21 14:00:00,23009.4,122337.06,170575.98,1,5954
2024-07-21 15:00:00,23533.82,124403.2,172632.17,1,5618
2024-07-21 16:00:00,22958.89,119240.9,166639.31,1,5401
2024-07-21 17:00:00,23207.19,120864.28,168371.7,1,5511
2024-07-21 18:00:00,22438.72,116398.43,163228.54,1,5578
2024-07-21 19:00:00,19267.74,97738.92,138345.04,1,4790
2024-07-21 20:00:00,20578.64,103479.69,149510.96,1,4777
2024-07-21 21:00:00,21702.59,101745.38,146112.34,1,4730
2024-07-21 22:00:00,17470.45,81382.53,113777.11,1,3614
2024-07-21 23:00:00,17603.88,77610.36,107087.61,1,2805
2024-07-22 00:00:00,10873.41,46186.64,62343.12,1,1637
2024-07-22 01:00:00,73092.14,19926.13,27451.89,1,853
2024-07-22 02:00:00,3430.0,14183.02,19356.75,1,489
2024-07-22 03:00:00,1972.41,8473.0,11410.38,1,325
2024-07-22 04:00:00,3517.15,15758.95,20748.11,1,508
2024-07-22 05:00:00,4524.9800000000005,20545.14,27790.47,1,782
2024-07-22 06:00:00,8833.91,39986.27,54218.94,1,1824
2024-07-22 07:00:00,11934.17,61735.76,85798.9,1,3208
2024-07-22 08:00:00,15274.0,86588.54,120860.66,1,4675
2024-07-22 09:00:00,15653.03,90890.37,128724.83,1,4718
2024-07-22 10:00:00,15743.02,89559.34,126559.42,1,4640
2024-07-22 11:00:00,16945.45,96338.29,136217.37,1,5014
2024-07-22 12:00:00,18626.97,106295.46,149684.68,1,5464
2024-07-22 13:00:00,19322.82,108403.65,152633.9,1,5479
2024-07-22 14:00:00,22951.02,123423.46,172189.71,1,5883
2024-07-22 15:00:00,22610.6,124170.7,174466.07,1,6128
2024-07-22 16:00:00,22503.64,123641.02,187517.07,1,5950
2024-07-22 17:00:00,20992.21,117217.87,182919.7,1,6313
2024-07-22 18:00:00,21184.29,116790.97,184294.68,1,6484
2024-07-22 19:00:00,19612.4,103807.75,164975.32,1,5884
2024-07-22 20:00:00,20210.14,104490.5,155892.05,1,5989
2024-07-22 21:00:00,90679.72,98838.61,145089.47,1,5315
2024-07-22 22:00:00,16229.52,78290.01,113813.79,1,3864
2024-07-22 23:00:00,15701.76,67844.72,95825.69,1,2607
2024-07-23 00:00:00,12817.9,53653.8,75182.72,1,1818
2024-07-23 01:00:00,7420.86,30277.04,41689.14,1,920
2024-07-23 02:00:00,3103.3,13152.73,17848.87,1,454
2024-07-23 03:00:00,1567.74,6678.56,9063.72,1,257
2024-07-23 04:00:00,1769.66,7875.74,10461.67,1,258
2024-07-23 05:00:00,3626.78,15559.36,21399.22,1,669
2024-07-23 06:00:00,8252.44,38336.75,52734.5,1,1896
2024-07-23 07:00:00,13583.14,72442.52,102241.43,1,4054
2024-07-23 08:00:00,16784.87,112140.17,154325.19,1,6071
2024-07-23 09:00:00,16904.87,115442.81,159395.15,1,5721
2024-07-23 10:00:00,27009.8,108661.39,151420.82,1,5480
2024-07-23 11:00:00,16326.59,109409.43,152630.86,1,5391
2024-07-23 12:00:00,17324.23,113079.15,157352.74,1,5612
2024-07-23 13:00:00,18871.93,117527.37,165480.41,1,5932
2024-07-23 14:00:00,21499.33,129112.15,181579.27,1,6396
2024-07-23 15:00:00,23392.47,136879.41,193521.08,1,6758
2024-07-23 16:00:00,22626.0,132947.78,203600.68,1,6559
2024-07-23 17:00:00,22463.48,138843.7,215318.95,1,7405
2024-07-23 18:00:00,23711.87,141704.89,224347.84,1,7986
2024-07-23 19:00:00,21916.66,117288.01,185980.62,1,6655
2024-07-23 20:00:00,104910.15999999999,113260.73,169782.94,1,6414
2024-07-23 21:00:00,24343.32,125938.92,185793.18,1,7138
2024-07-23 22:00:00,20052.91,104439.98,151980.15,1,6011
2024-07-23 23:00:00,14951.39,70660.02,101686.23,1,3439
2024-07-24 00:00:00,9040.59,40531.04,57308.6,1,1783
2024-07-24 01:00:00,5508.94,23210.07,32037.37,1,914
2024-07-24 02:00:00,2368.7,10283.24,13948.07,1,438
2024-07-24 03:00:00,1250.94,5493.85,7681.68,1,269
2024-07-24 04:00:00,1963.72,8610.84,11633.8,1,323
2024-07-24 05:00:00,5054.43,21867.7,29598.85,1,772
2024-07-24 06:00:00,8381.62,38399.74,52071.89,1,1893
2024-07-24 07:00:00,12123.04,65810.26,92347.45,1,3669
2024-07-24 08:00:00,74352.01000000001,109309.7,151424.03,1,5850
2024-07-24 09:00:00,95705.19,105144.52,146163.63,1,5702
2024-07-24 10:00:00,15882.65,102549.61,145296.37,1,5351
2024-07-24 11:00:00,17157.81,108855.6,153645.88999999998,1,5606
2024-07-24 12:00:00,19158.5,119850.54,168166.18,1,6035
2024-07-24 13:00:00,19467.67,120581.43,170274.13,1,6211
2024-07-24 14:00:00,22289.84,132591.89,186821.56,1,6514
2024-07-24 15:00:00,24235.09,140574.48,198711.02,1,6808
2024-07-24 16:00:00,23776.93,141420.8,217263.37,1,7012
2024-07-24 17:00:00,23503.03,147177.97,227520.04,1,7753
2024-07-24 18:00:00,23241.55,143873.42,227193.79,1,8165
2024-07-24 19:00:00,28898.46,115338.28,184725.23,1,6843
2024-07-24 20:00:00,77908.51000000001,116985.82,175018.16,1,6606
2024-07-24 21:00:00,26674.87,138608.59,202960.58,1,7497
2024-07-24 22:00:00,154969.44,132823.49,191524.0,1,7352
2024-07-24 23:00:00,19202.06,95932.37,136219.42,1,4720
2024-07-25 00:00:00,13644.41,61429.04,87266.71,1,2571
2024-07-25 01:00:00,7484.77,32328.9,44068.64,1,1222
2024-07-25 02:00:00,2426.49,10982.45,15603.21,1,560
2024-07-25 03:00:00,1499.77,7401.64,10458.58,1,354
2024-07-25 04:00:00,1944.99,8849.48,12163.94,1,337
2024-07-25 05:00:00,3874.3,17245.2,24058.79,1,700
2024-07-25 06:00:00,6655.79,31962.27,44341.44,1,1708
2024-07-25 07:00:00,11292.92,59363.2,84292.0,1,3372
2024-07-25 08:00:00,14649.02,89737.68,126117.48,1,5081
2024-07-25 09:00:00,16580.45,102606.29,143366.86,1,5289
2024-07-25 10:00:00,16480.82,102625.12,144822.25,1,5223
2024-07-25 11:00:00,17881.07,111727.39,156735.97,1,5491
2024-07-25 12:00:00,19468.41,120120.13,168269.63,1,5904
2024-07-25 13:00:00,21100.49,129081.29,181590.97,1,6292
2024-07-25 14:00:00,22964.66,139789.86,195820.87,1,6695
2024-07-25 15:00:00,30420.18,144857.47,202113.3,1,6904
2024-07-25 16:00:00,24687.03,150730.18,230159.18,1,7273
2024-07-25 17:00:00,25569.06,159716.53,243847.41,1,7954
2024-07-25 18:00:00,25080.33,151792.95,235253.23,1,8241
2024-07-25 19:00:00,21827.76,126389.67,197473.99,1,6900
2024-07-25 20:00:00,50424.61,120352.17,178219.41,1,6399
2024-07-25 21:00:00,63985.17999999999,138592.6,200858.98,1,7194
2024-07-25 22:00:00,26757.43,142216.64,202791.03,1,6933
2024-07-25 23:00:00,21453.89,110581.29,158184.37,1,5383
2024-07-26 00:00:00,13274.82,65009.59,91942.27,1,3238
2024-07-26 01:00:00,5702.29,29108.18,43003.54,1,1781
2024-07-26 02:00:00,3192.33,16061.78,23729.15,1,1043
2024-07-26 03:00:00,2150.91,10684.76,15563.68,1,605
2024-07-26 04:00:00,2534.41,11643.78,16219.09,1,481
2024-07-26 05:00:00,4536.05,19759.91,27182.14,1,705
2024-07-26 06:00:00,7025.26,32196.51,44384.24,1,1487
2024-07-26 08:00:00,10776.7,61351.0,87445.02,1,3340
2024-07-26 09:00:00,72536.34,74763.97,105836.12,1,4001
2024-07-26 10:00:00,14245.43,83404.45,117496.54,1,4357
2024-07-26 11:00:00,15944.59,92311.1,130369.33,1,4868
2024-07-26 12:00:00,18347.18,104605.69,146509.62,1,5379
2024-07-26 13:00:00,60327.81,109264.72,154127.54,1,5621
2024-07-26 14:00:00,74469.95,121533.49,170380.17,1,5983
2024-07-26 15:00:00,22355.62,125038.02,175604.88999999998,1,6061
2024-07-26 16:00:00,23835.36,132676.67,200805.66,1,6200
2024-07-26 17:00:00,22234.85,124378.34,190988.62,1,6315
2024-07-26 18:00:00,21672.89,121161.62,188982.31,1,6560
2024-07-26 19:00:00,21354.62,119924.85,186753.36,1,6695
2024-07-26 20:00:00,19205.17,103823.11,151024.28,1,5476
2024-07-26 21:00:00,18104.19,100093.58,146587.57,1,5457
2024-07-26 22:00:00,19187.05,107693.7,156085.09,1,5650
2024-07-26 23:00:00,19541.52,102389.97,147024.19,1,5331
2024-07-27 00:00:00,15527.95,85526.53,123041.79,1,4706
2024-07-27 01:00:00,11438.68,63494.77,91938.04,1,3863
2024-07-27 02:00:00,8778.1,48821.08,71078.79,1,3098
2024-07-27 03:00:00,6602.56,34153.06,48520.26,1,2054
2024-07-27 04:00:00,3757.48,18972.59,26527.02,1,987
2024-07-27 05:00:00,2052.78,9894.039999999999,13705.16,1,418
2024-07-27 06:00:00,4860.12,21437.87,29013.14,1,846
2024-07-27 07:00:00,6530.78,30026.23,40972.79,1,1332
2024-07-27 08:00:00,7917.8,38548.37,53951.19,1,1869
2024-07-27 09:00:00,10653.88,54500.18,77369.23,1,2896
2024-07-27 10:00:00,12555.63,66917.53,96074.63,1,3796
2024-07-27 11:00:00,14547.24,81253.25,115704.56999999999,1,4530
2024-07-27 12:00:00,15952.13,90841.93,127733.61,1,4873
2024-07-27 13:00:00,18578.21,102847.97,145411.87,1,5331
2024-07-27 14:00:00,78579.5,104663.11,146481.33,1,5410
2024-07-27 15:00:00,20855.88,112964.21,158088.0,1,5867
2024-07-27 16:00:00,22378.01,125175.93,173214.61,2,6198
2024-07-27 17:00:00,21353.56,118510.7,164851.63,2,6177
2024-07-27 18:00:00,19319.24,110842.26,156127.26,2,6079
2024-07-27 19:00:00,17632.58,101575.71,142793.13,2,5530
2024-07-27 20:00:00,17422.4,95912.33,138119.41,2,4991
2024-07-27 21:00:00,18045.34,98428.88,142224.38,2,5092
2024-07-27 22:00:00,19106.22,108260.42,154257.26,2,5541
2024-07-27 23:00:00,18613.21,105564.87,149166.1,1,5358
2024-07-28 00:00:00,15212.59,87875.22,124035.6,1,5002
2024-07-28 01:00:00,12638.09,72558.95,102472.54,1,4431
2024-07-28 02:00:00,9791.56,53554.43,76074.84,1,3408
2024-07-28 03:00:00,7544.05,39542.66,55283.81,1,2432
2024-07-28 04:00:00,5300.03,26788.61,36415.42,1,1429
2024-07-28 05:00:00,3820.26,17025.16,22856.2,1,555
2024-07-28 06:00:00,5231.3,22616.16,30119.73,1,843
2024-07-28 07:00:00,6184.21,27143.93,36986.57,1,1107
2024-07-28 08:00:00,8524.34,39479.62,54703.57,1,1780
2024-07-28 09:00:00,10199.98,50005.26,70358.0,1,2671
2024-07-28 10:00:00,13285.25,67826.92,95798.61,1,3776
2024-07-28 11:00:00,15107.61,77714.83,110725.93,1,4413
2024-07-28 12:00:00,19119.15,100295.43,141562.15,1,5206
2024-07-28 13:00:00,20450.05,108735.19,152889.32,1,5569
2024-07-28 14:00:00,159674.81,120277.68,169116.71,1,5687
2024-07-28 15:00:00,22682.14,116933.97,163162.57,1,5333
2024-07-28 16:00:00,23411.22,121051.6,169848.97,1,5373
2024-07-28 17:00:00,22302.36,117357.85,164531.13999999998,1,5406
2024-07-28 18:00:00,21246.83,110556.98,155842.27,1,5160
2024-07-28 19:00:00,19252.04,97122.15,137103.27,1,4672
2024-07-28 20:00:00,18463.53,92366.54,134334.92,1,4317
2024-07-28 21:00:00,20048.3,96685.87,140079.04,1,4371
2024-07-28 22:00:00,18446.83,84790.89,120474.51,1,3645
2024-07-28 23:00:00,13730.07,60795.92,85964.64,1,2276
2024-07-29 00:00:00,8013.42,33959.8,47136.64,1,1240
2024-07-29 01:00:00,4589.75,19289.69,26131.25,1,729
2024-07-29 02:00:00,1449.03,6177.11,8381.25,1,303
2024-07-29 03:00:00,1358.68,6350.45,8503.46,1,265
2024-07-29 04:00:00,1806.78,7996.28,11041.039999999999,1,289
2024-07-29 05:00:00,4251.95,18408.83,25353.84,1,684
2024-07-29 06:00:00,7764.72,35069.03,47941.23,1,1611
2024-07-29 07:00:00,12691.95,63086.01,89225.39,1,3214
2024-07-29 08:00:00,14994.87,84679.15,119309.88,1,4526
2024-07-29 09:00:00,14295.82,81525.34,115996.02,1,4422
2024-07-29 10:00:00,14581.11,81946.04,117199.73,1,4468
2024-07-29 11:00:00,15544.12,87073.95,123625.15,1,4586
2024-07-29 12:00:00,17618.07,98233.95,138282.77,1,5095
2024-07-29 13:00:00,19021.01,108648.06,154042.35,1,5962
2024-07-29 14:00:00,22113.6,118828.22,166558.93,1,5697
2024-07-29 15:00:00,21596.29,118094.17,166297.62,1,5667
2024-07-29 16:00:00,24101.62,126860.59,192474.62,1,5916
2024-07-29 17:00:00,21498.57,116336.85,181392.65,1,6054
2024-07-29 18:00:00,20224.92,108515.65,173417.87,1,6113
2024-07-29 19:00:00,18530.52,93482.23,149245.24,1,5305
2024-07-29 20:00:00,19572.41,95953.66,143895.7,1,5049
2024-07-29 21:00:00,18368.06,90410.97,133925.28,1,4809
2024-07-29 22:00:00,15685.81,73937.61,107650.69,1,3638
2024-07-29 23:00:00,11383.47,52173.27,74504.84,1,2198
2024-07-30 00:00:00,6877.6,31340.4,44075.14,1,1340
2024-07-30 01:00:00,2998.68,12323.08,17139.76,1,571
2024-07-30 02:00:00,1383.29,5629.93,7812.74,1,290
2024-07-30 03:00:00,1121.85,5403.99,7157.1,1,214
2024-07-30 04:00:00,1412.63,6035.18,8213.16,1,210
2024-07-30 05:00:00,3257.75,14460.96,20052.71,1,600
2024-07-30 06:00:00,6713.78,30878.2,42701.42,1,1552
2024-07-30 07:00:00,10745.84,56245.59,79698.91,1,3129
2024-07-30 08:00:00,14535.17,88399.03,124388.74,1,5028
2024-07-30 09:00:00,14066.2,90836.23,128877.55,1,5058
2024-07-30 10:00:00,15169.2,95120.06,134862.16,1,5087
2024-07-30 11:00:00,16126.1,102305.56,144337.61,1,5513
2024-07-30 12:00:00,17759.9,111341.88,156649.16,1,5846
2024-07-30 13:00:00,18584.64,113093.5,160321.79,1,6055
2024-07-30 14:00:00,20797.51,124942.81,177255.22,1,6578
2024-07-30 15:00:00,21143.94,125980.83,177686.36,1,6421
2024-07-30 16:00:00,22013.85,130367.9,200572.81,1,6581
2024-07-30 17:00:00,98171.89,137124.34,213701.1,1,7317
2024-07-30 18:00:00,21586.64,131249.66,210154.59,1,7514
2024-07-30 19:00:00,19172.82,109904.18,175315.62,1,6474
2024-07-30 20:00:00,19773.93,105068.53,158728.58,1,6066
2024-07-30 21:00:00,21318.38,115986.08,174408.4,1,6638
2024-07-30 22:00:00,18428.53,96750.75,143466.02,1,5354
2024-07-30 23:00:00,12990.39,62067.46,90299.36,1,3041
2024-07-31 00:00:00,9190.89,41753.1,59296.59,1,1691
2024-07-31 01:00:00,6425.1,27599.26,38257.96,1,999
2024-07-31 02:00:00,2383.73,10348.21,14226.51,1,454
2024-07-31 03:00:00,1057.81,4979.19,7055.99,1,241
2024-07-31 04:00:00,1664.61,8122.28,10989.97,1,257
2024-07-31 05:00:00,3481.0,15702.4,21746.38,1,603
2024-07-31 06:00:00,7781.31,35828.61,49865.07,1,1778
2024-07-31 07:00:00,10794.33,56766.9,80366.96,1,3217
2024-07-31 08:00:00,15359.2,94035.93,133242.59,1,5259
2024-07-31 09:00:00,14494.59,93144.88,132464.33,1,5099
2024-07-31 10:00:00,14798.71,94342.9,134810.86,1,5122
2024-07-31 11:00:00,16714.12,105747.63,149938.13999999998,1,5516
2024-07-31 12:00:00,17249.65,110429.74,155836.63999999998,1,5859
2024-07-31 13:00:00,18731.45,115709.22,163861.84,1,5975
2024-07-31 14:00:00,22035.54,128639.25,179983.88999999998,1,6313
2024-07-31 15:00:00,22622.87,136409.74,189984.42,1,6619
2024-07-31 16:00:00,23728.85,143423.01,218269.42,1,6935
2024-07-31 17:00:00,22710.66,145197.92,224071.65,1,7847
2024-07-31 18:00:00,22489.03,139418.71,219521.94,1,8056
2024-07-31 19:00:00,20541.02,119133.2,189639.99,1,6795
2024-07-31 20:00:00,21316.27,117298.88,176415.76,1,6815
2024-07-31 21:00:00,25280.46,141328.07,207974.26,1,8029
2024-07-31 22:00:00,97528.36,121173.44,171943.15,1,6570
2024-07-31 23:00:00,15680.62,75305.17,108805.69,1,3516
2024-08-01 00:00:00,22.880000000000003,93.3,128.99,1,2
2024-08-01 06:00:00,1.7200000000000002,13.0,21.0,1,2
2024-08-01 07:00:00,6.04,34.2,54.26,1,3
2024-08-01 08:00:00,8.24,47.5,71.4,1,3
2024-08-01 09:00:00,2.93,27.0,37.5,1,2
2024-08-01 10:00:00,3.5599999999999996,33.3,49.56,1,2
2024-08-01 14:00:00,10.25,51.5,90.86,1,2
2024-08-01 15:00:00,22.439999999999998,108.2,139.31,1,3
2024-08-01 16:00:00,1.34,13.5,24.0,1,1
2024-08-01 17:00:00,2.44,17.7,29.04,1,1
2024-08-01 18:00:00,13.52,62.699999999999996,107.27,1,2
2024-08-01 19:00:00,2.15,14.9,25.68,1,1
2024-08-01 20:00:00,2.43,15.6,24.72,1,1
2024-08-01 21:00:00,4.14,26.8,33.8,1,1
2024-08-01 22:00:00,4.63,26.3,40.3,1,2
2024-08-01 23:00:00,8.59,39.4,53.28,1,1
2024-07-31 23:00:00,100.55,464.5,663.11,1,17
2024-08-01 00:00:00,13454.34,58516.07,83118.36,1,2483
2024-08-01 01:00:00,5571.66,24917.95,35336.73,1,1117
2024-08-01 02:00:00,2099.06,10161.48,14231.61,1,532
2024-08-01 03:00:00,1210.97,5980.6,8347.58,1,298
2024-08-01 04:00:00,1851.84,8166.41,11281.99,1,331
2024-08-01 05:00:00,3339.08,14984.11,20677.77,1,602
2024-08-01 06:00:00,7968.07,36150.42,49812.81,1,1763
2024-08-01 08:00:00,15959.59,94012.03,131209.07,1,5145
2024-08-01 09:00:00,14804.03,95530.7,134581.13999999998,1,5362
2024-08-01 10:00:00,15462.16,99606.49,140931.69,1,5314
2024-08-01 11:00:00,16796.76,106882.31,149811.71,1,5563
2024-08-01 12:00:00,19163.04,119978.85,168322.7,1,6193
2024-08-01 13:00:00,21438.82,130299.91,183836.59,1,6590
2024-08-01 14:00:00,23066.99,137850.57,194602.44,1,7006
2024-08-01 15:00:00,24570.25,144617.0,203358.78,1,6996
2024-08-01 16:00:00,25263.14,151878.92,230714.41,1,7369
2024-08-01 17:00:00,100895.09999999999,164611.68,250113.28,1,8582
2024-08-01 18:00:00,24692.04,159863.79,246390.76,1,9031
2024-08-01 19:00:00,22657.6,127405.17,199997.13,1,7154
2024-08-01 20:00:00,21603.21,118453.25,176982.82,1,6588
2024-08-01 21:00:00,25287.54,139424.89,202916.2,1,7654
2024-08-01 22:00:00,26448.56,139816.67,201154.66,1,7441
2024-08-01 23:00:00,18420.81,93167.13,134072.6,1,4757
2024-08-02 00:00:00,12086.4,58738.26,85012.48,1,2827
2024-08-02 01:00:00,18087.8,36128.67,51586.53,1,1679
2024-08-02 02:00:00,2874.58,14822.58,21660.98,1,914
2024-08-02 03:00:00,2088.56,9603.77,13885.19,1,541
2024-08-02 04:00:00,2234.67,10285.94,14179.08,1,421
2024-08-02 05:00:00,4373.38,19565.41,27078.47,1,747
2024-08-02 06:00:00,7537.19,34628.68,47265.0,1,1582
2024-08-02 07:00:00,9616.83,48909.73,68090.97,1,2603
2024-08-02 08:00:00,11307.08,63295.89,89491.12,1,3533
2024-08-02 09:00:00,12925.57,74851.92,106198.34,1,4176
2024-08-02 10:00:00,14447.56,85214.93,121414.64,1,4590
2024-08-02 11:00:00,15896.2,92703.35,130835.9,1,5117
2024-08-02 12:00:00,17676.32,103306.85,146173.94,1,5565
2024-08-02 13:00:00,17777.01,107421.37,151380.24,1,5722
2024-08-02 14:00:00,21603.84,128176.03,178864.38999999998,1,6713
2024-08-02 15:00:00,23201.46,135528.81,188242.04,1,6960
2024-08-02 16:00:00,22947.97,135052.7,203862.99,1,7025
2024-08-02 17:00:00,24614.64,141798.63,216256.61,1,7417
2024-08-02 18:00:00,129308.71,187791.19,284548.29,1,10984
2024-08-02 19:00:00,23976.63,176320.59,254508.33,1,9652
2024-08-02 20:00:00,18389.36,96496.01,138692.37,1,4827
2024-08-02 21:00:00,17407.18,92944.72,135880.1,1,4926
2024-08-02 22:00:00,50547.73,99611.21,145262.14,1,5057
2024-08-02 23:00:00,18735.88,94705.65,137597.3,1,4641
2024-08-03 00:00:00,21162.14,102301.39,144871.55,1,4961
2024-08-03 01:00:00,14375.03,73778.83,105832.71,1,4146
2024-08-03 02:00:00,9176.36,48614.95,70291.46,1,2984
2024-08-03 03:00:00,6078.65,31059.29,44533.1,1,1860
2024-08-03 04:00:00,4078.69,20084.41,27085.5,1,1008
2024-08-03 05:00:00,2647.16,11737.05,16243.05,1,454
2024-08-03 06:00:00,5115.27,22186.87,30169.47,1,881
2024-08-03 07:00:00,5808.27,26926.76,37004.39,1,1221
2024-08-03 08:00:00,7841.7,39376.59,56123.56,1,1981
2024-08-03 09:00:00,10199.88,52815.49,75235.83,1,2997
2024-08-03 10:00:00,12904.34,71832.27,101692.9,1,4076
2024-08-03 11:00:00,16213.22,93243.61,130579.2,1,5156
2024-08-03 12:00:00,18928.36,112212.51,154309.25,1,5996
2024-08-03 13:00:00,21010.87,127127.78,174055.72,1,6579
2024-08-03 14:00:00,66178.79000000001,122753.04,168897.71,1,6135
2024-08-03 15:00:00,21303.21,120524.94,165595.83,1,5968
2024-08-03 16:00:00,21583.84,121647.77,168756.79,2,6218
2024-08-03 17:00:00,26308.53,167047.9,227380.46,1,8867
2024-08-03 18:00:00,146569.06,169025.23,224670.96,1,8508
2024-08-03 19:00:00,23576.51,179224.55,241088.76,1,9937
2024-08-03 20:00:00,21976.49,159749.96,215912.04,1,8268
2024-08-03 21:00:00,16190.57,96683.92,135557.27,1,5012
2024-08-03 22:00:00,77874.73999999999,101305.07,144429.58,2,5188
2024-08-03 23:00:00,20962.22,106705.4,149750.73,1,5057
2024-08-04 00:00:00,18618.75,92269.78,129472.54,1,4580
2024-08-04 01:00:00,18153.27,88936.65,123584.47,1,4389
2024-08-04 02:00:00,46601.130000000005,65148.38,90440.19,1,3277
2024-08-04 03:00:00,6933.98,34676.11,48809.04,1,1959
2024-08-04 04:00:00,142292.19,23793.25,32412.7,1,1155
2024-08-04 05:00:00,3271.14,14478.11,19328.9,1,499
2024-08-04 06:00:00,11137.63,25275.57,33989.63,1,929
2024-08-04 07:00:00,6629.09,29825.06,40226.68,1,1203
2024-08-04 08:00:00,8465.25,38897.06,53274.909999999996,1,1751
2024-08-04 09:00:00,113488.26,53298.9,74805.67,1,2716
2024-08-04 10:00:00,107936.01,66822.13,95231.09,1,3483
2024-08-04 11:00:00,16608.77,84933.39,120677.51,1,4309
2024-08-04 12:00:00,17052.27,88774.19,125242.63,1,4513
2024-08-04 13:00:00,18075.68,95358.23,135312.26,1,4825
2024-08-04 14:00:00,21010.68,114654.89,161068.16,1,5734
2024-08-04 15:00:00,21136.03,109854.37,152800.8,1,4974
2024-08-04 16:00:00,83610.68,138794.63,194368.88,1,7253
2024-08-04 17:00:00,23492.41,138542.22,188666.06,1,7020
2024-08-04 18:00:00,61657.87999999999,106950.23,148417.44,1,5140
2024-08-04 19:00:00,18771.36,93778.59,131213.76,1,4265
2024-08-04 20:00:00,18059.37,85470.82,124357.75,1,3929
2024-08-04 21:00:00,17355.3,84064.1,121662.83,1,3840
2024-08-04 22:00:00,16856.8,76162.75,108468.06999999999,1,3078
2024-08-04 23:00:00,14113.1,61566.07,85073.53,1,2081
2024-08-05 00:00:00,9785.2,42065.55,58697.75,1,1460
2024-08-05 01:00:00,5808.21,24745.68,33366.26,1,784
2024-08-05 02:00:00,4030.9700000000003,17684.27,22802.66,1,490
2024-08-05 03:00:00,2665.21,10525.39,14095.41,1,366
2024-08-05 04:00:00,2776.84,11794.85,15344.08,1,374
2024-08-05 05:00:00,3933.29,17416.07,23938.97,1,629
2024-08-05 06:00:00,8534.07,38827.5,52526.15,1,1714
2024-08-05 07:00:00,11080.62,55320.91,77176.27,1,2774
2024-08-05 08:00:00,14657.84,82163.32,115607.3,1,4348
2024-08-05 09:00:00,15557.11,90156.9,126788.04,1,4799
2024-08-05 10:00:00,17025.13,91720.97,129612.19,1,4745
2024-08-05 11:00:00,17305.65,99466.1,139231.9,1,5057
2024-08-05 12:00:00,18606.06,105882.79,148425.56,1,5390
2024-08-05 13:00:00,20149.26,111978.39,157383.2,1,5570
2024-08-05 14:00:00,20468.98,114546.08,161086.92,1,5841
2024-08-05 15:00:00,22892.98,125783.65,178072.24,1,6134
2024-08-05 16:00:00,25006.02,134158.52,205424.14,1,6352
2024-08-05 17:00:00,23745.74,128994.73,199568.2,1,6662
2024-08-05 18:00:00,21314.02,114502.31,183130.29,1,6697
2024-08-05 19:00:00,20779.15,108629.99,171875.01,1,6008
2024-08-05 20:00:00,21123.07,105608.0,155597.42,1,5674
2024-08-05 21:00:00,62051.78,105953.13,153899.1,1,5538
2024-08-05 22:00:00,17963.49,84479.53,120782.8,1,4103
2024-08-05 23:00:00,14042.77,62185.65,86703.5,1,2749
2024-08-06 00:00:00,8898.75,40183.37,55514.35,1,1422
2024-08-06 01:00:00,6148.52,25023.21,33590.31,1,813
2024-08-06 02:00:00,1974.91,8463.26,11523.66,1,344
2024-08-06 03:00:00,1335.66,5888.06,7794.23,1,219
2024-08-06 04:00:00,2070.1,9124.84,12065.36,1,291
2024-08-06 05:00:00,4289.85,19020.69,25711.14,1,684
2024-08-06 06:00:00,6970.4,33131.42,45593.0,1,1722
2024-08-06 07:00:00,10954.94,57691.88,81225.81999999999,1,3163
2024-08-06 08:00:00,15711.17,95567.04,134198.11,1,5237
2024-08-06 09:00:00,15823.33,98840.73,140380.54,1,5447
2024-08-06 10:00:00,16670.61,104291.25,147845.3,1,5470
2024-08-06 11:00:00,17575.55,107719.21,150846.3,1,5700
2024-08-06 12:00:00,18623.15,113734.84,161275.88,1,6007
2024-08-06 13:00:00,18434.96,116187.12,165023.08,1,6289
2024-08-06 14:00:00,19324.74,121137.02,170718.99,1,6391
2024-08-06 15:00:00,20019.17,123394.24,172498.97,1,6437
2024-08-06 16:00:00,21397.77,133703.26,204182.22,1,6898
2024-08-06 17:00:00,25527.5,168508.37,258203.96,1,9093
2024-08-06 18:00:00,27122.91,204375.44,304081.2,1,11423
2024-08-06 19:00:00,24580.65,166107.55,245950.02,1,9128
2024-08-06 20:00:00,25274.44,158178.68,224716.29,1,8855
2024-08-06 21:00:00,25290.25,158978.31,222273.09,1,8375
2024-08-06 22:00:00,21133.07,130313.9,176799.57,1,6617
2024-08-06 23:00:00,13519.12,69545.52,94787.67,1,3263
2024-08-07 00:00:00,9595.32,43790.29,59865.77,1,1748
2024-08-07 01:00:00,8000.93,34664.45,47773.04,1,1046
2024-08-07 02:00:00,7211.58,29626.64,40710.54,1,820
2024-08-07 03:00:00,3932.87,16950.4,22104.1,1,462
2024-08-07 04:00:00,2457.36,11029.47,14540.21,1,337
2024-08-07 05:00:00,3941.52,17860.39,24113.3,1,647
2024-08-07 06:00:00,7310.29,35830.85,49609.68,1,1708
2024-08-07 07:00:00,11311.86,60015.22,84085.4,1,3299
2024-08-07 08:00:00,67689.59,100588.7,140701.4,1,5455
2024-08-07 09:00:00,15809.71,106302.08,148316.6,1,5568
2024-08-07 10:00:00,15896.39,102398.83,145169.19,1,5328
2024-08-07 11:00:00,17275.54,110647.38,155541.37,1,5697
2024-08-07 12:00:00,20253.79,128115.47,180183.28,1,6420
2024-08-07 13:00:00,102940.39,138875.02,195015.46,1,7239
2024-08-07 14:00:00,22885.1,143653.55,199727.79,1,7058
2024-08-07 15:00:00,23588.21,147679.93,205758.73,1,7191
2024-08-07 16:00:00,24314.81,147260.29,221142.67,1,6632
2024-08-07 17:00:00,23488.32,151922.12,231102.13,1,7519
2024-08-07 18:00:00,21948.01,133738.33,210409.27,1,7363
2024-08-07 19:00:00,19110.93,107412.31,170109.31,1,6032
2024-08-07 20:00:00,20266.32,108444.96,161078.44,1,6037
2024-08-07 21:00:00,21646.47,113390.0,166729.55,1,6201
2024-08-07 22:00:00,32556.21,120219.1,173384.54,1,6409
2024-08-07 23:00:00,16818.19,81137.72,115712.25,1,3903
2024-08-08 00:00:00,9925.8,44914.22,65140.0,1,1943
2024-08-08 01:00:00,5396.2,23017.46,32546.11,1,1002
2024-08-08 02:00:00,2402.18,13072.97,17685.23,1,568
2024-08-08 03:00:00,1758.88,8419.54,11870.17,1,389
2024-08-08 04:00:00,2923.0,13214.6,18086.02,1,436
2024-08-08 05:00:00,4915.22,21730.2,30139.51,1,865
2024-08-08 06:00:00,8421.52,40841.04,56067.73,1,2059
2024-08-08 07:00:00,12212.289999999999,64799.83,89993.88,1,3470
2024-08-08 08:00:00,15267.2,92474.83,128243.04,1,5074
2024-08-08 09:00:00,14985.97,95610.98,134286.23,1,5176
2024-08-08 10:00:00,14723.76,94678.21,134527.82,1,5037
2024-08-08 11:00:00,17868.76,118909.51,167549.3,1,6389
2024-08-08 12:00:00,17364.54,110519.68,154208.19,1,5525
2024-08-08 13:00:00,19112.12,112668.43,158110.89,1,5480
2024-08-08 14:00:00,20573.88,121250.06,170497.72,1,5803
2024-08-08 15:00:00,23769.64,143007.29,201008.19,1,6780
2024-08-08 16:00:00,21836.94,138028.04,208502.52,1,6641
2024-08-08 17:00:00,24631.68,168180.93,251471.94,1,8363
2024-08-08 18:00:00,24180.49,165525.73,247838.2,1,8619
2024-08-08 19:00:00,24039.989999999998,129934.43,200521.67,1,7142
2024-08-08 20:00:00,19523.61,111506.79,164343.93,1,6118
2024-08-08 21:00:00,19607.38,111641.53,164157.76,1,6423
2024-08-08 22:00:00,21747.94,115457.91,167179.21,1,6025
2024-08-08 23:00:00,18738.73,91921.9,130780.22,1,4288
2024-08-09 00:00:00,13104.66,61631.52,87165.05,1,2724
2024-08-09 01:00:00,7181.57,34186.45,48250.58,1,1735
2024-08-09 02:00:00,3736.27,17746.55,25309.44,1,1061
2024-08-09 03:00:00,2787.17,12535.87,17736.92,1,709
2024-08-09 04:00:00,3509.02,16514.03,22024.27,1,624
2024-08-09 05:00:00,4719.67,20812.48,27799.46,1,760
2024-08-09 06:00:00,7667.64,35918.2,48348.01,1,1637
2024-08-09 07:00:00,10201.72,49515.23,68441.65,1,2478
2024-08-09 08:00:00,11315.27,61123.49,86336.54,1,3409
2024-08-09 09:00:00,11793.61,67813.16,95868.37,1,3814
2024-08-09 10:00:00,12192.69,70066.64,99602.98,1,4042
2024-08-09 11:00:00,13252.37,77790.98,110503.31999999999,1,4458
2024-08-09 12:00:00,17502.82,96821.38,136761.89,1,5036
2024-08-09 13:00:00,16588.0,92812.19,131432.51,1,5044
2024-08-09 14:00:00,19767.48,113478.98,159519.51,1,5918
2024-08-09 15:00:00,20529.47,113173.41,159967.85,1,5671
2024-08-09 16:00:00,20513.58,115196.93,175271.44,1,5576
2024-08-09 17:00:00,19458.43,111746.56,171766.57,1,5815
2024-08-09 18:00:00,20570.95,125780.82,195313.88,1,7306
2024-08-09 19:00:00,18811.02,102086.51,158460.07,1,5555
2024-08-09 20:00:00,17721.69,90204.62,132656.79,1,4779
2024-08-09 21:00:00,16710.09,90069.87,133179.73,1,4931
2024-08-09 22:00:00,17459.32,92749.89,135693.15,1,4950
2024-08-09 23:00:00,15832.32,82446.62,119202.97,1,4300
2024-08-10 00:00:00,14851.16,75426.48,109296.91,1,4211
2024-08-10 01:00:00,11230.74,59847.32,86209.54,1,3693
2024-08-10 02:00:00,7985.39,42559.11,61774.05,1,2839
2024-08-10 03:00:00,5286.09,27291.58,39081.92,1,1798
2024-08-10 04:00:00,3817.82,19039.3,26600.98,1,1044
2024-08-10 05:00:00,3126.9,13422.45,18268.38,1,490
2024-08-10 06:00:00,5602.8,25103.83,33519.25,1,1016
2024-08-10 07:00:00,67901.38,31631.18,42841.6,1,1401
2024-08-10 08:00:00,7297.53,36512.05,51206.82,1,1835
2024-08-10 09:00:00,17959.2,49833.44,70391.31,1,2793
2024-08-10 10:00:00,12833.85,71252.09,100239.44,1,3821
2024-08-10 11:00:00,14040.12,82572.64,114826.87,1,4452
2024-08-10 12:00:00,18040.88,103480.95,141968.22,1,5242
2024-08-10 13:00:00,17935.48,108192.52,147910.87,1,5499
2024-08-10 14:00:00,154208.35,117571.48,161567.86,1,5449
2024-08-10 15:00:00,20532.98,115237.82,159248.29,1,5639
2024-08-10 16:00:00,20626.15,116361.83,161119.88,2,5703
2024-08-10 17:00:00,19929.66,114056.51,157856.47,1,5913
2024-08-10 18:00:00,20104.53,117138.19,163280.48,2,6248
2024-08-10 19:00:00,17298.15,101030.89,140526.13,1,5523
2024-08-10 20:00:00,84462.45,98878.83,141802.26,2,5124
2024-08-10 21:00:00,82774.08,92525.04,133792.72,2,4900
2024-08-10 22:00:00,19115.53,106364.8,151736.85,2,5613
2024-08-10 23:00:00,32346.010000000002,114847.07,159310.23,1,5926
2024-08-11 00:00:00,17145.13,93198.31,129416.64,1,5359
2024-08-11 01:00:00,14186.96,70964.82,100320.72,1,4419
2024-08-11 02:00:00,9896.05,53152.76,75463.72,1,3404
2024-08-11 03:00:00,7370.14,39088.84,54542.19,1,2338
2024-08-11 04:00:00,5908.58,30754.03,41560.39,1,1520
2024-08-11 05:00:00,4167.81,18751.62,24573.54,1,676
2024-08-11 06:00:00,5686.2,24040.91,32130.79,1,1022
2024-08-11 07:00:00,6287.56,28600.62,38629.44,1,1148
2024-08-11 08:00:00,7139.16,33635.92,46467.78,1,1563
2024-08-11 09:00:00,9909.98,48322.92,67922.11,1,2583
2024-08-11 10:00:00,12793.19,64453.27,89935.06999999999,1,3349
2024-08-11 11:00:00,13037.03,69510.64,97907.89,1,3743
2024-08-11 12:00:00,18161.66,97583.51,134468.62,1,4449
2024-08-11 13:00:00,19016.55,102986.15,142418.88999999998,1,4541
2024-08-11 14:00:00,21409.45,115782.79,159610.37,1,4785
2024-08-11 15:00:00,74276.89,110853.08,152448.75,1,4519
2024-08-11 16:00:00,83272.36,120956.01,166112.22,1,4777
2024-08-11 17:00:00,20226.24,113290.01,154531.58,1,4678
2024-08-11 18:00:00,19232.21,108708.22,150768.47,1,4791
2024-08-11 19:00:00,18837.2,98252.76,136150.95,1,4183
2024-08-11 20:00:00,17799.45,92652.01,133168.94,1,4213
2024-08-11 21:00:00,17821.86,88002.9,126956.77,1,3982
2024-08-11 22:00:00,15611.51,74229.94,104483.96,1,3178
2024-08-11 23:00:00,16035.6,69900.35,96578.25,1,2379
2024-08-12 00:00:00,8686.69,37478.59,51469.08,1,1355
2024-08-12 01:00:00,3644.42,15731.66,21204.79,1,653
2024-08-12 02:00:00,2247.92,9133.98,12247.33,1,421
2024-08-12 03:00:00,1362.55,5933.26,8068.09,1,262
2024-08-12 04:00:00,62532.48,12023.63,15987.98,1,378
2024-08-12 05:00:00,4389.39,20011.11,26689.7,1,716
2024-08-12 06:00:00,8243.51,37979.93,50913.48,1,1750
2024-08-12 07:00:00,11528.76,56729.55,78531.71,1,2722
2024-08-12 08:00:00,11927.92,67839.41,95912.05,1,3700
2024-08-12 09:00:00,12187.14,71213.86,101967.21,1,3857
2024-08-12 10:00:00,13483.39,76928.23,109418.5,1,4041
2024-08-12 11:00:00,15188.54,84511.8,118210.03,1,4231
2024-08-12 12:00:00,16632.15,90186.39,126630.78,1,4595
2024-08-12 13:00:00,17535.65,95928.6,134838.16,1,4905
2024-08-12 14:00:00,20763.34,113257.51,158794.92,1,5492
2024-08-12 15:00:00,21477.78,122610.64,172409.06,1,6204
2024-08-12 16:00:00,81868.16,112436.55,170638.45,1,5344
2024-08-12 17:00:00,19118.66,104753.17,163785.45,1,5439
2024-08-12 18:00:00,120097.32,100442.5,158431.19,1,5389
2024-08-12 19:00:00,17920.92,90082.43,141436.4,1,4759
2024-08-12 20:00:00,17959.54,87080.42,128551.23,1,4456
2024-08-12 21:00:00,16907.54,83798.31,124690.16,1,4410
2024-08-12 22:00:00,15000.05,70198.49,100963.06,1,3247
2024-08-12 23:00:00,12744.43,56300.07,79213.41,1,2257
2024-08-13 00:00:00,6757.75,30938.34,42330.46,1,1309
2024-08-13 01:00:00,2383.73,10881.32,14997.77,1,534
2024-08-13 02:00:00,2036.47,9058.57,11869.29,1,349
2024-08-13 03:00:00,1064.32,5004.42,6637.62,2,204
2024-08-13 04:00:00,2210.68,9496.59,12655.71,1,353
2024-08-13 05:00:00,3122.34,14699.95,20176.44,1,612
2024-08-13 06:00:00,7299.94,33963.28,46350.659999999996,1,1686
2024-08-13 07:00:00,10902.57,56055.69,78407.79,1,2917
2024-08-13 08:00:00,13260.54,78318.19,111038.89,1,4326
2024-08-13 09:00:00,13638.4,82804.18,116991.93,1,4497
2024-08-13 10:00:00,13705.22,84525.69,119446.22,1,4576
2024-08-13 11:00:00,15284.62,90496.94,127097.11,1,4699
2024-08-13 12:00:00,16119.74,96102.02,136000.72,1,5159
2024-08-13 13:00:00,18417.49,105589.92,149458.28,1,5415
2024-08-13 14:00:00,19391.76,109217.32,154932.2,1,5657
2024-08-13 15:00:00,20860.57,116235.89,164759.48,1,5835
2024-08-13 16:00:00,26529.84,117821.02,179926.13,1,5791
2024-08-13 17:00:00,20225.16,115185.72,179795.36,1,6253
2024-08-13 18:00:00,19334.07,110826.49,178411.48,1,6578
2024-08-13 19:00:00,17998.05,96098.88,154447.82,1,5534
2024-08-13 20:00:00,19368.92,100454.27,150312.56,1,5706
2024-08-13 21:00:00,21235.42,109408.07,161325.18,1,6076
2024-08-13 22:00:00,17540.74,90185.41,131321.88,1,4891
2024-08-13 23:00:00,17830.24,60799.61,87939.21,1,2935
2024-08-14 00:00:00,6742.05,30362.8,42866.75,1,1407
2024-08-14 01:00:00,3137.09,14550.76,20500.22,1,743
2024-08-14 02:00:00,1349.7,6252.29,9051.65,1,380
2024-08-14 03:00:00,931.76,4691.3,6622.24,1,273
2024-08-14 04:00:00,1700.7,7846.57,10541.84,1,310
2024-08-14 05:00:00,3270.94,14561.92,19883.22,1,631
2024-08-14 06:00:00,7063.97,33142.42,45582.13,1,1716
2024-08-14 07:00:00,10627.89,54327.29,75433.74,1,2900
2024-08-14 08:00:00,13579.11,76907.16,109324.93,1,4416
2024-08-14 09:00:00,13994.85,85712.68,121560.75,1,4761
2024-08-14 10:00:00,14802.76,90097.18,127621.46,1,4888
2024-08-14 11:00:00,16621.27,99948.9,140590.1,1,5295
2024-08-14 12:00:00,17612.42,108561.22,152677.27,1,5699
2024-08-14 13:00:00,19819.75,117323.59,165199.73,1,5958
2024-08-14 14:00:00,20975.82,121965.84,172039.41,1,6032
2024-08-14 15:00:00,21546.21,125149.25,175780.79,1,6046
2024-08-14 16:00:00,20946.7,124164.12,190344.2,1,6161
2024-08-14 17:00:00,21027.76,125982.8,196873.59,1,6846
2024-08-14 18:00:00,22596.34,130831.85,209309.36,1,7548
2024-08-14 19:00:00,20237.19,108442.92,173108.34,1,6274
2024-08-14 20:00:00,20533.45,109162.56,162901.95,1,6192
2024-08-14 21:00:00,21955.49,114235.22,168015.46,1,6348
2024-08-14 22:00:00,19347.01,99571.19,145562.55,1,5375
2024-08-14 23:00:00,14286.69,68566.59,98260.01,1,3349
2024-08-15 00:00:00,7473.46,35811.11,50607.03,1,1800
2024-08-15 01:00:00,4619.57,20483.57,28834.26,1,1052
2024-08-15 02:00:00,2074.29,9496.72,13464.58,1,539
2024-08-15 03:00:00,1356.28,6670.42,9423.63,1,380
2024-08-15 04:00:00,2584.05,10963.15,15040.28,1,444
2024-08-15 05:00:00,3755.49,16368.74,22319.84,1,712
2024-08-15 06:00:00,66226.03,35481.26,48342.67,1,1790
2024-08-15 07:00:00,10343.77,52623.36,74266.75,1,2846
2024-08-15 08:00:00,56797.92,79509.83,111540.05,1,4424
2024-08-15 09:00:00,13643.82,83159.45,118128.16,1,4581
2024-08-15 10:00:00,14388.99,87786.48,124483.79,1,4715
2024-08-15 11:00:00,16551.61,99662.83,140674.48,1,5153
2024-08-15 12:00:00,18521.9,109739.74,154102.43,1,5563
2024-08-15 13:00:00,19441.51,113374.18,159755.95,1,5824
2024-08-15 14:00:00,22242.72,125023.53,176187.02,1,6103
2024-08-15 15:00:00,22375.65,131214.39,184662.92,1,6517
2024-08-15 16:00:00,23095.19,135131.23,203551.92,1,6389
2024-08-15 17:00:00,23527.13,145416.96,220781.98,1,7280
2024-08-15 18:00:00,22127.72,136449.5,210774.08,1,7374
2024-08-15 19:00:00,20290.94,111477.47,175386.77,1,6121
2024-08-15 20:00:00,20740.86,109308.83,161566.72,1,5851
2024-08-15 21:00:00,20039.41,108368.04,160209.6,1,6145
2024-08-15 22:00:00,20210.92,106481.89,154316.94,1,5637
2024-08-15 23:00:00,19025.75,92295.42,131440.71,1,4311
2024-08-16 00:00:00,10564.93,51952.91,74014.99,1,2750
2024-08-16 01:00:00,6141.43,30359.44,43410.98,1,1662
2024-08-16 02:00:00,3413.77,17848.96,24995.78,1,999
2024-08-16 03:00:00,2547.77,12502.26,18212.51,1,718
2024-08-16 04:00:00,2924.59,13972.71,18803.24,1,590
2024-08-16 05:00:00,139511.86000000002,22746.48,30413.07,1,842
2024-08-16 06:00:00,7004.5,33818.03,45394.58,1,1558
2024-08-16 07:00:00,9865.94,47835.84,66073.89,1,2371
2024-08-16 08:00:00,11740.94,61194.92,85838.31999999999,1,3347
2024-08-16 09:00:00,12220.17,68719.98,97678.24,1,3862
2024-08-16 10:00:00,14011.16,79229.64,112382.47,1,4322
2024-08-16 11:00:00,15023.46,86410.14,122414.39,1,4678
2024-08-16 12:00:00,17953.83,100151.04,141129.42,1,5143
2024-08-16 13:00:00,19667.54,108456.5,151947.35,1,5407
2024-08-16 14:00:00,80790.23,127772.65,178273.77,1,6017
2024-08-16 15:00:00,20955.17,120265.38,168426.29,1,6106
2024-08-16 16:00:00,22715.64,130546.12,195803.8,1,6122
2024-08-16 17:00:00,21032.85,119379.4,184174.8,1,6317
2024-08-16 18:00:00,20961.66,117572.32,182734.68,1,6394
2024-08-16 19:00:00,17639.59,99891.85,155889.67,1,5705
2024-08-16 20:00:00,17022.91,90875.9,134400.35,1,4955
2024-08-16 21:00:00,18221.52,95026.76,139560.15,1,5152
2024-08-16 22:00:00,17991.74,97614.28,141433.44,1,5130
2024-08-16 23:00:00,16567.15,86927.99,125513.54,1,4556
2024-08-17 00:00:00,15288.08,79530.16,113678.95,1,4350
2024-08-17 01:00:00,10000.1,56348.51,82520.41,1,3693
2024-08-17 02:00:00,7990.47,43404.17,63724.73,1,2770
2024-08-17 03:00:00,6004.27,31364.23,44588.16,1,1904
2024-08-17 04:00:00,3814.9,19224.99,26551.56,1,987
2024-08-17 05:00:00,3081.93,13227.9,17617.39,1,493
2024-08-17 06:00:00,4746.37,21810.93,29531.8,1,982
2024-08-17 07:00:00,6437.34,30036.18,40894.55,1,1335
2024-08-17 08:00:00,7719.6,38002.52,53147.82,1,1904
2024-08-17 09:00:00,80906.1,49591.62,69963.34,1,2840
2024-08-17 10:00:00,11866.65,64084.66,90475.44,1,3598
2024-08-17 11:00:00,13534.5,75987.59,106346.75,1,4215
2024-08-17 12:00:00,145783.82,91400.44,127428.86,1,4747
2024-08-17 13:00:00,22621.18,101302.59,140539.07,1,5197
2024-08-17 14:00:00,19195.73,106847.97,147732.66,1,5068
2024-08-17 15:00:00,19718.57,111189.95,153332.99,1,5262
2024-08-17 16:00:00,28024.52,131757.34,182315.68,1,6669
2024-08-17 17:00:00,24014.22,150155.44,204436.36,2,7645
2024-08-17 18:00:00,19521.07,113964.92,156352.5,2,5733
2024-08-17 19:00:00,17003.41,98774.3,137253.51,1,5065
2024-08-17 20:00:00,17130.72,88440.75,127361.02,2,4636
2024-08-17 21:00:00,17967.52,92727.18,133431.17,2,4882
2024-08-17 22:00:00,17572.94,92021.6,131922.73,2,4760
2024-08-17 23:00:00,17155.76,90391.19,129769.78,1,4920
2024-08-18 00:00:00,15832.91,81957.87,116870.72,1,4553
2024-08-18 01:00:00,11576.88,61059.16,87747.21,1,3679
2024-08-18 02:00:00,8218.47,43666.0,63385.08,1,2724
2024-08-18 03:00:00,5825.68,30932.28,43620.68,1,1770
2024-08-18 04:00:00,4588.84,23413.72,31921.39,1,1198
2024-08-18 05:00:00,3335.39,15845.24,20908.46,1,586
2024-08-18 06:00:00,5485.04,24050.64,31321.71,1,945
2024-08-18 07:00:00,6497.11,29187.5,38926.7,1,1249
2024-08-18 08:00:00,8320.41,38499.04,52987.01,1,1732
2024-08-18 09:00:00,9662.35,47462.89,66876.52,1,2459
2024-08-18 10:00:00,11586.16,59466.68,83822.91,1,3122
2024-08-18 11:00:00,13418.43,71297.13,101368.68,1,3807
2024-08-18 12:00:00,18027.48,92794.83,130165.11,1,4373
2024-08-18 13:00:00,18730.5,98867.33,138625.28,1,4803
2024-08-18 14:00:00,21756.27,117328.22,162800.29,1,5091
2024-08-18 15:00:00,20124.24,107429.1,149542.87,1,4926
2024-08-18 16:00:00,17148.83,93008.77,130104.73,1,4715
2024-08-18 17:00:00,19223.14,103398.05,144488.96,1,5027
2024-08-18 18:00:00,19872.07,104230.36,145640.44,1,5046
2024-08-18 19:00:00,21776.63,121393.09,170655.63999999998,1,6627
2024-08-18 20:00:00,287559.2,123194.29,170683.31,1,6274
2024-08-18 21:00:00,67599.5,88613.76,124113.68,1,4433
2024-08-18 22:00:00,14417.94,68419.41,95383.15,1,2787
2024-08-18 23:00:00,10435.39,48663.73,67068.23,1,1890
2024-08-19 00:00:00,10189.69,42335.64,57413.19,1,1369
2024-08-19 01:00:00,7613.99,33493.92,44680.35,1,985
2024-08-19 02:00:00,7867.71,32448.34,44413.81,1,880
2024-08-19 03:00:00,7053.22,27214.42,36372.95,1,696
2024-08-19 04:00:00,3876.51,15911.96,21399.97,1,490
2024-08-19 05:00:00,4258.38,19688.26,26669.5,1,707
2024-08-19 06:00:00,8583.62,39356.66,52636.86,1,1702
2024-08-19 07:00:00,10641.18,52465.77,72669.75,1,2588
2024-08-19 08:00:00,14417.99,81325.06,112568.39,1,4135
2024-08-19 09:00:00,14950.77,89308.99,124169.9,1,4194
2024-08-19 10:00:00,14485.9,87495.48,121401.83,1,4065
2024-08-19 11:00:00,15772.87,93936.1,130721.28,1,4416
2024-08-19 12:00:00,19677.34,112297.94,155618.25,1,4934
2024-08-19 13:00:00,19742.38,109529.18,153016.85,1,5070
2024-08-19 14:00:00,18727.07,105301.13,148197.69,1,5342
2024-08-19 15:00:00,22184.95,116920.96,164563.95,1,5524
2024-08-19 16:00:00,21357.38,116152.04,174130.88,1,5328
2024-08-19 17:00:00,27151.170000000002,123272.5,190430.71,1,6405
2024-08-19 18:00:00,20959.43,124852.63,195040.12,1,7237
2024-08-19 19:00:00,16645.46,85757.23,134745.12,1,4566
2024-08-19 20:00:00,17398.31,86581.68,128046.73,1,4453
2024-08-19 21:00:00,17859.51,85529.84,125749.69,1,4166
2024-08-19 22:00:00,15687.14,72526.1,104249.62,1,3181
2024-08-19 23:00:00,15246.77,65527.29,91798.78,1,2288
2024-08-20 00:00:00,9453.66,40718.12,56181.52,1,1458
2024-08-20 01:00:00,6375.21,27381.71,37088.82,1,810
2024-08-20 02:00:00,2287.11,10006.04,13236.92,1,385
2024-08-20 03:00:00,1487.1100000000001,6349.2699999999995,8591.83,2,239
2024-08-20 04:00:00,2267.13,10173.58,13397.45,1,328
2024-08-20 05:00:00,84738.75,18554.72,25111.34,1,760
2024-08-20 06:00:00,7437.71,35551.66,47849.159999999996,1,1633
2024-08-20 07:00:00,74760.43000000001,53933.37,75861.96,1,2806
2024-08-20 08:00:00,14006.39,82186.01,115834.09,1,4385
2024-08-20 09:00:00,16083.14,96837.65,135956.06,1,4909
2024-08-20 10:00:00,15554.46,94064.58,131985.52,1,4677
2024-08-20 11:00:00,16440.19,97850.11,136608.41,1,4875
2024-08-20 12:00:00,17313.09,102145.95,142497.42,1,5097
2024-08-20 13:00:00,18761.36,109906.6,153944.71,1,5373
2024-08-20 14:00:00,20901.37,118675.13,164923.06,1,5679
2024-08-20 15:00:00,21122.22,120155.91,168016.22,1,5739
2024-08-20 16:00:00,21774.94,122240.99,185596.01,1,5887
2024-08-20 17:00:00,24288.26,138495.1,213975.92,1,7043
2024-08-20 18:00:00,22307.57,127277.09,201200.33,1,7145
2024-08-20 19:00:00,19110.32,99078.16,156106.01,1,5426
2024-08-20 20:00:00,19246.61,98541.94,146847.01,1,5455
2024-08-20 21:00:00,20389.46,104887.9,155435.62,1,5790
2024-08-20 22:00:00,18695.93,92466.15,134549.87,1,4694
2024-08-20 23:00:00,11842.73,56941.96,82031.31,1,2693
2024-08-21 00:00:00,7868.97,35000.04,49181.6,1,1503
2024-08-21 01:00:00,3656.59,18839.9,24887.38,1,746
2024-08-21 02:00:00,1596.77,7063.31,9683.06,1,373
2024-08-21 03:00:00,1161.36,5368.61,7445.73,1,277
2024-08-21 04:00:00,2347.84,10879.78,14344.7,1,399
2024-08-21 05:00:00,3775.53,16322.82,22464.38,1,640
2024-08-21 06:00:00,7647.98,34712.3,47770.7,1,1734
2024-08-21 07:00:00,10451.54,52556.81,73438.25,1,2807
2024-08-21 08:00:00,13816.04,76832.05,108339.3,1,4204
2024-08-21 09:00:00,13518.460000000001,82137.15,116950.85,1,4592
2024-08-21 10:00:00,14757.47,86588.42,122178.66,1,4650
2024-08-21 11:00:00,15403.36,93470.52,132063.26,1,4906
2024-08-21 12:00:00,17963.54,105592.69,148496.61,1,5389
2024-08-21 13:00:00,19086.1,109943.64,154451.68,1,5579
2024-08-21 14:00:00,20923.68,118909.0,165924.82,1,5785
2024-08-21 15:00:00,20817.91,117598.12,165537.24,1,5983
2024-08-21 16:00:00,21437.33,123075.41,186721.08,1,5917
2024-08-21 17:00:00,21613.01,129479.22,199982.4,1,6570
2024-08-21 18:00:00,21464.02,125419.98,196554.58,1,6754
2024-08-21 19:00:00,18708.57,100630.15,159164.07,1,5630
2024-08-21 20:00:00,19996.63,103079.95,153370.35,1,5525
2024-08-21 21:00:00,21350.99,110083.15,162412.08,1,6012
2024-08-21 22:00:00,19336.22,99834.25,145420.97,1,5268
2024-08-21 23:00:00,14218.49,67175.84,96794.19,1,3084
2024-08-22 00:00:00,9720.33,44465.02,62425.84,1,1929
2024-08-22 01:00:00,4455.76,20632.44,28901.83,1,966
2024-08-22 02:00:00,1808.84,7966.12,11616.81,1,518
2024-08-22 03:00:00,1394.63,6870.2300000000005,9638.91,1,372
2024-08-22 04:00:00,2387.32,10534.93,14302.65,1,409
2024-08-22 05:00:00,4244.25,18306.2,24679.96,1,728
2024-08-22 06:00:00,7265.57,34022.94,45883.95,1,1607
2024-08-22 07:00:00,10383.16,52350.03,73164.04,1,2748
2024-08-22 08:00:00,12590.47,71139.21,100132.62,1,3904
2024-08-22 09:00:00,13597.63,81006.28,114538.39,1,4369
2024-08-22 10:00:00,15306.64,91443.64,127835.79,1,4669
2024-08-22 11:00:00,16003.31,95262.0,133531.7,1,4787
2024-08-22 12:00:00,18882.91,110333.58,154396.18,1,5383
2024-08-22 13:00:00,19918.58,114087.29,160082.33,1,5544
2024-08-22 14:00:00,22000.58,123122.46,172019.37,1,5841
2024-08-22 15:00:00,23490.16,131911.57,183559.17,1,6099
2024-08-22 16:00:00,22900.66,136219.84,205222.51,1,6250
2024-08-22 17:00:00,22011.99,135287.49,205927.15,1,6591
2024-08-22 18:00:00,22502.98,128962.57,199564.14,1,6690
2024-08-22 19:00:00,20425.18,111702.97,174264.82,1,5788
2024-08-22 20:00:00,20394.53,106981.47,157125.84,1,5431
2024-08-22 21:00:00,20571.32,106830.58,156825.82,1,5607
2024-08-22 22:00:00,22174.31,115028.62,164835.6,1,5837
2024-08-22 23:00:00,15979.87,80215.74,115306.11,1,4014
2024-08-23 00:00:00,11785.06,56265.57,80256.8,1,2695
2024-08-23 01:00:00,5213.68,26471.48,37771.09,1,1497
2024-08-23 02:00:00,3336.9,17727.95,25117.6,1,995
2024-08-23 03:00:00,2078.08,10313.14,14575.1,1,599
2024-08-23 04:00:00,3054.13,13616.33,18405.72,1,581
2024-08-23 05:00:00,3893.93,17319.57,23584.09,1,678
2024-08-23 06:00:00,7701.43,35111.99,47182.84,1,1493
2024-08-23 07:00:00,9281.05,45363.51,62750.08,1,2205
2024-08-23 08:00:00,10527.86,56746.13,80180.06999999999,1,3039
2024-08-23 09:00:00,13612.77,69898.21,98623.92,1,3642
2024-08-23 10:00:00,14418.93,79182.49,112016.5,1,4149
2024-08-23 11:00:00,16376.66,91564.11,128217.21,1,4658
2024-08-23 12:00:00,17677.12,98149.96,137747.84,1,4949
2024-08-23 13:00:00,19195.88,104354.46,147118.73,1,5042
2024-08-23 14:00:00,21856.29,121139.48,169253.03,1,5590
2024-08-23 15:00:00,21823.33,121554.16,169745.13999999998,1,5797
2024-08-23 16:00:00,22287.07,124647.95,188570.84,1,5905
2024-08-23 17:00:00,22438.97,127926.54,195438.53,1,6539
2024-08-23 18:00:00,20825.3,117512.65,182467.11,1,6384
2024-08-23 19:00:00,19310.95,100860.95,157708.07,1,5580
2024-08-23 20:00:00,17492.55,91589.78,134888.34,1,4930
2024-08-23 21:00:00,18022.88,94912.9,139581.19,1,5054
2024-08-23 22:00:00,18915.64,99417.76,144117.83,1,5066
2024-08-23 23:00:00,17572.37,89237.91,129557.58,1,4674
2024-08-24 00:00:00,14598.17,75365.89,109342.22,1,4123
2024-08-24 01:00:00,11005.71,57801.87,83720.59,1,3500
2024-08-24 02:00:00,7338.24,39412.11,57397.83,1,2615
2024-08-24 03:00:00,5699.56,29687.56,42361.09,1,1835
2024-08-24 04:00:00,3580.81,17933.55,24458.38,1,944
2024-08-24 05:00:00,3109.82,13302.64,17695.41,1,557
2024-08-24 06:00:00,5046.03,21791.66,29290.54,1,999
2024-08-24 07:00:00,6395.97,28939.15,39130.73,1,1254
2024-08-24 08:00:00,8544.04,40292.43,55817.5,1,1922
2024-08-24 09:00:00,10637.14,53419.83,74691.25,1,2821
2024-08-24 10:00:00,13218.06,67797.5,96116.22,1,3593
2024-08-24 11:00:00,14396.98,77509.13,108663.95,1,4154
2024-08-24 12:00:00,16015.42,86796.35,121491.06999999999,1,4567
2024-08-24 13:00:00,19461.6,102244.92,143131.49,1,4955
2024-08-24 14:00:00,18286.8,100349.84,140256.48,1,4980
2024-08-24 15:00:00,20098.43,107487.36,149372.15,1,5380
2024-08-24 16:00:00,21747.87,117188.95,162419.61,2,5634
2024-08-24 17:00:00,20263.16,113403.13,157147.34,1,5704
2024-08-24 18:00:00,20489.56,116013.71,161551.94,2,6096
2024-08-24 19:00:00,18090.83,101589.0,142426.28,2,5478
2024-08-24 20:00:00,17525.59,93597.57,134925.52,2,4893
2024-08-24 21:00:00,17928.38,94562.71,135605.17,2,4826
2024-08-24 22:00:00,17692.32,96801.6,138273.93,2,4926
2024-08-24 23:00:00,17691.61,93551.51,134161.29,1,4944
2024-08-25 00:00:00,14296.38,76422.73,110764.31999999999,1,4432
2024-08-25 01:00:00,11044.47,60857.86,88053.75,1,3730
2024-08-25 02:00:00,9309.48,48913.75,70366.17,1,3083
2024-08-25 03:00:00,6313.37,32575.42,46319.35,1,2014
2024-08-25 04:00:00,108336.89,24736.84,33553.51,1,1274
2024-08-25 05:00:00,3422.92,15879.27,21240.21,1,573
2024-08-25 06:00:00,5983.72,24566.91,32278.23,1,893
2024-08-25 07:00:00,6748.7,29160.95,39032.6,1,1226
2024-08-25 08:00:00,8442.17,38894.5,53231.2,1,1766
2024-08-25 09:00:00,10905.62,52496.23,73579.38,1,2628
2024-08-25 10:00:00,13461.43,67289.64,94889.17,1,3683
2024-08-25 11:00:00,16198.58,81559.9,115476.77,1,4321
2024-08-25 12:00:00,18643.66,98145.54,136915.64,1,4654
2024-08-25 13:00:00,20378.31,108331.9,150964.69,1,4954
2024-08-25 14:00:00,21352.23,111521.43,156099.83,1,5112
2024-08-25 15:00:00,22591.19,118725.66,165265.45,1,5218
2024-08-25 16:00:00,23708.18,123286.7,172460.7,1,5485
2024-08-25 17:00:00,21947.58,115856.21,160837.6,1,5286
2024-08-25 18:00:00,20419.69,107960.84,151462.73,1,5154
2024-08-25 19:00:00,18930.54,93475.4,131566.01,1,4440
2024-08-25 20:00:00,23887.760000000002,92475.24,133917.54,1,4323
2024-08-25 21:00:00,18481.27,88397.14,127889.46,1,4002
2024-08-25 22:00:00,17500.19,79907.66,113162.19,1,3416
2024-08-25 23:00:00,14774.58,64452.4,90746.22,1,2406
2024-08-26 00:00:00,8863.78,36166.19,49627.04,1,1284
2024-08-26 01:00:00,3768.08,15704.23,20692.26,1,577
2024-08-26 02:00:00,1993.67,8517.71,11276.83,1,363
2024-08-26 03:00:00,1422.38,6357.88,8404.4,1,266
2024-08-26 04:00:00,2695.72,11305.72,14948.39,1,361
2024-08-26 05:00:00,3983.9,17492.8,23812.45,1,675
2024-08-26 06:00:00,9103.47,39881.48,52566.32,1,1699
2024-08-26 07:00:00,11481.91,56373.22,77551.26,1,2706
2024-08-26 08:00:00,13894.87,73876.43,103092.42,1,3745
2024-08-26 09:00:00,14709.98,83164.31,118082.21,1,4509
2024-08-26 10:00:00,14939.43,82680.6,116818.49,1,4320
2024-08-26 11:00:00,16709.9,90284.81,126320.44,1,4546
2024-08-26 12:00:00,85045.06,99036.18,138253.85,1,5055
2024-08-26 13:00:00,20381.12,107133.43,149305.37,1,5264
2024-08-26 14:00:00,22132.94,116500.13,162848.9,1,5538
2024-08-26 15:00:00,22347.98,118546.88,164738.13,1,5638
2024-08-26 16:00:00,23751.11,127681.88,194411.85,1,6297
2024-08-26 17:00:00,21298.02,118297.94,182042.09,1,6108
2024-08-26 18:00:00,19720.49,102611.26,161094.03,1,5483
2024-08-26 19:00:00,17795.51,87952.95,137518.6,1,4720
2024-08-26 20:00:00,21178.14,103462.21,153133.65,1,5714
2024-08-26 21:00:00,19070.9,98070.69,141939.13,1,5222
2024-08-26 22:00:00,13886.17,65158.05,93288.29,1,3184
2024-08-26 23:00:00,16333.5,72264.58,100301.39,1,2710
2024-08-27 00:00:00,9931.15,44320.44,61686.73,1,1828
2024-08-27 01:00:00,3856.83,16754.61,23133.32,1,769
2024-08-27 02:00:00,1117.02,5200.66,7038.82,1,244
2024-08-27 03:00:00,992.22,4817.05,6450.61,1,191
2024-08-27 04:00:00,1606.6,6990.17,9500.27,1,247
2024-08-27 05:00:00,3726.53,16314.77,21949.72,1,625
2024-08-27 06:00:00,7858.57,35691.56,47963.84,1,1638
2024-08-27 07:00:00,11233.28,56002.74,77490.48,1,2877
2024-08-27 08:00:00,14382.7,80770.56,112891.56,1,4330
2024-08-27 09:00:00,14366.74,85242.55,120246.98,1,4542
2024-08-27 10:00:00,14583.97,87475.54,123540.81999999999,1,4724
2024-08-27 11:00:00,79417.09999999999,99657.87,139515.87,1,4986
2024-08-27 12:00:00,17619.08,106052.7,148711.71,1,5394
2024-08-27 13:00:00,132411.21,111062.72,156212.56,1,5610
2024-08-27 14:00:00,21590.51,119358.06,167356.41,1,6012
2024-08-27 15:00:00,21456.67,119481.8,167816.72,1,5977
2024-08-27 16:00:00,22570.58,128554.47,196121.73,1,6357
2024-08-27 17:00:00,21175.14,121055.98,188247.15,1,6537
2024-08-27 18:00:00,19947.07,115739.7,184392.4,1,6730
2024-08-27 19:00:00,18634.66,96909.57,153272.85,1,5511
2024-08-27 20:00:00,25611.22,102522.46,152459.07,1,5538
2024-08-27 21:00:00,20541.77,102015.86,151068.97,1,5498
2024-08-27 22:00:00,18790.76,92722.74,133812.98,1,4806
2024-08-27 23:00:00,15787.06,73402.65,103614.6,1,3549
2024-08-28 00:00:00,10345.02,45907.01,64429.31,1,2084
2024-08-28 01:00:00,5499.97,23284.66,32268.09,1,972
2024-08-28 02:00:00,2226.75,10174.65,14139.82,1,488
2024-08-28 03:00:00,1285.41,5322.67,7247.01,1,267
2024-08-28 04:00:00,2204.39,9437.97,12499.05,1,322
2024-08-28 05:00:00,46179.95,17981.63,24094.12,1,689
2024-08-28 06:00:00,34252.62,33707.02,45803.9,1,1656
2024-08-28 07:00:00,10944.19,54813.78,76554.98,1,2922
2024-08-28 08:00:00,14789.09,83059.47,117186.52,1,4543
2024-08-28 09:00:00,15634.8,90951.87,128086.0,1,4874
2024-08-28 10:00:00,16032.210000000001,96629.81,136778.15,1,5064
2024-08-28 11:00:00,16326.52,99471.24,140450.02,1,5261
2024-08-28 12:00:00,19387.98,114951.15,161039.19,1,5782
2024-08-28 13:00:00,20002.76,116501.8,163624.56,1,5844
2024-08-28 14:00:00,23682.35,131360.65,185024.3,1,6346
2024-08-28 15:00:00,23211.33,135650.25,189455.24,1,6526
2024-08-28 16:00:00,25225.62,147631.92,222068.57,1,6917
2024-08-28 17:00:00,23061.9,138543.54,214467.39,1,7319
2024-08-28 18:00:00,21524.72,125464.53,198592.47,1,7328
2024-08-28 19:00:00,20465.4,108701.52,171806.35,1,6148
2024-08-28 20:00:00,20586.87,105990.54,157799.16,1,6094
2024-08-28 21:00:00,25833.88,136181.28,197848.82,1,7660
2024-08-28 22:00:00,21834.77,109895.94,156718.4,1,5630
2024-08-28 23:00:00,17114.97,79923.31,114075.54,1,3719
2024-08-29 00:00:00,14256.25,63697.11,90893.41,1,2727
2024-08-29 01:00:00,5342.4,24476.01,34347.2,1,1117
2024-08-29 02:00:00,2055.07,9095.0,13015.36,1,548
2024-08-29 03:00:00,1364.29,6675.15,9417.91,1,359
2024-08-29 04:00:00,2827.0099999999998,12650.09,17154.04,1,455
2024-08-29 05:00:00,4617.05,20676.08,27797.26,1,799
2024-08-29 06:00:00,8734.7,41031.6,54903.17,1,1990
2024-08-29 07:00:00,11175.7,56194.98,77492.26,1,2954
2024-08-29 08:00:00,15007.77,81401.77,114886.29,1,4380
2024-08-29 09:00:00,14760.95,86217.49,122075.42,1,4679
2024-08-29 10:00:00,16528.18,96929.63,136777.31,1,4909
2024-08-29 11:00:00,18632.29,107262.74,151319.38,1,5235
2024-08-29 12:00:00,18616.31,109020.41,152875.04,1,5496
2024-08-29 13:00:00,20249.61,115644.92,162255.75,1,5760
2024-08-29 14:00:00,23992.14,132647.4,186138.13,1,6124
2024-08-29 15:00:00,127161.72,137196.98,191553.27,1,6350
2024-08-29 16:00:00,24682.19,143793.02,215658.88,1,6763
2024-08-29 17:00:00,24178.76,146030.6,220162.76,1,7235
2024-08-29 18:00:00,22460.55,135921.02,208740.11,1,7089
2024-08-29 19:00:00,20561.4,111696.11,172424.76,1,5691
2024-08-29 20:00:00,21612.11,110095.32,159958.26,1,5403
2024-08-29 21:00:00,18315.04,95841.98,140612.7,1,5093
2024-08-29 22:00:00,19740.13,98889.88,143861.15,1,4982
2024-08-29 23:00:00,20699.16,100683.74,142598.1,1,4508
2024-08-30 00:00:00,13309.17,65411.1,93211.99,1,3214
2024-08-30 01:00:00,7756.56,36064.7,50947.82,1,1746
2024-08-30 02:00:00,3999.21,19475.13,27436.6,1,1038
2024-08-30 03:00:00,3283.85,15722.02,22377.39,1,784
2024-08-30 04:00:00,3715.87,16627.15,22485.06,1,628
2024-08-30 05:00:00,4799.58,21444.9,29151.86,1,868
2024-08-30 06:00:00,7796.0,37393.9,49611.43,1,1798
2024-08-30 07:00:00,70624.73,51139.09,69750.03,1,2444
2024-08-30 08:00:00,13252.33,67307.07,93362.37,1,3245
2024-08-30 09:00:00,14111.11,75293.0,106448.4,1,3784
2024-08-30 10:00:00,15646.11,84797.3,119002.99,1,4225
2024-08-30 11:00:00,76196.01999999999,103322.77,144011.45,1,4971
2024-08-30 12:00:00,18713.06,104377.95,146084.93,1,5221
2024-08-30 13:00:00,19557.77,110480.06,153869.2,1,5496
2024-08-30 14:00:00,23680.35,128796.63,178556.06,1,5969
2024-08-30 15:00:00,24048.68,131974.66,184103.66,1,6200
2024-08-30 16:00:00,22490.47,129730.18,193208.6,1,6014
2024-08-30 17:00:00,22290.74,122657.52,187236.55,1,6086
2024-08-30 18:00:00,21473.22,118072.13,182307.47,1,6265
2024-08-30 19:00:00,21493.29,111041.63,169419.41,1,5552
2024-08-30 20:00:00,16983.0,89303.35,130765.61,1,4698
2024-08-30 21:00:00,18168.19,93430.84,135940.48,2,4573
2024-08-30 22:00:00,19722.01,101308.67,146757.68,2,4901
2024-08-30 23:00:00,17510.85,88337.79,126931.49,1,4203
2024-08-31 00:00:00,15417.06,78040.84,112433.96,1,3877
2024-08-31 01:00:00,14081.58,69185.03,97857.42,1,3514
2024-08-31 02:00:00,10049.28,49650.23,70072.08,1,2736
2024-08-31 03:00:00,6196.68,30059.14,42610.43,1,1863
2024-08-31 04:00:00,4370.89,21269.4,28844.329999999998,1,1031
2024-08-31 05:00:00,3128.93,14196.71,19181.93,1,529
2024-08-31 06:00:00,106990.69,22740.11,30123.19,1,941
2024-08-31 07:00:00,6832.73,31629.29,42347.07,1,1289
2024-08-31 08:00:00,9353.48,43460.73,59521.81,1,1914
2024-08-31 09:00:00,10705.86,52996.37,74460.26,1,2781
2024-08-31 10:00:00,14606.76,72519.18,103122.31999999999,1,3881
2024-08-31 11:00:00,90789.12,78721.39,111349.86,1,4365
2024-08-31 12:00:00,17185.82,89863.79,126033.52,1,4695
2024-08-31 13:00:00,19435.48,100907.0,141616.27,1,4989
2024-08-31 14:00:00,19629.96,104088.07,145862.98,1,5008
2024-08-31 15:00:00,20576.22,108521.69,150018.11,2,5144
2024-08-31 16:00:00,22465.63,118457.74,164357.81,2,5732
2024-08-31 17:00:00,73608.03,121366.19,168005.98,2,5885
2024-08-31 18:00:00,21250.65,114604.11,159144.72,2,5943
2024-08-31 19:00:00,19324.77,103804.79,142979.7,2,5337
2024-08-31 20:00:00,17216.78,89831.13,127511.23,2,4564
2024-08-31 21:00:00,17298.88,88618.81,126470.76,2,4476
2024-08-31 22:00:00,19692.02,99218.71,140418.94,2,4786
2024-08-31 23:00:00,19122.37,94417.34,132511.84,2,4547
2024-09-01 00:00:00,2.24,18.6,31.36,3,2
2024-09-01 02:00:00,2.01,16.3,24.36,1,1
2024-09-01 07:00:00,2.61,13.5,17.5,1,1
2024-09-01 08:00:00,2.97,15.6,26.54,1,1
2024-09-01 11:00:00,3.38,18.4,19.9,1,1
2024-09-01 12:00:00,4.25,24.9,39.48,1,2
2024-09-01 13:00:00,1.6099999999999999,18.6,31.92,1,2
2024-09-01 15:00:00,25.55,117.0,169.48,1,5
2024-09-01 16:00:00,5.29,37.0,55.16,1,3
2024-09-01 17:00:00,21.46,100.0,128.8,1,3
2024-09-01 19:00:00,1.84,14.2,18.2,1,1
2024-09-01 20:00:00,2.94,20.5,30.6,1,1
2024-09-01 21:00:00,6.430000000000001,34.0,49.8,1,2
2024-09-01 22:00:00,28.019999999999996,134.5,183.77,1,5
2024-09-10 12:00:00,2.4899999999999998,22.1,32.1,1,2
2024-08-31 22:00:00,7.77,34.5,47.4,1,1
2024-08-31 23:00:00,126.17,620.5,852.81,2,30
2024-09-01 00:00:00,16569.88,82527.07,115192.31,2,4187
2024-09-01 01:00:00,10842.9,56307.89,78756.97,1,3250
2024-09-01 02:00:00,8126.24,41359.13,58189.55,1,2531
2024-09-01 03:00:00,6189.13,30906.22,42672.13,1,1848
2024-09-01 04:00:00,4793.53,22371.95,29614.45,1,1086
2024-09-01 05:00:00,3809.97,16200.57,20752.06,1,560
2024-09-01 06:00:00,5943.7,25339.1,32816.68,1,901
2024-09-01 07:00:00,5950.66,26684.25,35613.38,1,1089
2024-09-01 08:00:00,8422.89,38878.79,53077.6,1,1688
2024-09-01 09:00:00,11666.63,53851.63,74164.01,1,2744
2024-09-01 10:00:00,103273.20999999999,67688.81,94616.96,1,3543
2024-09-01 11:00:00,17111.73,84156.05,118510.63,1,4544
2024-09-01 12:00:00,55350.15,99321.79,138376.13,1,5277
2024-09-01 13:00:00,21657.36,112042.84,154704.78,1,5359
2024-09-01 14:00:00,24235.36,121800.99,168001.98,2,5510
2024-09-01 15:00:00,22619.75,115408.44,159666.35,2,5379
2024-09-01 16:00:00,24482.09,125472.05,172799.63999999998,2,5623
2024-09-01 17:00:00,95225.76999999999,121030.86,167113.9,2,5820
2024-09-01 18:00:00,22807.28,117820.19,163295.99,2,5785
2024-09-01 19:00:00,21323.74,108395.38,149307.79,2,5161
2024-09-01 20:00:00,20227.95,99593.31,141754.34,2,4794
2024-09-01 21:00:00,18628.9,91100.43,129103.36,1,4232
2024-09-01 22:00:00,20941.51,99026.11,137928.8,2,4429
2024-09-01 23:00:00,20912.34,95923.1,131260.7,1,4177
2024-09-02 00:00:00,16307.54,75841.54,102471.12,1,3354
2024-09-02 01:00:00,8475.87,39127.96,53158.04,1,1907
2024-09-02 02:00:00,6083.34,27563.55,36776.53,1,1309
2024-09-02 03:00:00,3449.5,16033.02,21924.57,1,860
2024-09-02 04:00:00,4519.69,22032.27,28858.6,1,804
2024-09-02 05:00:00,4673.29,20113.33,26689.25,1,633
2024-09-02 06:00:00,7232.94,31505.24,41334.32,1,1022
2024-09-02 07:00:00,17040.84,33650.32,45461.58,1,1191
2024-09-02 08:00:00,8624.43,38645.06,54446.81,1,1548
2024-09-02 09:00:00,10678.6,49934.2,70774.02,1,2340
2024-09-02 10:00:00,13599.44,66397.73,93720.12,1,3327
2024-09-02 11:00:00,17365.8,83120.5,116528.47,1,4123
2024-09-02 12:00:00,19811.32,97896.9,136985.9,1,4690
2024-09-02 13:00:00,23016.19,112048.51,156631.22,1,4972
2024-09-02 14:00:00,25986.36,127056.56,176728.76,1,5563
2024-09-02 15:00:00,23970.6,119252.18,166231.25,1,5374
2024-09-02 16:00:00,24089.73,118176.23,165684.84,1,5279
2024-09-02 17:00:00,25677.61,124229.23,173334.29,1,5582
2024-09-02 18:00:00,22175.11,107718.67,152077.36,1,5248
2024-09-02 19:00:00,22294.99,107242.1,149558.04,1,4895
2024-09-02 20:00:00,22346.85,104627.97,149768.67,1,4762
2024-09-02 21:00:00,24101.82,108591.37,154356.71,1,4557
2024-09-02 22:00:00,59125.35,112700.23,157866.45,1,4110
2024-09-02 23:00:00,19703.82,85034.17,118803.19,1,2923
2024-09-03 00:00:00,13148.15,58400.24,79338.77,1,2091
2024-09-03 01:00:00,5163.58,22411.35,29489.079999999998,1,765
2024-09-03 02:00:00,1870.76,8044.66,10462.17,1,335
2024-09-03 03:00:00,843.53,3680.55,5065.53,1,176
2024-09-03 04:00:00,23546.0,10973.76,14725.19,1,351
2024-09-03 05:00:00,4909.05,20550.37,27897.25,1,801
2024-09-03 06:00:00,10053.99,45585.48,61211.15,1,2096
2024-09-03 07:00:00,14950.38,76655.79,105741.02,1,3944
2024-09-03 08:00:00,16987.03,97969.81,136845.27,1,5173
2024-09-03 09:00:00,16066.68,97076.13,136560.65,1,5074
2024-09-03 10:00:00,17171.99,100914.98,142336.36,1,5100
2024-09-03 11:00:00,18605.88,108834.13,152212.42,1,5351
2024-09-03 12:00:00,19862.65,117140.13,163610.6,1,5651
2024-09-03 13:00:00,20150.29,117576.93,165699.13,1,5706
2024-09-03 14:00:00,23730.22,134759.5,188176.93,1,6253
2024-09-03 15:00:00,25171.46,145565.57,202654.27,1,6563
2024-09-03 16:00:00,25086.41,148972.2,224200.14,1,6678
2024-09-03 17:00:00,25561.08,155997.1,237147.85,1,7465
2024-09-03 18:00:00,123795.29999999999,141511.47,220745.1,1,7509
2024-09-03 19:00:00,23205.3,121945.84,191253.97,1,6341
2024-09-03 20:00:00,22298.17,111750.96,164151.52,1,5730
2024-09-03 21:00:00,23649.39,116287.87,168955.48,1,5676
2024-09-03 22:00:00,21031.5,100331.37,143657.11,1,4438
2024-09-03 23:00:00,20898.9,93796.54,133299.98,1,3717
2024-09-04 00:00:00,13236.31,59732.49,82846.7,1,2384
2024-09-04 01:00:00,5088.93,23781.43,32462.95,1,896
2024-09-04 02:00:00,1478.6,6212.28,8617.09,1,326
2024-09-04 03:00:00,731.46,3169.7,4505.73,1,183
2024-09-04 04:00:00,1360.52,5935.8,8078.55,1,258
2024-09-04 05:00:00,3703.43,14999.85,20466.31,1,643
2024-09-04 06:00:00,8602.7,39275.71,53389.24,1,1923
2024-09-04 07:00:00,89707.02999999998,74475.8,104592.26,1,4240
2024-09-04 08:00:00,16758.63,104761.49,146307.13999999998,1,5554
2024-09-04 09:00:00,15580.54,101899.96,144106.23,1,5481
2024-09-04 10:00:00,17285.88,109452.44,155041.69,1,5581
2024-09-04 11:00:00,19598.91,123461.45,172131.12,1,5927
2024-09-04 12:00:00,19576.71,125440.42,175377.21,1,6170
2024-09-04 13:00:00,63887.04,135175.72,187128.32,1,6267
2024-09-04 14:00:00,24593.09,148804.68,204581.18,1,6843
2024-09-04 15:00:00,25990.45,158545.06,220546.29,1,7315
2024-09-04 16:00:00,23698.78,156194.77,233199.96,1,7199
2024-09-04 17:00:00,25456.66,172698.03,260585.42,1,8360
2024-09-04 18:00:00,27522.84,176636.28,270182.91,1,9107
2024-09-04 19:00:00,24061.17,141126.23,221241.95,1,7793
2024-09-04 20:00:00,26201.78,140594.21,207246.75,1,7695
2024-09-04 21:00:00,26521.76,136638.92,199318.08,1,7424
2024-09-04 22:00:00,24834.98,123859.31,178574.07,1,6367
2024-09-04 23:00:00,20676.73,98302.0,140647.8,1,4552
2024-09-05 00:00:00,13059.77,62446.65,88261.06,1,2847
2024-09-05 01:00:00,4300.33,20129.89,28692.04,1,1065
2024-09-05 02:00:00,1361.27,7010.11,10545.8,1,492
2024-09-05 03:00:00,1240.44,5989.54,8308.24,1,331
2024-09-05 04:00:00,1599.66,7120.12,9690.98,1,289
2024-09-05 05:00:00,4012.72,17131.33,23380.99,1,703
2024-09-05 06:00:00,45169.67,43770.99,59076.71,1,2149
2024-09-05 07:00:00,72559.49,86099.27,118890.92,1,4739
2024-09-05 08:00:00,18629.42,130078.54,174278.26,1,6151
2024-09-05 09:00:00,16971.06,115758.31,160983.2,1,5920
2024-09-05 10:00:00,17232.32,113839.86,159877.24,1,5665
2024-09-05 11:00:00,18079.58,118481.62,166086.16,1,5816
2024-09-05 12:00:00,20216.55,134151.26,186916.67,1,6368
2024-09-05 13:00:00,82744.0,137550.5,191690.02,1,6377
2024-09-05 14:00:00,26246.96,167434.68,232323.2,1,7500
2024-09-05 15:00:00,26167.08,172126.08,237841.09,1,7750
2024-09-05 16:00:00,26743.8,174506.9,259169.51,1,7771
2024-09-05 17:00:00,26638.06,185665.57,279447.67,1,9007
2024-09-05 18:00:00,90489.47,183038.33,281819.28,1,9723
2024-09-05 19:00:00,25764.92,154069.52,241212.87,1,8659
2024-09-05 20:00:00,26979.25,149600.75,218602.36,1,8049
2024-09-05 21:00:00,27377.96,147545.74,214951.1,1,7991
2024-09-05 22:00:00,29543.49,154424.25,221757.78,1,8168
2024-09-05 23:00:00,25943.36,132520.5,189056.85,1,6702
2024-09-06 00:00:00,18274.06,91892.86,130139.19,1,4860
2024-09-06 01:00:00,6129.84,31376.01,46195.28,1,1962
2024-09-06 02:00:00,2863.49,15056.48,22509.01,1,1025
2024-09-06 03:00:00,2003.6,10882.57,15450.210000000001,1,630
2024-09-06 04:00:00,2721.99,12443.58,17274.57,1,560
2024-09-06 05:00:00,4189.77,18890.03,26111.61,1,737
2024-09-06 06:00:00,7665.78,36620.66,50006.43,1,1797
2024-09-06 07:00:00,14506.77,76996.66,106470.17,1,4172
2024-09-06 08:00:00,15579.96,95077.38,132855.29,1,4961
2024-09-06 09:00:00,15511.43,95421.53,133684.28,1,4850
2024-09-06 10:00:00,16911.46,107770.88,150909.37,1,5225
2024-09-06 11:00:00,18839.15,119411.87,166607.41,1,5729
2024-09-06 12:00:00,77863.32,129906.23,181779.27,1,6215
2024-09-06 13:00:00,22984.27,137310.19,190681.67,1,6436
2024-09-06 14:00:00,26273.35,160040.19,221608.08,1,7567
2024-09-06 15:00:00,26478.09,166362.63,229981.51,1,8007
2024-09-06 16:00:00,26419.13,165179.45,247200.44,1,8021
2024-09-06 17:00:00,26554.2,176316.29,264955.52,1,9256
2024-09-06 18:00:00,26468.35,176277.69,265342.15,1,9519
2024-09-06 19:00:00,86465.40999999999,160231.91,242469.72,1,8716
2024-09-06 20:00:00,23155.03,131507.53,191177.37,1,7050
2024-09-06 21:00:00,27989.17,122442.77,179266.13,1,6539
2024-09-06 22:00:00,24575.54,138111.75,199567.55,1,7301
2024-09-06 23:00:00,26324.77,142353.46,202022.81,1,7604
2024-09-07 00:00:00,22381.86,127005.35,179848.8,1,7113
2024-09-07 01:00:00,12514.98,78794.66,112111.33,1,4804
2024-09-07 02:00:00,9466.52,56705.65,82138.31,1,3623
2024-09-07 03:00:00,7386.78,40540.96,57416.25,1,2436
2024-09-07 04:00:00,35957.649999999994,26052.19,36279.68,1,1425
2024-09-07 05:00:00,3264.59,15340.06,21220.27,1,570
2024-09-07 06:00:00,5532.58,24958.58,33435.66,1,1058
2024-09-07 07:00:00,7189.31,33458.98,46118.88,1,1521
2024-09-07 08:00:00,10042.96,49413.23,68963.2,1,2455
2024-09-07 09:00:00,11787.69,65605.82,92646.39,1,3561
2024-09-07 10:00:00,14957.29,90708.92,127756.49,1,4842
2024-09-07 11:00:00,156582.66,104957.01,146064.27,1,5236
2024-09-07 12:00:00,18363.77,115667.77,160882.35,1,5819
2024-09-07 13:00:00,19804.69,122806.27,170198.82,1,5881
2024-09-07 14:00:00,118906.0,132473.46,182942.13,1,6115
2024-09-07 15:00:00,24278.32,153878.22,212394.06,1,7607
2024-09-07 16:00:00,26759.55,167963.53,229071.93,1,8327
2024-09-07 17:00:00,19965.91,130624.96,180186.45,1,6740
2024-09-07 18:00:00,24529.86,152408.75,210733.82,1,7526
2024-09-07 19:00:00,26971.74,162634.27,220349.73,1,7878
2024-09-07 20:00:00,23453.02,150267.92,211888.69,1,8272
2024-09-07 21:00:00,20541.73,121383.1,173861.59,1,6636
2024-09-07 22:00:00,25076.3,141136.51,200746.01,1,7540
2024-09-07 23:00:00,29126.27,152374.77,211896.12,1,7729
2024-09-08 00:00:00,22377.24,129544.0,179084.0,1,7023
2024-09-08 01:00:00,15451.14,95521.39,133736.71,1,5709
2024-09-08 02:00:00,11637.26,64961.06,94159.71,1,4265
2024-09-08 03:00:00,9263.56,46897.0,67442.84,1,2939
2024-09-08 04:00:00,6774.75,33844.35,46148.8,1,1708
2024-09-08 05:00:00,4664.07,21789.99,28961.19,1,822
2024-09-08 06:00:00,6329.5,28869.59,38358.97,1,1106
2024-09-08 07:00:00,8619.41,38031.79,51491.67,1,1554
2024-09-08 08:00:00,9131.33,44658.59,62706.72,1,2178
2024-09-08 09:00:00,13609.07,66548.34,93680.68,1,3534
2024-09-08 10:00:00,16320.71,84626.48,120400.06999999999,1,4755
2024-09-08 11:00:00,24830.33,104377.78,147760.05,1,5723
2024-09-08 12:00:00,145904.32,134346.16,187248.8,1,6878
2024-09-08 13:00:00,26268.36,142457.98,197913.38999999998,1,7001
2024-09-08 14:00:00,49160.56,152415.5,209995.88999999998,1,6915
2024-09-08 15:00:00,26853.45,145427.75,202533.93,1,6568
2024-09-08 16:00:00,135244.25,153270.32,212244.38999999998,1,6837
2024-09-08 17:00:00,28102.98,154045.57,213151.03,1,6953
2024-09-08 18:00:00,26878.35,145349.73,201760.24,1,6769
2024-09-08 19:00:00,24705.96,129656.87,179952.24,1,6070
2024-09-08 20:00:00,24257.95,121041.69,173770.06,1,5581
2024-09-08 21:00:00,24275.16,114430.42,163752.5,1,5085
2024-09-08 22:00:00,19590.08,88997.95,126541.06999999999,1,3876
2024-09-08 23:00:00,16533.14,72267.24,101217.15,1,2794
2024-09-09 00:00:00,8571.35,36960.96,51066.81,1,1498
2024-09-09 01:00:00,3726.83,15963.92,21773.1,1,697
2024-09-09 02:00:00,1896.5,8988.68,12548.71,1,426
2024-09-09 03:00:00,1361.31,6240.47,8568.91,1,293
2024-09-09 04:00:00,2529.3,11553.68,15470.67,1,445
2024-09-09 05:00:00,97110.4,23288.08,31566.44,1,928
2024-09-09 06:00:00,11004.85,51179.28,68276.51,1,2309
2024-09-09 07:00:00,16468.49,87298.57,119433.86,1,4534
2024-09-09 08:00:00,186122.61,108940.02,149560.17,1,5656
2024-09-09 09:00:00,17172.96,105069.66,147468.74,1,5302
2024-09-09 10:00:00,17754.96,104014.64,146495.67,1,5087
2024-09-09 11:00:00,17498.15,106329.77,149996.23,1,5268
2024-09-09 12:00:00,20243.7,117915.5,165605.78,1,5729
2024-09-09 13:00:00,22286.44,127720.27,179637.56,1,5991
2024-09-09 14:00:00,26266.03,149893.32,207001.51,1,6610
2024-09-09 15:00:00,86050.85,155489.82,216867.32,1,7084
2024-09-09 16:00:00,25720.38,154522.35,232888.8,1,6935
2024-09-09 17:00:00,25901.22,158572.53,242464.98,1,7890
2024-09-09 18:00:00,25106.62,151616.53,235700.22,1,8186
2024-09-09 19:00:00,21993.71,122379.69,194249.34,1,6986
2024-09-09 20:00:00,24646.73,124960.23,186199.13,1,6881
2024-09-09 21:00:00,24664.71,119238.04,174639.54,1,6418
2024-09-09 22:00:00,17377.64,84837.9,122694.9,1,4451
2024-09-09 23:00:00,13344.01,60390.87,85785.55,1,2691
2024-09-10 00:00:00,7417.7,33763.22,46187.88,1,1519
2024-09-10 01:00:00,3571.08,16307.539999999999,22079.84,1,673
2024-09-10 02:00:00,1000.91,5077.13,7344.71,1,330
2024-09-10 03:00:00,984.25,4579.11,6194.76,1,226
2024-09-10 04:00:00,77353.49,6922.39,9279.99,1,260
2024-09-10 05:00:00,4038.0,18095.32,24584.04,1,732
2024-09-10 06:00:00,8832.56,42100.53,56959.18,1,2188
2024-09-10 07:00:00,122563.14,92874.37,127473.47,1,5112
2024-09-10 08:00:00,17555.62,114335.46,156548.68,1,6049
2024-09-10 09:00:00,18000.95,112768.16,159572.82,1,5833
2024-09-10 10:00:00,15874.97,104806.15,148324.54,1,5463
2024-09-10 11:00:00,16777.41,115297.91,161000.04,1,5676
2024-09-10 12:00:00,18324.44,124795.22,173568.71,1,6016
2024-09-10 13:00:00,21139.9,133912.74,186084.16,1,6102
2024-09-10 14:00:00,22662.27,145252.87,201020.67,1,6684
2024-09-10 15:00:00,23071.05,155266.8,215136.71,1,7157
2024-09-10 16:00:00,126238.13999999998,155212.64,234216.2,1,7274
2024-09-10 17:00:00,24987.63,175373.28,264265.49,1,8719
2024-09-10 18:00:00,24420.98,171452.31,262226.0,1,9071
2024-09-10 19:00:00,25713.71,164405.9,251666.93,1,8527
2024-09-10 20:00:00,28566.2,169710.81,245261.23,1,8879
2024-09-10 21:00:00,106239.84,151695.96,218706.82,1,8029
2024-09-10 22:00:00,22191.7,118177.34,168166.37,1,6214
2024-09-10 23:00:00,18187.29,93746.85,131595.08,1,4968
2024-09-11 00:00:00,9171.95,43314.44,60927.52,1,2135
2024-09-11 01:00:00,3327.55,15733.67,22337.9,1,908
2024-09-11 02:00:00,1512.41,8328.44,11739.32,1,462
2024-09-11 03:00:00,1086.66,5587.1,7884.71,1,291
2024-09-11 04:00:00,1686.76,7956.6900000000005,10948.43,1,336
2024-09-11 05:00:00,4988.56,22110.0,30215.51,1,841
2024-09-11 06:00:00,9609.84,45406.57,61444.78,1,2222
2024-09-11 07:00:00,70338.88,86049.4,116972.24,1,4496
2024-09-11 08:00:00,15300.78,111776.76,152148.94,1,5401
2024-09-11 09:00:00,89489.29,107288.18,149821.81,1,5586
2024-09-11 10:00:00,14138.27,98484.05,139379.93,1,5217
2024-09-11 11:00:00,16120.73,110099.92,156140.82,1,5682
2024-09-11 12:00:00,18603.14,120128.4,169552.16,1,6054
2024-09-11 13:00:00,20696.83,129974.73,183078.33,1,6261
2024-09-11 14:00:00,22380.43,141102.2,197479.27,1,6727
2024-09-11 15:00:00,24363.06,153420.47,214875.71,1,7322
2024-09-11 16:00:00,24419.13,152251.14,231762.22,1,7436
2024-09-11 17:00:00,24019.81,159111.35,245343.69,1,8480
2024-09-11 18:00:00,24205.81,159224.8,250575.99,1,9233
2024-09-11 19:00:00,23845.14,138638.83,219364.9,1,8076
2024-09-11 20:00:00,23892.01,133741.49,200304.37,1,7742
2024-09-11 21:00:00,26036.93,142370.6,209521.44,1,8013
2024-09-11 22:00:00,25468.9,132101.8,190095.41,1,7024
2024-09-11 23:00:00,62232.71,85812.61,123794.56,1,4474
2024-09-12 00:00:00,8822.9,42481.29,61286.99,1,2250
2024-09-12 01:00:00,4875.87,23327.27,32437.24,1,1140
2024-09-12 02:00:00,1931.92,10521.85,14913.61,1,595
2024-09-12 03:00:00,1310.38,6463.15,9139.77,1,392
2024-09-12 04:00:00,2105.89,9655.4,13196.16,1,367
2024-09-12 06:00:00,10115.2,46850.64,63627.8,1,2235
2024-09-12 07:00:00,97130.85,90617.87,125745.56999999999,1,4813
2024-09-12 08:00:00,80806.83,112830.02,156841.45,1,6206
2024-09-12 09:00:00,17875.35,113511.44,159400.2,1,6022
2024-09-12 10:00:00,17138.88,111988.35,159125.83,1,5787
2024-09-12 11:00:00,18818.2,124160.92,173768.05,1,5910
2024-09-12 12:00:00,19555.11,127467.79,179631.2,1,6216
2024-09-12 13:00:00,23148.99,142967.32,201139.07,1,6627
2024-09-12 14:00:00,27467.78,169731.17,235757.75,1,7489
2024-09-12 15:00:00,99167.19000000002,180769.44,250128.69,1,8013
2024-09-12 16:00:00,26480.46,176733.38,264935.36,1,8115
2024-09-12 17:00:00,28193.48,198904.71,299401.2,1,10064
2024-09-12 18:00:00,30073.49,203681.47,311453.13,1,10885
2024-09-12 19:00:00,29392.29,184648.5,284965.74,1,10052
2024-09-12 20:00:00,103063.68000000001,170167.99,249595.43,1,9421
2024-09-12 21:00:00,32712.62,174691.76,253510.13,1,9467
2024-09-12 22:00:00,31729.04,169577.15,244409.91,1,9071
2024-09-12 23:00:00,24924.33,126897.78,181550.64,1,6576
2024-09-13 00:00:00,13945.56,71405.43,100928.72,1,3685
2024-09-13 01:00:00,5867.77,29933.1,43539.45,1,1750
2024-09-13 02:00:00,3095.31,15941.27,23743.36,1,1027
2024-09-13 03:00:00,2180.7,11655.12,16840.14,1,624
2024-09-13 04:00:00,2856.11,13358.48,18522.87,1,561
2024-09-13 05:00:00,4743.93,21759.55,29492.71,1,836
2024-09-13 06:00:00,100062.45,48832.36,65463.95,1,2265
2024-09-13 07:00:00,76036.5,81939.55,111764.02,1,4164
2024-09-13 08:00:00,15383.11,90823.94,125776.22,1,4805
2024-09-13 09:00:00,14897.09,90181.71,127753.14,1,4847
2024-09-13 10:00:00,15953.85,96714.23,138000.32,1,5078
2024-09-13 11:00:00,17217.56,106131.56,150656.74,1,5517
2024-09-13 12:00:00,18701.03,112222.14,158849.71,1,5713
2024-09-13 13:00:00,21268.58,124993.2,173997.23,1,6228
2024-09-13 14:00:00,25502.49,152550.31,212534.27,1,7221
2024-09-13 15:00:00,26410.49,161149.2,223796.22,1,7717
2024-09-13 16:00:00,25885.73,170803.12,254025.68,1,8041
2024-09-13 17:00:00,25905.28,176987.6,264587.86,1,9072
2024-09-13 18:00:00,26251.86,176143.61,267961.69,1,9990
2024-09-13 19:00:00,25251.19,162664.13,245681.49,1,9425
2024-09-13 20:00:00,116372.84000000001,137625.32,199229.92,1,7900
2024-09-13 21:00:00,23185.2,128216.95,187506.37,1,7120
2024-09-13 22:00:00,75336.44,146077.98,209079.71,1,7728
2024-09-13 23:00:00,27756.6,148768.65,208367.93,1,8050
2024-09-14 00:00:00,21024.11,117550.05,167076.92,1,6853
2024-09-14 01:00:00,14967.65,85150.12,123828.46,1,5576
2024-09-14 02:00:00,10965.57,59638.99,87061.0,1,3992
2024-09-14 03:00:00,245276.57,37957.26,54531.33,1,2334
2024-09-14 04:00:00,4102.98,20647.12,28589.5,1,1156
2024-09-14 05:00:00,3612.26,15668.19,21232.92,1,577
2024-09-14 06:00:00,5245.87,23489.55,31698.66,1,1006
2024-09-14 07:00:00,7070.92,33066.79,45160.32,1,1478
2024-09-14 08:00:00,10557.79,50373.9,69661.14,1,2541
2024-09-14 09:00:00,74221.06999999999,65025.6,91765.12,1,3681
2024-09-14 10:00:00,19696.69,78984.39,113423.9,1,4695
2024-09-14 11:00:00,16953.33,94886.64,133948.83,1,5554
2024-09-14 12:00:00,19422.55,116073.69,162959.01,1,6476
2024-09-14 13:00:00,21353.21,124698.09,174195.12,1,6644
2024-09-14 14:00:00,23833.99,135829.31,187795.61,1,6811
2024-09-14 15:00:00,25793.01,153149.9,210078.65,1,7451
2024-09-14 16:00:00,27172.0,165479.22,225389.43,1,8077
2024-09-14 17:00:00,27303.81,166878.37,227776.25,1,8596
2024-09-14 18:00:00,27237.18,171928.42,233332.35,1,8939
2024-09-14 19:00:00,76840.89,165249.14,225447.84,1,8879
2024-09-14 20:00:00,26278.11,154267.63,214511.76,1,7971
2024-09-14 21:00:00,24578.6,145517.52,201803.04,1,7536
2024-09-14 22:00:00,26210.13,160532.48,222282.37,2,8299
2024-09-14 23:00:00,25945.03,159612.91,223164.38,1,8440
2024-09-15 00:00:00,22309.47,133091.32,183573.84,1,7269
2024-09-15 01:00:00,17331.54,97985.02,136070.85,1,5760
2024-09-15 02:00:00,85260.40000000001,70700.56,100190.92,1,4474
2024-09-15 03:00:00,7930.49,41551.81,59449.85,1,2542
2024-09-15 04:00:00,6238.82,30363.86,40841.2,1,1552
2024-09-15 05:00:00,4518.62,18693.25,25037.26,1,720
2024-09-15 06:00:00,6721.96,28354.32,37628.75,1,1072
2024-09-15 07:00:00,8027.5199999999995,34136.02,45915.78,1,1439
2024-09-15 08:00:00,9633.64,44892.92,62283.96,1,2164
2024-09-15 09:00:00,13191.06,64053.03,90076.55,1,3412
2024-09-15 10:00:00,16435.32,85406.62,120868.22,1,4788
2024-09-15 11:00:00,18807.59,100835.21,141178.85,1,5492
2024-09-15 12:00:00,23940.8,132237.86,184605.07,1,6825
2024-09-15 13:00:00,25979.09,145963.26,201583.13999999998,1,7069
2024-09-15 15:00:00,103593.84000000001,155791.43,212886.25,1,6825
2024-09-15 16:00:00,109967.8,169674.92,231088.71,1,7265
2024-09-15 17:00:00,30196.71,173160.54,233194.71,1,7246
2024-09-15 18:00:00,27183.5,158611.44,215726.26,1,7016
2024-09-15 19:00:00,26628.32,142612.15,194984.12,1,6222
2024-09-15 20:00:00,25071.15,129731.76,182578.02,1,5584
2024-09-15 21:00:00,22559.37,110329.61,156444.36,1,4733
2024-09-15 22:00:00,23339.24,106741.97,149232.85,1,4356
2024-09-15 23:00:00,15844.16,71639.13,98784.3,1,2835
2024-09-16 00:00:00,7779.17,33366.45,45912.68,1,1359
2024-09-16 01:00:00,4674.59,18484.31,24772.43,1,704
2024-09-16 02:00:00,1513.53,7538.96,10142.26,1,387
2024-09-16 03:00:00,1519.52,6775.58,9236.18,1,281
2024-09-16 04:00:00,2756.22,11352.78,15285.94,1,430
2024-09-16 05:00:00,5282.81,22292.15,30318.97,1,898
2024-09-16 06:00:00,11225.22,51297.3,68397.03,1,2360
2024-09-16 07:00:00,158249.93,89180.76,121579.21,1,4664
2024-09-16 08:00:00,17899.36,112425.2,153412.61,1,5695
2024-09-16 09:00:00,17371.28,106505.89,149057.99,1,5209
2024-09-16 10:00:00,18631.63,99557.77,141636.71,1,5049
2024-09-16 11:00:00,17804.0,108854.21,153118.13,1,5396
2024-09-16 12:00:00,18720.75,113052.63,159091.07,1,5553
2024-09-16 13:00:00,21871.56,119226.17,168225.02,1,5629
2024-09-16 14:00:00,26133.97,146234.82,205204.95,1,6402
2024-09-16 15:00:00,24823.58,146020.4,204740.65,1,6887
2024-09-16 16:00:00,26013.89,148327.38,225417.05,1,6941
2024-09-16 17:00:00,83191.69,149956.38,233348.9,1,7899
2024-09-16 18:00:00,25257.76,144307.08,230026.92,1,8138
2024-09-16 19:00:00,23678.09,126575.1,200398.23,1,6965
2024-09-16 20:00:00,23591.77,120579.59,179921.47,1,6547
2024-09-16 21:00:00,24204.32,121938.65,178382.95,1,6403
2024-09-16 22:00:00,19385.54,92997.45,135205.31,1,4788
2024-09-16 23:00:00,13615.58,61995.03,88158.39,1,2681
2024-09-17 00:00:00,7533.04,33127.29,45660.88,1,1360
2024-09-17 01:00:00,2456.21,11320.5,15521.62,1,527
2024-09-17 02:00:00,1005.96,4840.96,6990.4,1,308
2024-09-17 03:00:00,1212.31,4927.85,6487.36,1,203
2024-09-17 04:00:00,1428.62,6187.11,8289.1,1,260
2024-09-17 05:00:00,4409.19,18452.28,25154.1,1,754
2024-09-17 06:00:00,85851.48,39452.55,54141.83,1,2015
2024-09-17 07:00:00,15752.81,85711.45,120318.48,1,4731
2024-09-17 08:00:00,133647.4,112882.25,158173.43,1,6235
2024-09-17 09:00:00,271533.51,112652.39,159892.75,1,6120
2024-09-17 10:00:00,16880.94,109663.29,156902.8,1,5937
2024-09-17 11:00:00,17723.97,116629.88,163699.13,1,5925
2024-09-17 12:00:00,18932.11,120663.48,170726.51,1,6053
2024-09-17 13:00:00,21059.88,129507.06,181315.92,1,6276
2024-09-17 14:00:00,24401.9,150305.19,210454.79,1,7077
2024-09-17 15:00:00,24216.0,152206.56,214014.0,1,7423
2024-09-17 16:00:00,26973.45,166361.38,254253.71,1,7982
2024-09-17 17:00:00,26234.25,177988.55,273995.66,1,9465
2024-09-17 18:00:00,25167.95,170819.45,269150.26,1,9996
2024-09-17 19:00:00,26022.12,152794.68,240984.76,1,8863
2024-09-17 20:00:00,60994.46,158844.97,234723.88999999998,1,9159
2024-09-17 21:00:00,31132.06,169614.92,248997.08,1,9430
2024-09-17 22:00:00,27865.1,145757.71,209333.21,1,7903
2024-09-17 23:00:00,18258.63,87458.63,123382.46,1,4284
2024-09-18 00:00:00,7410.54,35789.91,50725.93,1,1769
2024-09-18 01:00:00,2785.1,13590.89,19284.25,1,758
2024-09-18 02:00:00,1118.58,6045.92,8678.68,1,369
2024-09-18 03:00:00,1080.16,5169.12,7320.63,1,273
2024-09-18 04:00:00,1943.19,8795.82,11920.37,1,332
2024-09-18 05:00:00,4834.06,21229.41,28550.18,1,800
2024-09-18 06:00:00,9108.58,42820.11,58248.85,1,2150
2024-09-18 07:00:00,68099.27,93112.03,129163.12,1,5027
2024-09-18 08:00:00,79241.7,125448.61,173918.99,1,6710
2024-09-18 09:00:00,79057.56999999999,113828.46,161377.79,1,6253
2024-09-18 10:00:00,16012.56,105510.52,151328.5,1,5741
2024-09-18 11:00:00,18413.23,122437.26,172088.11,1,6152
2024-09-18 12:00:00,20133.07,135078.56,189813.03,1,6430
2024-09-18 13:00:00,21461.79,139305.95,195824.46,1,6555
2024-09-18 14:00:00,165057.94,155840.2,217485.87,1,7102
2024-09-18 15:00:00,24370.17,159610.94,223976.04,1,7584
2024-09-18 16:00:00,26456.93,169506.97,256840.43,1,7866
2024-09-18 17:00:00,29632.34,205246.93,311943.24,1,10352
2024-09-18 18:00:00,27546.29,189684.67,293553.08,1,10655
2024-09-18 19:00:00,27019.57,165729.2,261224.28,1,9536
2024-09-18 20:00:00,30262.3,163733.24,241778.31,1,9113
2024-09-18 21:00:00,34516.76,183106.06,265851.74,1,9945
2024-09-18 22:00:00,31740.89,166152.36,238481.95,1,8739
2024-09-18 23:00:00,19008.41,94497.25,135730.36,1,4862
2024-09-19 00:00:00,10310.39,47749.29,67507.35,1,2303
2024-09-19 01:00:00,3542.29,17839.07,25112.65,1,996
2024-09-19 02:00:00,1583.74,8405.710000000001,11919.1,1,487
2024-09-19 03:00:00,1346.37,6633.42,9452.17,1,374
2024-09-19 04:00:00,212460.63999999998,10416.95,13893.7,1,371
2024-09-19 05:00:00,5519.33,24242.96,32994.87,1,883
2024-09-19 06:00:00,10370.7,48388.72,65763.18,1,2346
2024-09-19 07:00:00,17759.03,95127.88,130835.06999999999,1,5038
2024-09-19 08:00:00,18583.08,118903.47,165207.44,1,6525
2024-09-19 09:00:00,17897.29,115862.95,162379.6,1,6157
2024-09-19 10:00:00,17268.9,111906.37,158167.16,1,5773
2024-09-19 11:00:00,18912.53,125444.9,176928.88,1,6231
2024-09-19 12:00:00,20403.13,134086.14,189172.93,1,6493
2024-09-19 13:00:00,146496.26,146336.51,205087.88999999998,1,6948
2024-09-19 14:00:00,28625.86,176544.36,246948.91,1,7831
2024-09-19 15:00:00,27915.63,184966.47,257175.61,1,8218
2024-09-19 16:00:00,29603.11,204467.28,302678.34,1,9074
2024-09-19 17:00:00,28743.61,210819.06,315256.78,1,10510
2024-09-19 18:00:00,29963.33,210894.41,320921.51,1,11022
2024-09-19 19:00:00,116260.61,187284.51,285922.8,1,10149
2024-09-19 20:00:00,32267.13,182058.37,264704.58,1,9796
2024-09-19 21:00:00,31052.73,176482.46,256052.17,1,9322
2024-09-19 22:00:00,33929.08,180687.11,257807.0,1,9180
2024-09-19 23:00:00,26941.36,136341.73,192694.9,1,6751
2024-09-20 00:00:00,14119.18,72139.38,103925.51,1,3911
2024-09-20 01:00:00,6632.4800000000005,33310.18,48600.53,1,1813
2024-09-20 02:00:00,3115.51,16208.01,23569.06,1,1012
2024-09-20 03:00:00,2106.11,10449.69,15152.72,1,576
2024-09-20 04:00:00,3318.63,14247.51,19802.06,1,562
2024-09-20 05:00:00,6485.17,28703.01,38638.61,1,1052
2024-09-20 06:00:00,11697.54,53308.63,71197.06,1,2351
2024-09-20 07:00:00,16146.61,85004.35,115842.92,1,4409
2024-09-20 08:00:00,17323.26,102137.83,141402.87,1,5390
2024-09-20 09:00:00,70666.15,96964.56,136880.97,1,5226
2024-09-20 10:00:00,16442.27,100758.51,143042.42,1,5205
2024-09-20 11:00:00,19525.83,118945.79,166731.98,1,5722
2024-09-20 12:00:00,19957.28,123438.73,173418.6,1,6061
2024-09-20 13:00:00,23096.92,138272.53,193110.5,1,6619
2024-09-20 14:00:00,27215.51,166823.62,231181.61,1,7716
2024-09-20 15:00:00,27158.48,175671.85,241873.54,1,8188
2024-09-20 16:00:00,26527.43,175065.55,261934.06,1,8158
2024-09-20 17:00:00,228125.84000000003,184649.36,279528.09,1,9553
2024-09-20 18:00:00,27750.06,190997.02,289795.83,1,10487
2024-09-20 19:00:00,126688.7,171871.52,259825.51,1,9405
2024-09-20 20:00:00,26147.37,146034.95,209871.99,1,7697
2024-09-20 21:00:00,27597.3,153398.08,221330.51,1,7738
2024-09-20 22:00:00,28959.64,163927.31,233293.9,1,8253
2024-09-20 23:00:00,29697.14,161763.12,227837.71,1,8343
2024-09-21 00:00:00,23157.59,127136.94,178997.21,1,7217
2024-09-21 01:00:00,14817.07,84399.32,122845.36,1,5403
2024-09-21 02:00:00,11353.91,62325.7,90823.91,1,4036
2024-09-21 03:00:00,7289.22,38311.54,55555.11,1,2510
2024-09-21 04:00:00,4652.57,22843.42,31272.08,1,1256
2024-09-21 05:00:00,3797.38,16431.51,21999.54,1,621
2024-09-21 06:00:00,5909.27,25606.95,33922.72,1,1042
2024-09-21 07:00:00,7775.32,35015.77,47887.72,1,1640
2024-09-21 08:00:00,9842.65,50247.12,70974.96,1,2684
2024-09-21 09:00:00,12619.57,68388.78,97257.5,1,4070
2024-09-21 10:00:00,15852.26,89549.4,127629.54,1,5223
2024-09-21 11:00:00,93882.46,104524.29,146775.91,1,5678
2024-09-21 12:00:00,161934.96,134041.45,184600.97,1,6591
2024-09-21 13:00:00,23238.07,143491.61,196414.56,1,6982
2024-09-21 14:00:00,24075.11,149162.79,204810.91,1,7056
2024-09-21 15:00:00,26055.91,155867.2,214944.09,1,7282
2024-09-21 16:00:00,28551.31,173839.13,236657.55,1,8025
2024-09-21 17:00:00,28281.5,179773.08,243440.8,1,8598
2024-09-21 18:00:00,27837.66,179686.33,245614.23,1,9444
2024-09-21 19:00:00,98237.48,186028.91,251391.38,1,9561
2024-09-21 20:00:00,27239.23,162955.07,226378.42,1,8302
2024-09-21 21:00:00,24241.09,147217.82,209985.11,1,7706
2024-09-21 22:00:00,132153.78,170194.06,237716.88,1,8465
2024-09-21 23:00:00,29709.08,173789.47,239037.7,1,8489
2024-09-22 00:00:00,23933.42,138046.0,193434.75,1,7381
2024-09-22 01:00:00,17977.19,99702.22,141928.36,1,6096
2024-09-22 02:00:00,12453.61,67337.2,97040.24,1,4304
2024-09-22 03:00:00,8429.56,44682.35,63772.27,1,2713
2024-09-22 04:00:00,6347.72,30504.29,42300.78,1,1616
2024-09-22 05:00:00,4217.46,18591.51,24813.59,1,699
2024-09-22 06:00:00,6915.87,29226.68,38531.39,1,1117
2024-09-22 07:00:00,9191.82,40985.08,55355.51,1,1735
2024-09-22 08:00:00,10934.97,52116.65,72983.22,1,2585
2024-09-22 09:00:00,13356.76,65031.76,91826.83,1,3612
2024-09-22 10:00:00,16426.95,86439.02,124033.43,1,4732
2024-09-22 11:00:00,97582.01999999999,105092.07,149359.29,1,5563
2024-09-22 12:00:00,22760.58,130556.09,182994.97,1,6446
2024-09-22 13:00:00,28705.99,160729.37,222024.08,1,6973
2024-09-22 14:00:00,34171.58,164069.31,225594.2,1,7100
2024-09-22 15:00:00,29711.2,168710.95,232229.12,1,7003
2024-09-22 16:00:00,28334.36,167316.49,230587.03,1,6967
2024-09-22 17:00:00,27441.98,164740.65,226714.38999999998,1,7363
2024-09-22 18:00:00,30474.49,174659.91,240919.69,1,7831
2024-09-22 19:00:00,26456.91,144001.75,200670.47,1,6604
2024-09-22 20:00:00,23592.05,121093.93,173962.09,1,5506
2024-09-22 21:00:00,26115.88,129290.95,185169.41,1,5566
2024-09-22 22:00:00,19972.93,96580.99,138431.13999999998,1,4360
2024-09-22 23:00:00,17544.52,76638.36,108206.73,1,2918
2024-09-23 00:00:00,10055.31,42125.56,57256.77,1,1576
2024-09-23 01:00:00,3194.64,13685.77,18529.03,1,605
2024-09-23 02:00:00,1197.84,5831.24,8017.28,1,302
2024-09-23 03:00:00,1389.51,5887.81,7780.19,1,233
2024-09-23 04:00:00,2432.12,10296.39,13592.83,1,363
2024-09-23 05:00:00,5950.69,25235.89,34077.05,1,940
2024-09-23 06:00:00,11667.0,53910.43,72063.54,1,2473
2024-09-23 07:00:00,176316.44,91232.02,125600.81999999999,1,4656
2024-09-23 08:00:00,198758.25000000003,111734.64,153779.29,1,5556
2024-09-23 09:00:00,71300.29,105807.14,148349.79,1,5199
2024-09-23 10:00:00,18794.28,110773.24,155143.78,1,5152
2024-09-23 11:00:00,17737.34,110426.76,154303.55,1,5088
2024-09-23 12:00:00,18208.24,118736.64,166186.66,1,5589
2024-09-23 13:00:00,23426.86,139835.04,194576.46,1,6036
2024-09-23 14:00:00,25315.22,151473.56,210148.4,1,6609
2024-09-23 15:00:00,24868.84,158006.11,221167.88,1,7166
2024-09-23 16:00:00,110681.70999999999,170279.81,249637.61,1,6980
2024-09-23 17:00:00,22875.61,161310.44,241396.28,1,7552
2024-09-23 18:00:00,24265.31,161499.81,247164.19,1,8245
2024-09-23 19:00:00,23551.54,136450.34,209564.72,1,6920
2024-09-23 20:00:00,25723.7,138092.14,203970.81,1,7420
2024-09-23 21:00:00,179409.34000000003,136793.3,200198.62,1,7453
2024-09-23 22:00:00,21322.6,110018.05,159685.24,1,5803
2024-09-23 23:00:00,18167.89,82398.27,116522.02,1,3724
2024-09-24 00:00:00,7418.26,35293.97,49593.35,1,1627
2024-09-24 01:00:00,3468.58,14793.65,20601.96,1,690
2024-09-24 02:00:00,912.96,4786.79,6820.0,1,292
2024-09-24 03:00:00,638.71,2873.21,4165.85,1,159
2024-09-24 04:00:00,1559.45,7477.54,10088.38,1,259
2024-09-24 05:00:00,4093.77,17947.5,24556.34,1,757
2024-09-24 06:00:00,9564.4,45091.4,60915.2,1,2189
2024-09-24 07:00:00,13668.42,81078.21,112633.58,1,4405
2024-09-24 08:00:00,63512.7,106614.48,147354.26,1,5509
2024-09-24 09:00:00,15611.14,106416.52,148386.18,1,5217
2024-09-24 10:00:00,15640.8,105303.35,147715.65,1,4895
2024-09-24 11:00:00,16379.29,111987.08,155614.97,1,5294
2024-09-24 12:00:00,16827.9,116568.74,161594.12,1,5468
2024-09-24 13:00:00,19584.13,123698.86,172665.92,1,5590
2024-09-24 14:00:00,22093.48,137948.61,191423.53,1,6059
2024-09-24 15:00:00,22210.89,150680.61,208071.1,1,6630
2024-09-24 16:00:00,24108.55,153533.97,228668.59,1,6476
2024-09-24 17:00:00,95239.43000000001,172445.86,258063.22,1,8106
2024-09-24 18:00:00,24321.21,177045.03,268766.71,1,9190
2024-09-24 19:00:00,25472.52,163215.89,248871.99,1,8405
2024-09-24 20:00:00,27299.62,158203.72,229265.35,1,8013
2024-09-24 21:00:00,28229.51,158770.81,230263.76,1,8631
2024-09-24 22:00:00,26834.23,143489.63,206377.04,1,7624
2024-09-24 23:00:00,18956.77,96668.09,138111.76,1,4797
2024-09-25 00:00:00,8891.94,42263.76,59319.979999999996,1,2041
2024-09-25 01:00:00,2777.36,13519.97,19581.03,1,778
2024-09-25 02:00:00,1082.54,5584.39,8082.99,1,351
2024-09-25 03:00:00,1303.04,6360.16,8528.51,1,279
2024-09-25 04:00:00,2037.6200000000001,8493.14,11500.22,1,303
2024-09-25 05:00:00,4276.37,18721.07,25647.82,1,744
2024-09-25 06:00:00,9307.49,45231.23,61604.07,1,2242
2024-09-25 07:00:00,173145.31,93430.19,127333.28,1,4713
2024-09-25 08:00:00,16198.59,106769.54,147951.41,1,5577
2024-09-25 09:00:00,15653.44,105876.35,149416.52,1,5328
2024-09-25 10:00:00,14491.51,107732.44,149414.62,1,4909
2024-09-25 11:00:00,17028.86,119228.98,165442.02,1,5238
2024-09-25 12:00:00,18211.07,125151.07,173682.2,1,5473
2024-09-25 13:00:00,80514.55,133449.44,185236.6,1,5873
2024-09-25 14:00:00,23968.31,147699.93,205356.45,1,6511
2024-09-25 15:00:00,29456.1,156571.96,218293.22,1,6829
2024-09-25 16:00:00,131576.71,169750.36,252613.06,1,7377
2024-09-25 17:00:00,25660.86,184863.13,275503.34,1,8517
2024-09-25 18:00:00,110666.29,182006.73,279741.73,1,9417
2024-09-25 19:00:00,27126.76,175392.21,267797.01,1,9036
2024-09-25 20:00:00,30081.44,170309.82,249367.78,1,9149
2024-09-25 21:00:00,28449.8,159908.38,237356.13999999998,1,9044
2024-09-25 22:00:00,76622.51,157496.55,228096.03,1,8447
2024-09-25 23:00:00,24715.63,120970.33,171151.52,1,5985
2024-09-26 00:00:00,11621.53,54922.08,78179.45,1,2776
2024-09-26 01:00:00,5344.09,25224.18,35432.74,1,1220
2024-09-26 02:00:00,2238.83,10996.55,15436.78,1,602
2024-09-26 03:00:00,1377.28,6664.64,9758.98,1,370
2024-09-26 04:00:00,2117.78,10386.97,14660.51,1,412
2024-09-26 05:00:00,71455.84,22587.5,31354.99,1,876
2024-09-26 06:00:00,8981.84,46614.96,64514.78,1,2318
2024-09-26 07:00:00,64599.03,91445.31,126647.38,1,4785
2024-09-26 08:00:00,18137.02,115794.43,161111.17,1,5998
2024-09-26 09:00:00,17537.14,111855.78,157759.8,1,5786
2024-09-26 10:00:00,17580.26,121493.65,171819.4,1,6181
2024-09-26 11:00:00,69580.63,127826.88,178476.77,1,5930
2024-09-26 12:00:00,19530.06,132943.44,184769.95,1,5985
2024-09-26 13:00:00,20774.97,136617.78,190293.17,1,6173
2024-09-26 14:00:00,24867.67,160959.1,224823.83,1,7122
2024-09-26 15:00:00,26422.37,171954.87,239086.57,1,7416
2024-09-26 16:00:00,28129.68,187948.31,278918.82,1,7889
2024-09-26 17:00:00,28368.75,203824.54,305676.7,1,9568
2024-09-26 18:00:00,28950.73,197828.54,301681.87,1,9875
2024-09-26 19:00:00,27056.63,180354.04,275078.68,1,9100
2024-09-26 20:00:00,29245.53,178946.93,257578.87,1,8575
2024-09-26 21:00:00,31859.079999999998,184905.77,266301.05,1,8941
2024-09-26 22:00:00,29243.81,162981.14,236596.63,1,8178
2024-09-26 23:00:00,25498.7,133398.22,192612.27,1,6737
2024-09-27 00:00:00,16591.75,84415.21,120546.08,1,4406
2024-09-27 01:00:00,7350.45,35131.28,51062.95,1,2002
2024-09-27 02:00:00,2707.83,14863.0,22749.13,1,1059
2024-09-27 03:00:00,2006.19,10346.29,15241.27,1,614
2024-09-27 04:00:00,2809.66,12899.61,17931.61,1,521
2024-09-27 05:00:00,4293.84,18844.23,25890.19,1,740
2024-09-27 06:00:00,8992.02,43636.8,58347.53,1,1812
2024-09-27 07:00:00,105716.69,84346.71,116132.31999999999,1,4012
2024-09-27 08:00:00,15591.19,92901.37,128726.23,1,4805
2024-09-27 09:00:00,14010.44,85166.27,120687.9,1,4511
2024-09-27 10:00:00,14993.94,92228.0,131764.97,1,4798
2024-09-27 11:00:00,17166.19,108586.83,152592.65,1,5255
2024-09-27 12:00:00,19303.14,117455.86,164907.07,1,5805
2024-09-27 13:00:00,21320.48,126392.01,176368.59,1,5988
2024-09-27 14:00:00,25734.33,152519.08,212360.7,1,7006
2024-09-27 15:00:00,27140.24,168531.79,234299.31,1,7893
2024-09-27 16:00:00,26529.06,164612.71,247737.33,1,7660
2024-09-27 17:00:00,27114.12,173004.02,265161.05,1,8850
2024-09-27 18:00:00,27662.76,163002.29,251793.58,1,9327
2024-09-27 19:00:00,24554.67,153638.21,237006.01,1,8566
2024-09-27 20:00:00,22946.18,128441.3,186863.46,1,6728
2024-09-27 21:00:00,102124.64,131880.19,193420.69,1,6832
2024-09-27 22:00:00,24762.48,139302.57,204277.55,1,7484
2024-09-27 23:00:00,24349.96,136659.52,199376.74,1,7716
2024-09-28 00:00:00,22365.83,123696.67,178973.9,1,7284
2024-09-28 01:00:00,14853.94,83171.14,122352.22,1,5404
2024-09-28 02:00:00,10490.93,58995.72,88035.29,1,3996
2024-09-28 03:00:00,7219.67,38469.7,56153.99,1,2443
2024-09-28 04:00:00,4679.03,23471.74,33154.64,1,1310
2024-09-28 05:00:00,3359.5099999999998,14927.98,20473.17,1,587
2024-09-28 06:00:00,5669.85,25727.97,34606.19,1,1120
2024-09-28 07:00:00,7503.37,35340.5,48682.39,1,1698
2024-09-28 08:00:00,9905.8,50819.5,71453.65,1,2773
2024-09-28 09:00:00,12330.74,68709.24,97922.87,1,3983
2024-09-28 10:00:00,14072.53,80720.0,115644.98,1,4787
2024-09-28 11:00:00,16318.72,98115.3,140835.86,1,5802
2024-09-28 12:00:00,18966.14,118533.68,169697.29,1,6971
2024-09-28 13:00:00,23530.57,151654.19,211522.68,1,8421
2024-09-28 14:00:00,179403.83,153962.92,215055.75,1,8288
2024-09-28 15:00:00,27056.7,173416.94,240404.98,1,8871
2024-09-28 16:00:00,73121.86,172043.18,235585.35,1,8496
2024-09-28 17:00:00,26593.27,176356.55,242536.6,1,9208
2024-09-28 18:00:00,28143.7,195131.47,269638.77,1,10332
2024-09-28 19:00:00,27607.97,180405.31,246527.63999999998,1,9560
2024-09-28 20:00:00,30578.649999999998,130975.71,185612.72,1,6964
2024-09-28 21:00:00,21087.95,125524.21,182907.67,1,6842
2024-09-28 22:00:00,25448.83,157211.7,223426.97,1,8334
2024-09-28 23:00:00,28076.03,167967.6,236423.42,1,8919
2024-09-29 00:00:00,21045.26,118923.2,171210.4,1,6983
2024-09-29 01:00:00,17701.45,101076.34,144962.98,1,6306
2024-09-29 02:00:00,12020.08,69077.63,97800.38,1,4416
2024-09-29 03:00:00,71099.01,44471.31,63657.02,1,2825
2024-09-29 04:00:00,6129.34,29733.99,40622.87,1,1618
2024-09-29 05:00:00,4559.12,20937.5,28215.65,1,726
2024-09-29 06:00:00,6442.41,28047.5,37097.94,1,1162
2024-09-29 07:00:00,8681.39,38765.9,52543.95,1,1557
2024-09-29 08:00:00,10430.18,50198.07,69659.7,1,2566
2024-09-29 09:00:00,13428.46,71181.43,100891.87,1,4336
2024-09-29 10:00:00,16411.42,94386.01,135751.25,1,5806
2024-09-29 11:00:00,21926.0,129917.38,183112.92,1,7684
2024-09-29 12:00:00,25780.28,151917.83,213775.47,1,8437
2024-09-29 13:00:00,28491.2,164018.91,232252.09,1,8406
2024-09-29 14:00:00,28641.44,168519.02,235000.27,1,8267
2024-09-29 15:00:00,27138.21,152204.66,211163.79,1,6988
2024-09-29 16:00:00,25613.67,143657.79,201452.94,1,6673
2024-09-29 17:00:00,27014.45,149564.36,210084.75,1,7220
2024-09-29 18:00:00,24872.92,140470.83,194450.13999999998,1,6907
2024-09-29 19:00:00,22650.35,116880.2,163494.2,1,5372
2024-09-29 20:00:00,21391.19,102843.94,149692.13999999998,1,4506
2024-09-29 21:00:00,20853.2,98281.54,143469.34,1,4397
2024-09-29 22:00:00,21044.26,96438.67,138415.41,1,3930
2024-09-29 23:00:00,16243.84,69597.71,98697.58,1,2516
2024-09-30 00:00:00,8353.66,37149.06,50581.69,1,1420
2024-09-30 01:00:00,4484.72,19502.1,26331.18,1,715
2024-09-30 02:00:00,1131.75,5378.51,7544.61,1,286
2024-09-30 03:00:00,978.02,4185.3,5836.17,1,214
2024-09-30 04:00:00,2457.66,10919.73,14687.0,1,394
2024-09-30 05:00:00,86187.76999999999,25502.16,34124.64,1,892
2024-09-30 06:00:00,12509.34,54910.45,73104.45,1,2311
2024-09-30 07:00:00,16415.04,86453.84,118962.63,1,4393
2024-09-30 08:00:00,18163.51,105673.64,147056.26,1,5365
2024-09-30 09:00:00,17139.31,100726.05,142327.45,1,5027
2024-09-30 10:00:00,17204.29,101906.58,144299.47,1,5110
2024-09-30 11:00:00,17518.89,106095.88,150076.41,1,5230
2024-09-30 12:00:00,18493.38,109348.96,154412.81,1,5432
2024-09-30 13:00:00,23492.28,129740.33,182284.5,1,5856
2024-09-30 14:00:00,24116.11,137555.95,193413.85,1,6357
2024-09-30 15:00:00,141388.55,149426.82,209977.82,1,6775
2024-09-30 16:00:00,25519.29,145619.62,223230.87,1,6700
2024-09-30 17:00:00,25935.87,147288.4,229043.18,1,7447
2024-09-30 18:00:00,23423.28,133102.73,212845.83,1,7508
2024-09-30 19:00:00,23810.94,126083.96,200811.15,1,7015
2024-09-30 20:00:00,24270.69,121688.79,181501.52,1,6526
2024-09-30 21:00:00,23140.81,117204.87,175024.99,1,6161
2024-09-30 22:00:00,18830.01,93627.79,136545.73,1,4809
2024-09-30 23:00:00,14308.38,63246.08,89891.49,1,2790
2024-10-01 05:00:00,1.83,12.8,19.58,1,1
2024-10-01 06:00:00,2.65,17.0,24.15,1,1
2024-10-01 07:00:00,5.22,28.2,38.2,1,1
2024-10-01 08:00:00,4.37,31.9,48.76,1,2
2024-10-01 09:00:00,3.32,31.4,48.58,1,3
2024-10-01 16:00:00,10.59,51.3,71.31,1,1
2024-10-01 18:00:00,21.400000000000002,90.5,131.73000000000002,1,2
2024-10-01 19:00:00,2.24,16.5,35.400000000000006,1,2
2024-10-01 20:00:00,3.01,18.4,28.08,1,1
2024-10-01 21:00:00,16.99,70.0,97.13,1,1
2024-09-30 23:00:00,94.02,390.7,507.7,2,12
2024-10-01 00:00:00,6218.67,27169.21,38000.14,1,1232
2024-10-01 01:00:00,2349.31,10775.68,15162.21,1,536
2024-10-01 02:00:00,864.19,4249.11,6133.7,1,258
2024-10-01 03:00:00,939.71,4717.28,6429.96,1,215
2024-10-01 04:00:00,1684.66,7870.07,10580.08,1,269
2024-10-01 05:00:00,4360.18,18824.42,25604.9,1,747
2024-10-01 06:00:00,8283.77,40342.3,54879.79,1,1978
2024-10-01 07:00:00,14394.04,81286.02,113897.61,1,4362
2024-10-01 08:00:00,17101.68,109191.91,151918.27,1,5837
2024-10-01 09:00:00,16623.3,107107.89,153006.12,1,5875
2024-10-01 10:00:00,15768.6,102136.8,145961.44,1,5454
2024-10-01 11:00:00,15465.89,103267.94,146363.03,1,5464
2024-10-01 12:00:00,17681.46,115416.17,163152.03,1,6024
2024-10-01 13:00:00,20291.65,124401.62,175831.38999999998,1,6253
2024-10-01 14:00:00,22394.64,137889.81,193013.52,1,6650
2024-10-01 15:00:00,24444.28,150264.14,211732.47,1,7180
2024-10-01 16:00:00,23767.97,144613.64,221514.04,1,6953
2024-10-01 17:00:00,25045.93,162744.95,253686.05,1,8661
2024-10-01 18:00:00,26357.98,166950.32,262690.67,1,9586
2024-10-01 19:00:00,25459.53,144645.84,229123.76,1,8131
2024-10-01 20:00:00,26396.8,142269.2,212623.88999999998,1,8237
2024-10-01 21:00:00,27928.85,147607.48,217828.08,1,8383
2024-10-01 22:00:00,23052.6,117043.77,172129.86,1,6591
2024-10-01 23:00:00,16104.88,79197.9,115650.55,1,4242
2024-10-02 00:00:00,7076.98,34545.16,49642.44,1,1854
2024-10-02 01:00:00,2875.7,14042.8,19709.01,1,708
2024-10-02 02:00:00,1107.94,5965.54,8552.82,1,376
2024-10-02 03:00:00,1289.86,5932.82,8150.98,1,266
2024-10-02 04:00:00,1823.15,8456.36,11258.84,1,320
2024-10-02 05:00:00,4115.57,17876.51,24927.27,1,715
2024-10-02 06:00:00,8896.43,42384.87,57792.64,1,2060
2024-10-02 07:00:00,14750.04,80614.38,111900.82,1,4517
2024-10-02 08:00:00,156243.38,104188.57,146885.71,1,5856
2024-10-02 09:00:00,15910.38,101059.75,144317.17,1,5708
2024-10-02 10:00:00,16080.9,103149.54,147638.76,1,5573
2024-10-02 11:00:00,17279.93,111406.74,158183.19,1,5825
2024-10-02 12:00:00,88616.93000000001,119033.49,167802.68,1,5988
2024-10-02 13:00:00,21301.11,129777.41,183636.37,1,6339
2024-10-02 14:00:00,23040.86,137823.31,193866.69,1,6506
2024-10-02 15:00:00,25974.93,155985.41,220176.98,1,7402
2024-10-02 16:00:00,24099.23,152596.97,232209.13,1,7256
2024-10-02 17:00:00,25051.14,163843.02,251669.93,1,8466
2024-10-02 18:00:00,22295.04,144029.41,228788.35,1,8415
2024-10-02 19:00:00,21689.31,125552.41,199958.68,1,7119
2024-10-02 20:00:00,21432.48,115630.89,172616.56,1,6249
2024-10-02 21:00:00,23456.87,126298.81,188519.04,1,6998
2024-10-02 22:00:00,20864.62,108268.77,159317.12,1,5771
2024-10-02 23:00:00,14674.81,73752.05,107431.4,1,3619
2024-10-03 00:00:00,7387.58,36205.0,51486.09,1,1767
2024-10-03 01:00:00,3253.54,15560.44,22250.78,1,807
2024-10-03 02:00:00,1329.63,7120.64,10358.64,1,451
2024-10-03 03:00:00,1153.88,5814.71,8277.31,1,318
2024-10-03 04:00:00,2219.38,10059.75,13722.96,1,374
2024-10-03 05:00:00,4321.43,18087.85,24592.25,1,672
2024-10-03 07:00:00,10525.76,53980.61,75880.77,1,2932
2024-10-03 08:00:00,13766.31,79024.85,113420.15,1,4646
2024-10-03 09:00:00,15375.72,93257.3,134642.86,1,5487
2024-10-03 10:00:00,16235.82,96149.85,139345.91,1,5608
2024-10-03 11:00:00,16063.85,98306.88,140837.45,1,5514
2024-10-03 12:00:00,19128.52,114870.79,163997.97,1,6119
2024-10-03 13:00:00,21926.67,124563.17,178594.8,1,6648
2024-10-03 14:00:00,24862.85,137689.49,196352.99,1,6769
2024-10-03 15:00:00,25166.39,137657.14,195776.0,1,6666
2024-10-03 16:00:00,24651.39,139615.75,215268.27,1,6869
2024-10-03 17:00:00,23922.95,138030.0,217131.16,1,7416
2024-10-03 18:00:00,22388.63,131530.35,211113.12,1,7757
2024-10-03 19:00:00,20591.9,114629.79,182565.64,1,6601
2024-10-03 20:00:00,23372.59,122674.76,182029.15,1,6503
2024-10-03 21:00:00,84739.03,120698.95,178914.91,1,6481
2024-10-03 22:00:00,21631.0,114492.0,169240.33,1,6326
2024-10-03 23:00:00,17207.57,85336.93,125234.02,1,4448
2024-10-04 00:00:00,9556.12,48811.66,71191.12,1,2844
2024-10-04 01:00:00,4517.42,23675.25,35065.68,1,1485
2024-10-04 02:00:00,2342.63,13057.61,19504.8,1,861
2024-10-04 03:00:00,1919.49,9777.44,14105.49,1,584
2024-10-04 04:00:00,2184.03,10184.13,14098.13,1,484
2024-10-04 05:00:00,5063.54,21697.579999999998,29656.46,1,804
2024-10-04 06:00:00,8267.95,37630.36,50984.05,1,1727
2024-10-04 07:00:00,10936.86,56025.29,78235.02,1,2938
2024-10-04 08:00:00,11703.72,65063.35,92430.66,1,3619
2024-10-04 09:00:00,45820.29,85881.75,122066.42,1,4562
2024-10-04 10:00:00,16458.05,94043.1,134114.35,1,5051
2024-10-04 11:00:00,17004.69,101623.41,143641.21,1,5297
2024-10-04 12:00:00,19368.38,112603.82,159435.49,1,5718
2024-10-04 13:00:00,21572.16,122385.22,173977.15,1,6224
2024-10-04 14:00:00,25265.27,139683.34,197847.11,1,6734
2024-10-04 15:00:00,24797.54,141439.79,201103.58,1,6918
2024-10-04 16:00:00,25185.08,140571.08,215618.8,1,6868
2024-10-04 17:00:00,22822.43,135647.17,212757.08,1,7469
2024-10-04 18:00:00,23377.38,144702.66,224941.27,1,8159
2024-10-04 19:00:00,244247.55,132010.27,205948.56,1,7498
2024-10-04 20:00:00,20930.9,116014.64,170460.98,1,6182
2024-10-04 21:00:00,20437.49,116459.1,171706.74,1,6313
2024-10-04 22:00:00,21767.79,126277.59,184885.77,1,6902
2024-10-04 23:00:00,23706.53,132483.53,190569.09,1,7190
2024-10-05 00:00:00,17711.79,104433.01,149791.47,1,6217
2024-10-05 01:00:00,12825.32,75963.8,112277.24,1,5149
2024-10-05 02:00:00,9538.89,54369.5,80528.02,1,3715
2024-10-05 03:00:00,6191.02,32710.76,48265.11,1,2234
2024-10-05 04:00:00,3829.44,19565.63,27301.59,1,1069
2024-10-05 05:00:00,3278.99,14950.85,20153.59,1,602
2024-10-05 06:00:00,5497.58,24633.07,32656.65,1,1063
2024-10-05 07:00:00,6614.44,32285.51,44239.44,1,1487
2024-10-05 08:00:00,8688.960000000001,43959.98,61726.73,1,2387
2024-10-05 09:00:00,11803.57,62754.91,89363.3,1,3590
2024-10-05 10:00:00,14454.6,80900.51,115762.63,1,4651
2024-10-05 11:00:00,15345.64,93053.69,131787.03,1,5237
2024-10-05 12:00:00,18366.49,115876.92,161679.8,1,5940
2024-10-05 13:00:00,25705.63,124737.4,172329.84,1,5909
2024-10-05 14:00:00,22170.54,132109.93,183056.04,1,6179
2024-10-05 15:00:00,24524.71,145292.1,201646.55,1,6700
2024-10-05 16:00:00,24542.59,151081.16,209195.05,1,7349
2024-10-05 17:00:00,23497.84,147558.92,203818.08,1,7560
2024-10-05 18:00:00,25052.51,154810.79,214140.02,1,8414
2024-10-05 19:00:00,25335.55,158437.72,217203.02,1,8511
2024-10-05 20:00:00,22870.18,128630.64,182500.32,1,6713
2024-10-05 21:00:00,22057.62,123316.05,179002.45,1,6682
2024-10-05 22:00:00,25423.14,149970.64,216413.12,1,8346
2024-10-05 23:00:00,63026.340000000004,160086.71,226995.41,1,8739
2024-10-06 00:00:00,21292.49,121223.37,173787.69,1,7341
2024-10-06 01:00:00,16715.17,96465.9,138126.17,1,6247
2024-10-06 02:00:00,10470.47,61335.65,88773.76,1,3980
2024-10-06 03:00:00,6566.48,35853.69,52238.44,1,2210
2024-10-06 04:00:00,5061.52,25391.59,35321.43,1,1232
2024-10-06 05:00:00,5246.71,23218.99,30692.97,1,702
2024-10-06 06:00:00,6552.2699999999995,29112.74,38638.52,1,983
2024-10-06 07:00:00,8043.48,36668.39,49847.01,1,1435
2024-10-06 08:00:00,87850.04999999999,46956.27,65010.31,1,2165
2024-10-06 09:00:00,13487.59,68401.76,96636.35,1,3503
2024-10-06 10:00:00,16225.29,84954.73,121093.69,1,4579
2024-10-06 11:00:00,17561.77,95352.48,135958.73,1,5078
2024-10-06 12:00:00,21787.21,122105.71,171435.69,1,5730
2024-10-06 13:00:00,25599.43,143622.39,198825.8,1,6102
2024-10-06 14:00:00,25950.46,147200.86,204078.73,1,6104
2024-10-06 15:00:00,41618.06,144189.12,197616.63,1,5800
2024-10-06 16:00:00,27240.91,153497.77,211765.17,1,6215
2024-10-06 17:00:00,26581.21,150809.93,208022.08,1,6340
2024-10-06 18:00:00,25415.32,140580.01,195592.99,1,6469
2024-10-06 19:00:00,21616.91,116870.3,163507.71,1,5719
2024-10-06 20:00:00,20017.79,101834.35,148434.97,1,4839
2024-10-06 21:00:00,22056.5,106058.33,155371.35,1,4750
2024-10-06 22:00:00,19661.92,91712.86,131468.0,1,3855
2024-10-06 23:00:00,13325.35,58059.15,81771.75,1,2249
2024-10-07 00:00:00,8446.38,36384.2,52215.56,1,1451
2024-10-07 01:00:00,4849.42,19866.25,26716.93,1,723
2024-10-07 02:00:00,1803.12,8380.07,11204.76,1,348
2024-10-07 03:00:00,1416.06,6067.13,8014.21,1,236
2024-10-07 04:00:00,2215.75,10394.83,14047.86,1,344
2024-10-07 05:00:00,5513.32,23326.01,31412.12,1,847
2024-10-07 06:00:00,9424.8,43609.42,58746.3,1,2107
2024-10-07 07:00:00,78654.89,79198.19,110539.26,1,4227
2024-10-07 08:00:00,18425.01,108716.6,151742.85,1,5506
2024-10-07 09:00:00,17694.65,102327.35,145409.06,1,5236
2024-10-07 10:00:00,23192.25,104432.53,148411.57,1,5159
2024-10-07 11:00:00,17274.05,102966.54,145497.27,1,4995
2024-10-07 12:00:00,20793.29,122205.76,172192.18,1,5715
2024-10-07 13:00:00,21616.77,126934.12,177676.47,1,5637
2024-10-07 14:00:00,25450.6,144366.62,201893.67,1,6288
2024-10-07 15:00:00,25887.66,148002.25,208429.66,1,6605
2024-10-07 16:00:00,27059.71,156340.45,236469.96,1,6682
2024-10-07 17:00:00,25116.22,154595.05,236421.38999999998,1,7282
2024-10-07 18:00:00,23849.82,136539.42,213980.27,1,7180
2024-10-07 19:00:00,23567.43,123506.05,194383.1,1,6493
2024-10-07 20:00:00,22123.56,113295.82,170404.16,1,6060
2024-10-07 21:00:00,24797.81,115696.59,171780.88,1,5850
2024-10-07 22:00:00,18296.37,86290.9,126669.66,1,4166
2024-10-07 23:00:00,14883.14,66301.65,94949.74,1,2877
2024-10-08 00:00:00,7659.65,33586.43,47226.73,1,1378
2024-10-08 01:00:00,2536.32,11731.09,16246.15,1,524
2024-10-08 02:00:00,977.1899999999999,4540.81,6575.35,1,248
2024-10-08 03:00:00,764.29,3609.82,4996.49,1,157
2024-10-08 04:00:00,1548.11,6575.46,8907.84,1,244
2024-10-08 05:00:00,3997.9,16996.56,23374.48,1,699
2024-10-08 06:00:00,8499.72,40605.19,55908.87,1,2023
2024-10-08 07:00:00,15686.96,85665.87,118476.31999999999,1,4614
2024-10-08 08:00:00,120338.0,113077.79,157585.18,1,5923
2024-10-08 09:00:00,63905.7,114307.55,161489.67,1,5892
2024-10-08 10:00:00,17691.9,115188.64,163249.31,1,5608
2024-10-08 11:00:00,17620.7,117300.39,165345.57,1,5787
2024-10-08 12:00:00,19634.37,128382.85,179179.06,1,6074
2024-10-08 13:00:00,19803.3,126937.7,177806.0,1,6067
2024-10-08 14:00:00,22973.59,146874.61,206734.73,1,6897
2024-10-08 15:00:00,95322.66,157962.77,221122.51,1,7238
2024-10-08 16:00:00,27345.9,164439.03,250060.65,1,7423
2024-10-08 17:00:00,25319.44,166486.4,260290.15,1,8916
2024-10-08 18:00:00,24633.99,166160.27,263116.53,1,9429
2024-10-08 19:00:00,24593.82,144757.08,230196.35,1,8067
2024-10-08 20:00:00,25510.93,142975.96,214360.37,1,8039
2024-10-08 21:00:00,31209.27,170326.99,249688.16,1,9342
2024-10-08 22:00:00,23539.04,124322.21,181862.97,1,7117
2024-10-08 23:00:00,14851.45,73462.61,107467.13,1,3696
2024-10-09 00:00:00,6626.12,31492.28,45201.69,1,1623
2024-10-09 01:00:00,3388.0099999999998,15364.31,21718.8,1,774
2024-10-09 02:00:00,1026.02,5265.49,7793.7,1,350
2024-10-09 03:00:00,1137.97,5581.73,7996.3,1,279
2024-10-09 04:00:00,1640.84,7780.16,10372.72,1,257
2024-10-09 05:00:00,4069.37,17643.0,24552.8,1,696
2024-10-09 06:00:00,8807.74,40299.22,55692.82,1,2048
2024-10-09 07:00:00,106459.75000000001,84017.36,117804.9,1,4744
2024-10-09 08:00:00,17446.94,111954.69,157669.17,1,6277
2024-10-09 09:00:00,16918.37,106569.85,152728.07,1,5950
2024-10-09 10:00:00,17000.51,113174.21,161355.75,1,5862
2024-10-09 11:00:00,17360.35,118605.29,167400.88999999998,1,6048
2024-10-09 12:00:00,20045.63,137882.87,192816.86,1,6404
2024-10-09 13:00:00,21306.43,141785.96,197551.03,1,6451
2024-10-09 14:00:00,22854.4,151606.05,212486.61,1,6947
2024-10-09 15:00:00,25815.51,163802.92,230039.88,1,7587
2024-10-09 16:00:00,26287.22,166239.15,254506.26,1,7860
2024-10-09 17:00:00,25660.89,174528.06,269860.6,1,9151
2024-10-09 18:00:00,26866.47,188440.5,293762.12,1,10335
2024-10-09 19:00:00,25835.87,158009.21,249169.63,1,8809
2024-10-09 20:00:00,27690.06,152093.01,227217.07,1,8591
2024-10-09 21:00:00,32812.79,175995.31,259725.35,1,9609
2024-10-09 22:00:00,29054.06,154573.93,225963.19,1,8368
2024-10-09 23:00:00,17582.03,90779.56,132426.49,1,4895
2024-10-10 00:00:00,9881.01,48702.99,69900.89,1,2408
2024-10-10 01:00:00,3294.15,17770.54,25715.76,1,1048
2024-10-10 02:00:00,1503.21,8249.5,12177.18,1,526
2024-10-10 03:00:00,1472.31,6874.78,9756.38,1,373
2024-10-10 04:00:00,2276.2,9908.87,13635.44,1,400
2024-10-10 05:00:00,4388.59,18898.13,26121.15,1,779
2024-10-10 06:00:00,9529.35,45764.85,62671.8,1,2278
2024-10-10 07:00:00,18410.18,101081.69,139966.45,1,5369
2024-10-10 08:00:00,120798.17,120804.65,169724.18,1,6783
2024-10-10 09:00:00,17956.23,116873.37,166183.25,1,6358
2024-10-10 10:00:00,17418.76,115918.38,164925.8,1,6105
2024-10-10 11:00:00,18317.19,122400.72,172888.96,1,6190
2024-10-10 12:00:00,20068.82,132578.3,187282.74,1,6567
2024-10-10 13:00:00,23237.72,145321.71,204393.95,1,6825
2024-10-10 14:00:00,25984.78,161364.58,226621.13,1,7510
2024-10-10 15:00:00,28140.62,179446.31,250292.41,1,8050
2024-10-10 16:00:00,27550.45,181004.02,273670.75,1,8152
2024-10-10 17:00:00,29459.1,202448.61,310183.12,1,10043
2024-10-10 18:00:00,30069.89,203298.96,317107.34,1,10907
2024-10-10 19:00:00,28591.2,177550.55,278650.4,1,9935
2024-10-10 21:00:00,34198.7,188784.88,275908.3,1,10004
2024-10-10 22:00:00,30960.37,172584.7,250870.73,1,9407
2024-10-10 23:00:00,153667.97,142968.47,205364.57,1,7491
2024-10-11 00:00:00,15268.86,76526.81,109899.91,1,4063
2024-10-11 01:00:00,13072.029999999999,31890.73,46986.71,1,1906
2024-10-11 02:00:00,2740.16,14610.46,22202.33,1,1000
2024-10-11 03:00:00,2095.68,10746.89,15721.91,1,639
2024-10-11 04:00:00,3151.77,15354.34,21294.97,1,600
2024-10-11 05:00:00,114618.48999999999,26973.28,36881.58,1,996
2024-10-11 06:00:00,10683.93,50356.77,68039.06,1,2281
2024-10-11 07:00:00,104942.03,87200.63,119685.68,1,4430
2024-10-11 08:00:00,15860.85,92307.18,129493.42,1,5012
2024-10-11 09:00:00,16447.13,97522.23,138236.35,1,5128
2024-10-11 10:00:00,17896.5,106971.31,152520.17,1,5434
2024-10-11 11:00:00,18741.19,112440.26,160180.19,1,5677
2024-10-11 12:00:00,20022.53,121623.42,172228.52,1,6139
2024-10-11 13:00:00,23091.58,133745.9,188777.01,1,6404
2024-10-11 14:00:00,91334.43,157463.51,220611.35,1,7354
2024-10-11 15:00:00,62672.990000000005,175723.81,243382.63,1,8061
2024-10-11 16:00:00,27724.43,178625.15,268224.38,1,8397
2024-10-11 17:00:00,26537.68,173162.93,264340.12,1,9375
2024-10-11 18:00:00,27884.69,176751.89,271814.15,1,9852
2024-10-11 19:00:00,23619.62,143229.04,220599.36,1,8069
2024-10-11 20:00:00,23960.74,129869.63,191485.88,1,7106
2024-10-11 21:00:00,22710.49,125402.9,186299.35,1,7002
2024-10-11 22:00:00,25174.83,135348.6,197217.92,1,7257
2024-10-11 23:00:00,23297.9,123493.71,177242.37,1,6639
2024-10-12 00:00:00,19286.28,102938.13,146818.15,1,6090
2024-10-12 01:00:00,12947.51,71152.72,103708.9,1,4685
2024-10-12 02:00:00,9553.92,51933.7,76251.19,1,3478
2024-10-12 03:00:00,6348.64,33785.45,49181.66,1,2082
2024-10-12 04:00:00,4621.64,22592.76,31666.76,1,1194
2024-10-12 05:00:00,3389.72,15731.23,21228.2,1,572
2024-10-12 06:00:00,5083.83,21918.59,29496.329999999998,1,949
2024-10-12 07:00:00,7670.45,33276.27,45684.76,1,1489
2024-10-12 08:00:00,10321.82,49952.65,69939.51,1,2619
2024-10-12 09:00:00,13566.69,71603.79,101867.91,1,4128
2024-10-12 10:00:00,14902.86,83823.91,121036.26,1,5117
2024-10-12 11:00:00,17164.19,99947.18,142028.24,1,5532
2024-10-12 12:00:00,18190.95,108360.06,153563.91,1,6086
2024-10-12 13:00:00,20225.81,119832.05,168991.75,1,6528
2024-10-12 14:00:00,24268.17,139125.07,194261.05,1,6917
2024-10-12 15:00:00,23762.8,137931.69,192685.21,1,7077
2024-10-12 16:00:00,26139.29,154432.02,214946.74,1,7747
2024-10-12 17:00:00,25799.55,157804.67,219343.34,1,8283
2024-10-12 18:00:00,24714.97,152472.09,212978.79,1,8591
2024-10-12 19:00:00,26700.6,164805.81,230224.2,1,9305
2024-10-12 20:00:00,85138.72,136447.5,195351.81,1,7683
2024-10-12 21:00:00,24550.18,139930.88,201493.3,1,7847
2024-10-12 22:00:00,25213.87,149541.8,214543.27,1,8413
2024-10-12 23:00:00,24420.59,138701.74,197038.78,1,7747
2024-10-13 00:00:00,20747.01,114412.32,163557.24,1,6953
2024-10-13 01:00:00,15710.56,86001.49,124524.37,1,5593
2024-10-13 02:00:00,11003.73,60910.37,89210.74,1,4153
2024-10-13 03:00:00,7664.91,41646.85,60008.95,1,2583
2024-10-13 04:00:00,5782.76,29134.91,40618.08,1,1571
2024-10-13 05:00:00,4901.46,20841.0,27811.22,1,736
2024-10-13 06:00:00,6416.66,28606.79,38008.74,1,1096
2024-10-13 07:00:00,8080.23,34790.71,47207.43,1,1394
2024-10-13 08:00:00,9387.5,44532.52,61412.02,1,2016
2024-10-13 09:00:00,12571.2,61541.31,87537.13,1,3403
2024-10-13 10:00:00,15216.52,79399.84,113468.16,1,4407
2024-10-13 11:00:00,79059.6,96003.5,135698.36,1,5001
2024-10-13 12:00:00,21079.69,124933.9,173157.59,1,5873
2024-10-13 13:00:00,23985.29,139850.56,192352.93,1,6324
2024-10-13 14:00:00,102407.14,152760.21,208923.83,1,6538
2024-10-13 15:00:00,27137.49,154996.0,212614.41,1,6537
2024-10-13 16:00:00,28232.28,162967.16,223375.23,1,6830
2024-10-13 17:00:00,27348.11,158855.58,219461.88999999998,1,7397
2024-10-13 18:00:00,28019.5,154459.03,214466.36,1,7535
2024-10-13 19:00:00,25057.0,130774.26,182951.0,1,6534
2024-10-13 20:00:00,21338.52,110013.2,160935.47,1,5354
2024-10-13 21:00:00,20932.16,102868.97,149875.08,1,4931
2024-10-13 22:00:00,18068.12,85060.62,122824.45,1,4032
2024-10-13 23:00:00,16399.35,74492.82,105243.36,1,3178
2024-10-14 00:00:00,8955.03,41884.99,59175.73,1,1941
2024-10-14 01:00:00,3322.64,15399.86,21820.85,1,821
2024-10-14 02:00:00,1671.46,7742.57,11016.1,1,460
2024-10-14 03:00:00,1553.9,7129.49,9844.539999999999,1,358
2024-10-14 04:00:00,3633.05,16003.81,21350.74,1,575
2024-10-14 05:00:00,5392.04,23420.74,31928.09,1,887
2024-10-14 06:00:00,95693.19,37162.99,50406.409999999996,1,1658
2024-10-14 07:00:00,10480.79,51889.76,73389.62,1,2692
2024-10-14 08:00:00,116695.27,69747.92,100265.05,1,3787
2024-10-14 09:00:00,14429.75,78684.7,113663.25,1,4197
2024-10-14 10:00:00,16484.87,90354.99,128368.59,1,4564
2024-10-14 11:00:00,16927.77,99424.32,139811.78,1,4674
2024-10-14 12:00:00,19074.24,111097.64,156590.64,1,5120
2024-10-14 13:00:00,22750.81,128473.53,180241.01,1,5524
2024-10-14 14:00:00,27321.36,149031.64,206796.74,1,6186
2024-10-14 15:00:00,26021.53,146743.33,205768.13999999998,1,6689
2024-10-14 16:00:00,90278.97,140756.22,199881.31,1,6753
2024-10-14 17:00:00,26966.83,144022.86,206038.85,1,7664
2024-10-14 18:00:00,48177.159999999996,146410.9,210560.76,1,8342
2024-10-14 19:00:00,20863.51,110768.27,161293.43,1,7037
2024-10-14 20:00:00,22635.44,113126.12,167425.88,1,6269
2024-10-14 21:00:00,24065.11,114775.96,168000.22,1,6029
2024-10-14 22:00:00,24818.27,116341.74,168363.38999999998,1,5449
2024-10-14 23:00:00,20937.96,90931.16,129768.74,1,3837
2024-10-15 00:00:00,12739.15,57257.25,81997.53,1,2459
2024-10-15 01:00:00,3899.53,17384.0,23906.29,1,795
2024-10-15 02:00:00,984.39,4707.83,6571.92,1,255
2024-10-15 03:00:00,848.3,4408.21,6071.62,2,214
2024-10-15 04:00:00,2200.2,9806.39,13065.92,1,353
2024-10-15 05:00:00,5090.92,20991.59,28712.95,1,925
2024-10-15 06:00:00,10702.87,48345.2,65398.45,1,2318
2024-10-15 07:00:00,127118.66,93438.21,129215.56,1,5043
2024-10-15 08:00:00,20471.73,121242.08,169560.31,1,6646
2024-10-15 09:00:00,19736.36,121491.56,171772.6,1,6279
2024-10-15 10:00:00,170091.55,116662.19,164695.38999999998,1,5872
2024-10-15 11:00:00,18665.69,123752.42,174900.83,1,6007
2024-10-15 12:00:00,22043.62,138250.51,193826.16,1,6455
2024-10-15 13:00:00,23466.19,144585.8,202376.43,1,6734
2024-10-15 14:00:00,26017.9,158858.22,222237.2,1,7144
2024-10-15 15:00:00,26371.79,166390.39,232485.46,1,7517
2024-10-15 16:00:00,26495.77,168727.41,252626.86,1,7455
2024-10-15 17:00:00,88500.16,183385.48,277875.74,1,8847
2024-10-15 18:00:00,26277.67,182729.82,280691.73,1,9702
2024-10-15 19:00:00,25133.27,148789.24,233019.88,1,8186
2024-10-15 20:00:00,25515.96,145034.55,216179.29,1,8040
2024-10-15 21:00:00,30797.7,165007.55,243363.63,1,9035
2024-10-15 22:00:00,28974.49,146920.44,214160.41,1,7979
2024-10-16 00:00:00,9375.95,43781.91,62271.94,1,2135
2024-10-16 01:00:00,3992.96,19233.99,26997.91,1,898
2024-10-16 02:00:00,1435.45,6682.59,9390.15,1,394
2024-10-16 03:00:00,1226.08,5828.7300000000005,8117.74,1,312
2024-10-16 04:00:00,1895.41,8917.74,12207.96,1,336
2024-10-16 05:00:00,4059.01,18652.91,25621.14,1,774
2024-10-16 06:00:00,95073.99999999999,43397.28,59534.29,1,2209
2024-10-16 07:00:00,17937.37,98775.2,136169.01,1,5276
2024-10-16 08:00:00,19484.78,122072.78,170403.87,1,6660
2024-10-16 09:00:00,23497.33,120269.68,170553.13,1,6468
2024-10-16 10:00:00,18045.9,116714.7,166045.89,1,6080
2024-10-16 11:00:00,18869.93,127880.41,180847.68,1,6355
2024-10-16 12:00:00,57795.950000000004,138177.89,193944.18,1,6737
2024-10-16 13:00:00,22879.25,146659.98,205377.7,1,6831
2024-10-16 14:00:00,91982.51,165903.59,232459.82,1,7426
2024-10-16 15:00:00,27739.77,177794.63,247792.95,1,7801
2024-10-16 16:00:00,151206.06,184968.31,278452.64,1,7944
2024-10-16 18:00:00,27054.93,195556.16,300464.38,1,10311
2024-10-16 19:00:00,32556.23,167231.19,260671.34,1,8823
2024-10-16 20:00:00,27520.0,157112.59,233460.76,1,8489
2024-10-16 21:00:00,95107.29000000001,170050.22,248580.5,1,9048
2024-10-16 22:00:00,29928.38,157955.6,229695.42,1,8386
2024-10-16 23:00:00,22656.07,115866.5,167240.7,1,5946
2024-10-17 00:00:00,11394.15,55495.22,78607.76,1,2693
2024-10-17 01:00:00,3840.35,18498.67,26781.93,1,1037
2024-10-17 02:00:00,1744.74,9528.76,13728.88,1,553
2024-10-17 03:00:00,1648.74,7949.91,11098.71,1,381
2024-10-17 04:00:00,2448.18,10634.66,14605.0,1,414
2024-10-17 05:00:00,4960.6,21594.73,29707.45,1,903
2024-10-17 06:00:00,74471.95999999999,47897.76,65432.65,1,2278
2024-10-17 07:00:00,102174.96,91051.35,126222.55,1,4979
2024-10-17 08:00:00,19534.71,119699.36,167525.45,1,6503
2024-10-17 09:00:00,17934.32,115003.11,162434.57,1,6132
2024-10-17 10:00:00,17893.66,117734.47,167880.02,1,6010
2024-10-17 11:00:00,19927.77,132460.75,185812.82,1,6276
2024-10-17 12:00:00,21026.63,137116.34,193634.2,1,6438
2024-10-17 13:00:00,22278.76,142084.67,199722.01,1,6572
2024-10-17 14:00:00,26947.42,167199.65,233869.97,1,7316
2024-10-17 15:00:00,28875.26,182686.31,254770.12,1,7920
2024-10-17 16:00:00,29963.39,195133.14,292429.36,1,8164
2024-10-17 17:00:00,29334.1,201129.61,305338.12,1,9421
2024-10-17 18:00:00,29611.77,199350.4,307177.34,1,10096
2024-10-17 19:00:00,74132.25,167894.73,261281.9,1,9008
2024-10-17 20:00:00,28471.22,161605.12,238413.18,1,8403
2024-10-17 21:00:00,32520.34,178756.18,261801.92,1,9219
2024-10-17 22:00:00,33232.35,182016.28,263997.68,1,8994
2024-10-17 23:00:00,25025.74,129657.0,188585.81,1,6620
2024-10-18 00:00:00,18297.86,80032.05,115516.29,1,4278
2024-10-18 01:00:00,7125.48,35223.84,51331.08,1,2004
2024-10-18 02:00:00,3401.8,17527.3,25924.68,1,1098
2024-10-18 03:00:00,2431.79,11933.49,17392.02,1,691
2024-10-18 04:00:00,3382.88,15062.27,20759.82,1,657
2024-10-18 05:00:00,314309.67000000004,26957.63,36899.659999999996,1,1023
2024-10-18 06:00:00,131340.13,48840.38,66255.58,1,2136
2024-10-18 07:00:00,16659.03,87858.17,120811.22,1,4394
2024-10-18 08:00:00,93095.28000000001,101010.38,141153.76,1,5329
2024-10-18 09:00:00,16724.65,99771.38,141392.79,1,5233
2024-10-18 10:00:00,16476.8,101660.35,144895.32,1,5343
2024-10-18 11:00:00,19037.93,116590.96,165755.09,1,5753
2024-10-18 12:00:00,20204.04,124925.1,176222.35,1,6071
2024-10-18 13:00:00,22963.59,132502.13,186455.93,1,6363
2024-10-18 14:00:00,26309.5,155161.87,218331.5,1,7333
2024-10-18 15:00:00,84222.87,174464.52,243825.1,1,8154
2024-10-18 16:00:00,29502.59,179026.26,270650.88,1,8161
2024-10-18 17:00:00,26616.87,172148.06,263221.03,1,8750
2024-10-18 18:00:00,27896.79,179905.29,276178.19,1,9846
2024-10-18 19:00:00,25635.66,160120.49,248080.43,1,9111
2024-10-18 20:00:00,24278.99,137294.49,200894.05,1,7518
2024-10-18 21:00:00,25668.9,141482.3,207748.27,1,7444
2024-10-18 22:00:00,29286.81,161320.04,233181.61,1,8343
2024-10-18 23:00:00,29313.95,159325.2,227421.6,1,8180
2024-10-19 00:00:00,21762.25,122622.14,176184.76,1,6752
2024-10-19 01:00:00,19399.77,81751.63,121263.92,1,5274
2024-10-19 02:00:00,9793.68,55172.9,82266.56,1,3729
2024-10-19 03:00:00,6805.99,35584.41,52734.31,1,2398
2024-10-19 04:00:00,4289.92,21044.98,29835.48,1,1169
2024-10-19 05:00:00,3772.75,16993.67,22692.87,1,584
2024-10-19 06:00:00,6660.64,29196.5,39206.36,1,1164
2024-10-19 07:00:00,9070.26,41904.6,56979.56,1,1904
2024-10-19 08:00:00,11386.98,56137.25,78388.05,1,3039
2024-10-19 09:00:00,14715.0,79141.41,112197.31999999999,1,4452
2024-10-19 10:00:00,16777.38,93614.17,133627.61,1,5227
2024-10-19 11:00:00,19726.25,112599.77,159086.69,1,6078
2024-10-19 12:00:00,19788.58,122251.69,171867.99,1,6646
2024-10-19 13:00:00,22865.09,136485.85,191211.71,1,7071
2024-10-19 14:00:00,23351.92,138848.38,194099.73,1,6936
2024-10-19 15:00:00,26388.07,156873.07,218224.44,1,7636
2024-10-19 16:00:00,130143.46,173356.55,239507.0,1,8139
2024-10-19 17:00:00,26176.76,165678.28,229059.25,1,8371
2024-10-19 18:00:00,27413.18,175851.97,242096.45,1,9228
2024-10-19 19:00:00,28350.93,175437.56,241849.17,1,9055
2024-10-19 20:00:00,23985.7,142343.69,201688.85,1,7399
2024-10-19 21:00:00,25073.22,139743.06,201522.68,1,7264
2024-10-19 22:00:00,25863.6,152999.51,220835.9,1,8206
2024-10-19 23:00:00,26099.44,151842.1,217089.61,1,8106
2024-10-20 00:00:00,22081.32,129641.28,186520.57,1,7136
2024-10-20 01:00:00,16076.69,92534.24,135739.39,1,5736
2024-10-20 02:00:00,11592.44,64346.8,94854.95,1,4145
2024-10-20 03:00:00,8005.22,42132.23,60931.09,1,2615
2024-10-20 04:00:00,6261.2300000000005,30418.95,42459.06,1,1527
2024-10-20 05:00:00,5314.87,23190.43,30884.84,1,807
2024-10-20 06:00:00,75331.56999999999,32460.24,43214.42,1,1204
2024-10-20 07:00:00,9520.7,44235.66,59763.1,1,1864
2024-10-20 08:00:00,12862.68,60682.93,84489.14,1,2844
2024-10-20 09:00:00,62521.04,77278.72,108849.04,1,4096
2024-10-20 10:00:00,83430.47,103072.44,144780.42,1,5536
2024-10-20 11:00:00,20912.92,115796.41,163221.38999999998,1,6093
2024-10-20 12:00:00,23222.94,129952.51,183271.82,1,6715
2024-10-20 13:00:00,26695.48,148242.41,208905.21,1,7186
2024-10-20 14:00:00,26812.08,152267.78,212452.61,1,7146
2024-10-20 15:00:00,28282.08,155818.46,216887.1,1,6888
2024-10-20 16:00:00,28950.67,166101.71,230713.03,1,7211
2024-10-20 17:00:00,27966.54,164108.32,228089.9,1,7344
2024-10-20 18:00:00,28017.28,158230.43,219904.29,1,7240
2024-10-20 19:00:00,24461.23,131956.37,186410.11,1,6162
2024-10-20 20:00:00,23203.02,116384.11,168634.69,1,5340
2024-10-20 21:00:00,23432.94,111829.93,162864.16,1,4931
2024-10-20 22:00:00,69098.18000000001,101578.31,145461.07,1,4289
2024-10-20 23:00:00,18563.88,81245.57,113476.55,1,3074
2024-10-21 00:00:00,9694.34,42760.93,60018.15,1,1666
2024-10-21 01:00:00,4582.49,19213.82,26126.06,1,765
2024-10-21 02:00:00,1145.82,5844.42,8343.78,1,357
2024-10-21 03:00:00,1513.17,5763.17,8073.4,1,260
2024-10-21 04:00:00,3293.58,15167.63,20862.7,1,495
2024-10-21 05:00:00,6375.8,28585.66,38308.909999999996,1,991
2024-10-21 06:00:00,11285.25,52004.4,70268.06,1,2315
2024-10-21 07:00:00,84218.90000000001,90613.23,124786.99,1,4571
2024-10-21 08:00:00,17569.31,106194.27,147167.82,1,5436
2024-10-21 09:00:00,16499.18,98717.08,139350.55,1,5102
2024-10-21 10:00:00,16675.79,99505.96,142632.63,1,4998
2024-10-21 11:00:00,18729.98,112294.64,158798.25,1,5490
2024-10-21 12:00:00,20950.96,125054.96,175412.88999999998,1,5768
2024-10-21 13:00:00,20655.9,124866.48,175083.15,1,5744
2024-10-21 14:00:00,25465.68,146725.15,204697.33,1,6412
2024-10-21 15:00:00,26972.29,157611.87,220136.35,1,7090
2024-10-21 16:00:00,124649.85,164833.04,250367.34,1,7142
2024-10-21 17:00:00,30927.489999999998,154913.7,237895.28,1,7758
2024-10-21 18:00:00,26622.16,155106.48,242296.52,1,8205
2024-10-21 19:00:00,22160.81,118071.41,188487.58,1,6390
2024-10-21 20:00:00,24565.96,122712.43,183001.44,1,6266
2024-10-21 21:00:00,25038.75,124061.89,183677.82,1,6295
2024-10-21 22:00:00,20939.41,99190.67,144182.05,1,4817
2024-10-21 23:00:00,17157.63,76626.63,108283.46,1,3097
2024-10-22 00:00:00,9821.22,41696.94,57521.75,1,1622
2024-10-22 01:00:00,3520.91,15092.56,20630.07,1,667
2024-10-22 02:00:00,1530.83,7336.15,10018.08,1,289
2024-10-22 03:00:00,993.86,4260.82,5789.84,1,213
2024-10-22 04:00:00,2052.79,8995.59,11811.37,1,302
2024-10-22 05:00:00,4626.16,19801.5,26460.96,1,797
2024-10-22 06:00:00,9432.36,43771.65,59025.54,1,2098
2024-10-22 07:00:00,101518.27,83707.24,117018.28,1,4645
2024-10-22 08:00:00,17282.62,109965.71,153046.57,1,5888
2024-10-22 09:00:00,17522.94,111539.3,157837.92,1,5997
2024-10-22 10:00:00,17491.44,110685.29,157018.66,1,5549
2024-10-22 11:00:00,17693.93,116417.08,164015.25,1,5868
2024-10-22 12:00:00,21944.67,135736.89,190099.86,1,6314
2024-10-22 13:00:00,20234.5,125080.89,176518.19,1,6160
2024-10-22 14:00:00,29299.27,146331.71,205985.38999999998,1,6936
2024-10-22 15:00:00,32582.32,162744.87,228764.44,1,7467
2024-10-22 16:00:00,25557.35,156771.01,239267.02,1,7419
2024-10-22 17:00:00,26003.4,167432.47,259273.57,1,8712
2024-10-22 18:00:00,26478.87,170722.74,268759.24,1,9469
2024-10-22 19:00:00,25506.74,143036.98,226151.45,1,7831
2024-10-22 20:00:00,26918.19,146210.31,216504.97,1,7958
2024-10-22 21:00:00,28208.97,150759.96,224004.4,1,8486
2024-10-22 22:00:00,24452.65,125802.25,184563.71,1,6574
2024-10-22 23:00:00,17406.65,82005.24,119081.49,1,3845
2024-10-23 00:00:00,9598.72,43550.49,59889.909999999996,1,1872
2024-10-23 01:00:00,2517.18,12217.26,17263.49,1,708
2024-10-23 02:00:00,1947.8,8622.24,11988.69,1,411
2024-10-23 03:00:00,899.84,4341.88,6020.42,1,248
2024-10-23 04:00:00,2404.16,11242.34,14965.24,1,358
2024-10-23 05:00:00,4579.43,21051.38,28488.88,1,787
2024-10-23 06:00:00,9693.18,44803.39,60828.78,1,2188
2024-10-23 07:00:00,16396.83,90274.51,125673.21,1,4829
2024-10-23 08:00:00,18109.9,112990.02,158179.41,1,6192
2024-10-23 09:00:00,18117.26,116221.24,164818.55,1,6173
2024-10-23 10:00:00,25029.16,109523.54,154887.13999999998,1,5626
2024-10-23 11:00:00,19158.06,125910.6,177603.69,1,6170
2024-10-23 12:00:00,20201.76,132363.5,185654.06,1,6415
2024-10-23 13:00:00,22923.57,142846.4,201772.37,1,6665
2024-10-23 14:00:00,25899.47,158331.44,222917.01,1,7223
2024-10-23 15:00:00,27005.62,168282.86,236604.72,1,7701
2024-10-23 16:00:00,27318.73,172497.38,261601.66,1,7866
2024-10-23 17:00:00,30706.16,178924.72,276075.87,1,9219
2024-10-23 18:00:00,28961.3,187838.01,292610.92,1,10130
2024-10-23 19:00:00,26241.99,149282.57,236408.83,1,8233
2024-10-23 20:00:00,27017.04,146872.79,219145.01,1,7942
2024-10-23 21:00:00,30772.46,166279.14,246170.46,1,8842
2024-10-23 22:00:00,26916.9,142760.18,209766.24,1,7506
2024-10-23 23:00:00,20291.1,99379.24,144966.59,1,4919
2024-10-24 00:00:00,8736.35,42285.53,60724.05,1,2120
2024-10-24 01:00:00,4328.93,20713.16,29511.61,1,1024
2024-10-24 02:00:00,1700.83,8360.61,12155.41,1,515
2024-10-24 03:00:00,1347.24,5766.63,8257.24,1,332
2024-10-24 04:00:00,2377.78,10773.02,14549.12,1,396
2024-10-24 05:00:00,78981.92,23071.96,31842.34,1,911
2024-10-24 06:00:00,72779.29,46637.25,63072.9,1,2232
2024-10-24 07:00:00,16661.73,90958.19,125638.7,1,4833
2024-10-24 08:00:00,18434.38,114556.03,160029.54,1,6227
2024-10-24 09:00:00,17037.41,110969.69,157407.08,1,6034
2024-10-24 10:00:00,17902.4,113589.93,162236.56,1,5946
2024-10-24 11:00:00,18998.78,123709.24,174810.82,1,6080
2024-10-24 12:00:00,21148.61,135640.14,190917.59,1,6468
2024-10-24 13:00:00,23245.31,143336.46,201636.28,1,6635
2024-10-24 14:00:00,27706.57,168385.48,235760.61,1,7514
2024-10-24 15:00:00,28315.05,174285.74,243556.34,1,7675
2024-10-24 16:00:00,29164.04,181235.4,275067.94,1,8066
2024-10-24 17:00:00,29395.27,194511.95,298566.12,1,9530
2024-10-24 18:00:00,30435.22,201259.73,311272.12,1,10804
2024-10-24 19:00:00,28294.44,172086.35,269243.59,1,9434
2024-10-24 20:00:00,29303.64,167760.8,249208.54,1,8941
2024-10-24 21:00:00,33486.51,191921.26,280811.6,1,9764
2024-10-24 22:00:00,102951.04,185538.99,268440.63,1,9166
2024-10-24 23:00:00,25783.26,132952.35,193143.54,1,6690
2024-10-25 00:00:00,16037.19,79593.39,113443.94,1,4120
2024-10-25 01:00:00,6820.22,35403.89,51979.29,1,2200
2024-10-25 02:00:00,3958.21,20184.97,29987.1,1,1304
2024-10-25 03:00:00,2595.43,13401.72,19696.43,1,797
2024-10-25 04:00:00,3551.41,16445.75,22732.67,1,690
2024-10-25 05:00:00,6774.27,29120.99,39752.12,1,1033
2024-10-25 06:00:00,10416.73,48125.9,65005.62,1,2102
2024-10-25 07:00:00,16353.79,84062.27,114949.12,1,4242
2024-10-25 08:00:00,16284.49,93574.18,131836.04,1,5019
2024-10-25 09:00:00,16765.09,98504.3,140329.6,1,5089
2024-10-25 10:00:00,17315.79,107477.87,152143.02,1,5517
2024-10-25 11:00:00,20457.73,123952.83,175100.0,1,5997
2024-10-25 12:00:00,20695.06,125455.47,177039.28,1,6318
2024-10-25 13:00:00,109954.91,137859.01,194669.81,1,6495
2024-10-25 14:00:00,26366.23,156483.18,219847.51,1,7276
2024-10-25 15:00:00,27907.43,168264.1,235338.61,1,7842
2024-10-25 16:00:00,27649.95,171796.65,258459.76,1,8064
2024-10-25 17:00:00,26740.48,172337.04,264449.66,1,9097
2024-10-25 18:00:00,45936.41,188324.6,287374.77,1,10164
2024-10-25 19:00:00,26784.02,166694.76,256044.61,1,9187
2024-10-25 20:00:00,26145.85,147963.35,214276.96,1,7876
2024-10-25 21:00:00,27779.74,157122.9,228152.88,1,8192
2024-10-25 22:00:00,29728.26,168472.89,240951.79,1,8623
2024-10-25 23:00:00,29187.14,166879.17,238329.43,1,8822
2024-10-26 00:00:00,25726.41,147369.6,208992.77,1,7685
2024-10-26 01:00:00,16507.75,98455.4,142978.43,1,5950
2024-10-26 02:00:00,11668.94,67786.56,99884.15,1,4278
2024-10-26 03:00:00,8394.29,44782.32,65348.31,1,2817
2024-10-26 04:00:00,6161.84,30759.38,43054.36,1,1669
2024-10-26 05:00:00,4766.64,21915.71,29160.39,1,831
2024-10-26 06:00:00,7162.94,31087.22,42022.19,1,1229
2024-10-26 07:00:00,8431.08,39188.59,53318.64,1,1761
2024-10-26 08:00:00,10665.77,53483.11,74961.58,1,2981
2024-10-26 09:00:00,13274.83,73246.22,104318.86,1,4239
2024-10-26 10:00:00,16278.07,91287.74,130069.15,1,5414
2024-10-26 11:00:00,18012.76,105007.6,149990.82,1,6158
2024-10-26 12:00:00,82052.75,119601.86,169788.18,1,6821
2024-10-26 13:00:00,22811.59,137345.48,191654.83,1,7211
2024-10-26 14:00:00,25427.59,147182.63,204805.06,1,7227
2024-10-26 15:00:00,91662.7,164563.06,227956.76,1,7853
2024-10-26 16:00:00,28080.41,168937.17,234424.55,1,8333
2024-10-26 17:00:00,29136.42,181811.08,249608.31,1,9099
2024-10-26 18:00:00,108466.70999999999,211261.26,287531.4,1,10581
2024-10-26 19:00:00,31725.84,207131.99,282779.16,1,10530
2024-10-26 20:00:00,53219.06,163122.1,227654.92,1,8424
2024-10-26 21:00:00,29355.71,173072.43,243783.87,1,8918
2024-10-26 22:00:00,29490.15,178301.51,252455.25,1,9147
2024-10-26 23:00:00,30446.64,181062.15,256725.18,1,9325
2024-10-27 00:00:00,27085.72,152888.96,214614.5,1,7910
2024-10-27 01:00:00,20564.98,117337.05,168679.08,1,6709
2024-10-27 02:00:00,14213.02,81361.98,118524.77,1,5035
2024-10-27 03:00:00,11125.22,60737.02,86607.19,1,3481
2024-10-27 04:00:00,8765.34,44241.32,60371.4,1,2068
2024-10-27 05:00:00,6177.93,27819.75,36681.8,1,1030
2024-10-27 06:00:00,7451.95,32486.91,42983.81,1,1234
2024-10-27 07:00:00,10652.67,46627.99,62581.17,1,1853
2024-10-27 08:00:00,12016.62,57171.95,78093.54,1,2638
2024-10-27 09:00:00,15733.12,76709.55,108005.14,1,4094
2024-10-27 10:00:00,18568.1,95450.37,135910.37,1,5344
2024-10-27 11:00:00,19146.01,105490.65,150645.67,1,5952
2024-10-27 12:00:00,23283.66,130966.1,185261.43,1,6794
2024-10-27 13:00:00,23544.38,132536.33,185998.32,1,6749
2024-10-27 14:00:00,27558.5,153049.76,213336.05,1,6983
2024-10-27 15:00:00,27762.58,152529.04,211633.86,1,6687
2024-10-27 16:00:00,29607.28,163279.78,227926.13,1,7389
2024-10-27 17:00:00,26931.15,149515.77,209237.78,1,7169
2024-10-27 18:00:00,26962.19,148266.18,206671.1,1,7258
2024-10-27 19:00:00,25112.68,130405.56,182361.51,1,6134
2024-10-27 20:00:00,23311.87,118762.65,172772.56,1,5667
2024-10-27 21:00:00,24203.37,116260.96,169893.31,1,5172
2024-10-27 22:00:00,19841.16,90550.55,129374.78,1,3674
2024-10-27 23:00:00,17577.65,74747.71,104584.92,1,2798
2024-10-28 00:00:00,10194.57,41391.12,56693.15,1,1585
2024-10-28 01:00:00,3839.78,16423.85,22312.75,1,667
2024-10-28 02:00:00,1381.41,6521.29,8823.14,1,308
2024-10-28 03:00:00,1416.2,6359.83,8594.8,1,277
2024-10-28 04:00:00,2777.93,12235.34,16354.789999999999,1,460
2024-10-28 05:00:00,5672.56,25462.23,33929.27,1,995
2024-10-28 06:00:00,10902.77,52107.84,68986.87,1,2291
2024-10-28 07:00:00,104611.64,95781.5,130529.85,1,4631
2024-10-28 08:00:00,17784.01,107543.98,148785.65,1,5642
2024-10-28 09:00:00,18532.57,109141.21,154370.88,1,5550
2024-10-28 10:00:00,17777.13,108771.13,154763.21,1,5478
2024-10-28 11:00:00,17815.51,107800.42,153118.0,1,5466
2024-10-28 12:00:00,19883.95,119142.19,168420.82,1,5829
2024-10-28 13:00:00,20171.97,120077.09,169835.7,1,5905
2024-10-28 14:00:00,26421.49,150505.0,210431.57,1,6694
2024-10-28 15:00:00,26225.91,154019.34,216093.1,1,7061
2024-10-28 16:00:00,24342.29,149970.88,226581.56,1,7095
2024-10-28 17:00:00,26305.8,164649.53,253903.07,1,8184
2024-10-28 18:00:00,26997.65,163646.4,254801.12,1,8662
2024-10-28 19:00:00,23179.49,125731.48,199193.71,1,6752
2024-10-28 20:00:00,23967.2,123136.4,182846.46,1,6256
2024-10-28 21:00:00,24757.78,127173.72,187275.76,1,6498
2024-10-28 22:00:00,20641.49,102701.73,149242.47,1,5080
2024-10-28 23:00:00,16649.93,76316.46,109172.27,1,3229
2024-10-29 00:00:00,12239.55,55367.14,75863.96,1,2244
2024-10-29 01:00:00,4505.16,21699.57,29253.11,1,854
2024-10-29 02:00:00,1116.88,5193.25,7491.92,1,317
2024-10-29 03:00:00,1176.7,5151.92,7088.79,1,237
2024-10-29 04:00:00,1740.6200000000001,7937.43,10884.97,1,322
2024-10-29 05:00:00,4592.31,20061.68,27462.4,1,796
2024-10-29 06:00:00,9139.18,43028.76,58068.07,1,2120
2024-10-29 07:00:00,15638.48,88158.94,121742.25,1,4624
2024-10-29 08:00:00,18091.98,115997.83,161396.35,1,6155
2024-10-29 09:00:00,17455.99,112775.79,159591.78,1,6029
2024-10-29 10:00:00,16712.7,107570.95,153249.34,1,5666
2024-10-29 11:00:00,18840.37,121030.4,171365.63,1,5946
2024-10-29 12:00:00,20531.02,134813.91,191135.51,1,6780
2024-10-29 13:00:00,20607.62,137624.25,194295.9,1,7039
2024-10-29 14:00:00,25379.98,158536.3,222513.4,1,7325
2024-10-29 15:00:00,25940.32,166275.97,232315.26,1,7581
2024-10-29 16:00:00,24679.98,159276.65,241944.73,1,7600
2024-10-29 17:00:00,26871.23,175464.75,271761.29,1,9142
2024-10-29 18:00:00,27038.19,182744.94,283116.24,1,9949
2024-10-29 19:00:00,23388.14,138152.01,219994.15,1,7898
2024-10-29 20:00:00,26967.18,148170.07,220952.38,1,8271
2024-10-29 21:00:00,28771.88,156609.92,229362.87,1,8312
2024-10-29 22:00:00,24480.16,130066.76,189145.01,1,6812
2024-10-29 23:00:00,18675.2,95977.5,138332.58,1,4912
2024-10-30 00:00:00,11669.05,55195.39,78323.24,1,2725
2024-10-30 01:00:00,4112.48,19440.25,27428.61,1,973
2024-10-30 02:00:00,1822.18,8725.82,12529.24,1,498
2024-10-30 03:00:00,1225.51,5898.56,8331.539999999999,1,306
2024-10-30 04:00:00,1991.6,8788.81,12399.41,1,349
2024-10-30 05:00:00,89822.49,20246.81,28033.57,1,796
2024-10-30 06:00:00,10109.48,47262.62,63768.21,1,2177
2024-10-30 07:00:00,129341.01,96300.2,132895.18,1,5023
2024-10-30 08:00:00,19955.93,122526.21,169145.57,1,6469
2024-10-30 09:00:00,18267.3,115040.38,161750.57,1,6259
2024-10-30 10:00:00,17500.77,110897.34,157491.53,1,5864
2024-10-30 11:00:00,18043.14,117871.73,166118.71,1,6132
2024-10-30 12:00:00,19859.07,129486.27,182304.12,1,6434
2024-10-30 13:00:00,21747.44,138124.66,194477.41,1,6722
2024-10-30 14:00:00,28123.6,169445.74,237803.97,1,7589
2024-10-30 15:00:00,27306.72,174065.79,242862.95,1,8042
2024-10-30 16:00:00,26482.75,174684.45,262328.79,1,8103
2024-10-30 17:00:00,28001.26,191839.63,291919.0,1,9606
2024-10-30 18:00:00,27891.8,194058.11,298587.19,1,10564
2024-10-30 19:00:00,24711.91,154705.43,241220.56,1,8976
2024-10-30 20:00:00,29180.43,157411.73,232615.31,1,8368
2024-10-30 21:00:00,30800.27,163174.17,238854.09,1,8331
2024-10-30 22:00:00,26824.25,142542.35,207424.53,1,7227
2024-10-30 23:00:00,21232.08,106859.08,154801.7,1,5159
2024-10-31 00:00:00,16160.5,80513.13,113334.92,1,4106
2024-10-31 01:00:00,7110.63,36011.45,50451.18,1,1853
2024-10-31 02:00:00,2567.3,13561.4,19719.78,1,826
2024-10-31 03:00:00,1917.87,10039.35,14092.59,1,529
2024-10-31 04:00:00,3042.61,12698.11,17622.65,1,549
2024-10-31 05:00:00,103397.89,25016.32,33870.73,1,989
2024-10-31 06:00:00,11799.0,54946.32,73023.66,1,2414
2024-10-31 07:00:00,95049.62,93129.2,126835.54,1,4817
2024-10-31 08:00:00,17867.32,108620.56,150568.57,1,5988
2024-10-31 09:00:00,17428.72,108665.44,152949.02,1,5800
2024-10-31 10:00:00,15298.37,98844.32,140451.83,1,5440
2024-10-31 11:00:00,16036.24,105162.17,149044.9,1,5626
2024-10-31 12:00:00,19633.88,118802.31,168955.9,1,6246
2024-10-31 13:00:00,20196.01,122539.76,173385.9,1,6398
2024-10-31 14:00:00,95960.29000000001,152629.78,213414.4,1,7370
2024-10-31 15:00:00,26486.73,164489.36,228148.86,1,7898
2024-10-31 16:00:00,25547.08,161770.55,245634.44,1,7975
2024-10-31 17:00:00,25125.74,160968.17,247348.89,1,8552
2024-10-31 18:00:00,25869.73,166861.77,257101.99,1,9389
2024-10-31 19:00:00,23343.77,152290.09,231190.21,1,8671
2024-10-31 20:00:00,25184.85,144949.11,208364.25,1,7719
2024-10-31 21:00:00,25271.3,143020.36,204520.55,1,7208
2024-10-31 22:00:00,23150.53,136261.9,190986.37,1,6670
2024-10-31 23:00:00,21760.74,130697.7,181014.07,1,6361
2024-11-01 00:00:00,28.46,152.3,195.76,2,5
2024-11-01 05:00:00,8.92,35.2,62.57,1,1
2024-11-01 06:00:00,20.830000000000002,88.4,103.34,1,2
2024-11-01 09:00:00,11.23,52.7,84.47,1,1
2024-11-01 10:00:00,1.91,17.0,21.2,1,1
2024-11-01 15:00:00,4.5,36.3,59.74,1,3
2024-11-01 16:00:00,2.64,20.0,37.56,1,2
2024-11-01 17:00:00,1.72,11.4,17.9,1,1
2024-11-01 18:00:00,3.9299999999999997,30.7,59.36,1,3
2024-11-01 20:00:00,9.23,56.6,79.08,1,3
2024-11-01 21:00:00,3.16,17.0,26.4,1,1
2024-11-01 22:00:00,9.71,48.0,66.84,1,2
2024-11-01 23:00:00,5.23,23.3,35.55,1,1
2024-11-14 18:00:00,2.07,12.8,21.36,1,1
2024-10-31 18:00:00,18.68,70.0,92.69,4,1
2024-10-31 22:00:00,3.11,18.4,30.42,1,1
2024-10-31 23:00:00,123.57,694.1,1001.49,2,32
2024-11-01 00:00:00,19432.45,116080.79,160339.11,1,5713
2024-11-01 01:00:00,14319.48,81143.96,113969.44,1,4442
2024-11-01 02:00:00,11136.24,60007.69,84542.97,1,3379
2024-11-01 03:00:00,7450.93,39170.56,54787.19,1,2254
2024-11-01 04:00:00,7451.9,34736.84,46787.49,1,1647
2024-11-01 05:00:00,6769.79,29183.15,38917.52,1,1309
2024-11-01 06:00:00,87917.22,47488.74,62765.19,1,2240
2024-11-01 07:00:00,62154.41,71228.74,97714.93,1,3655
2024-11-01 08:00:00,15286.97,85971.19,121165.94,1,4836
2024-11-01 09:00:00,16055.98,93151.71,131744.14,1,5115
2024-11-01 10:00:00,17126.81,98925.71,141133.43,1,5471
2024-11-01 11:00:00,17796.71,108823.6,154613.32,1,5772
2024-11-01 12:00:00,19051.92,118469.88,167338.67,1,6246
2024-11-01 13:00:00,21135.91,126432.94,177956.61,1,6400
2024-11-01 14:00:00,259779.76,146406.77,205066.87,1,7155
2024-11-01 15:00:00,27220.15,160564.82,223846.03,1,7475
2024-11-01 17:00:00,25233.7,158037.13,245538.19,1,8514
2024-11-01 18:00:00,24966.53,167067.4,259223.19,1,9623
2024-11-01 19:00:00,24137.72,152189.18,235342.92,1,8664
2024-11-01 20:00:00,24926.34,135735.17,198830.32,1,7246
2024-11-01 21:00:00,23234.53,132551.79,196268.7,1,7224
2024-11-01 22:00:00,24352.11,141268.12,205969.72,1,7786
2024-11-01 23:00:00,24016.88,135909.51,195002.33,1,7667
2024-11-02 00:00:00,20619.08,116136.88,168452.63,1,6857
2024-11-02 01:00:00,14695.41,86875.47,128472.35,1,5606
2024-11-02 02:00:00,10765.89,63272.48,94098.35,1,4242
2024-11-02 03:00:00,7548.42,42093.53,61359.14,1,2786
2024-11-02 04:00:00,5078.49,25916.14,35925.51,1,1505
2024-11-02 05:00:00,3160.62,13420.34,18306.329999999998,1,564
2024-11-02 06:00:00,5363.08,23777.76,31645.04,1,997
2024-11-02 07:00:00,6829.99,33394.31,45766.51,1,1656
2024-11-02 08:00:00,107905.93,53423.2,74557.31,1,2801
2024-11-02 09:00:00,13438.28,75767.51,107470.67,1,4330
2024-11-02 10:00:00,15111.85,87503.95,126877.48,1,5416
2024-11-02 11:00:00,17791.89,106033.96,152637.02,1,6384
2024-11-02 12:00:00,19643.23,119627.62,171777.83,1,6953
2024-11-02 13:00:00,20287.14,123618.52,176043.75,1,6995
2024-11-02 14:00:00,22922.45,135810.96,191662.44,1,6974
2024-11-02 15:00:00,24571.53,147823.84,208103.23,1,7520
2024-11-02 16:00:00,23480.67,148639.26,209643.19,1,7830
2024-11-02 17:00:00,24138.41,153985.1,215564.21,1,8299
2024-11-02 18:00:00,24570.84,161877.63,225838.58,1,9111
2024-11-02 19:00:00,23954.71,157685.0,219400.17,1,9031
2024-11-02 20:00:00,23843.72,143271.83,206514.33,1,7945
2024-11-02 21:00:00,22777.06,136234.36,198820.23,1,7578
2024-11-02 22:00:00,23271.11,139899.57,204332.3,1,8065
2024-11-02 23:00:00,24681.33,144994.39,207549.58,1,8278
2024-11-03 00:00:00,89658.13,126116.1,181213.29,1,7395
2024-11-03 01:00:00,27078.62,150925.02,221997.72,1,9869
2024-11-03 02:00:00,7310.18,40127.5,59463.38,1,2733
2024-11-03 03:00:00,5677.56,28966.93,42129.75,1,1900
2024-11-03 04:00:00,5131.77,24791.07,34339.64,1,1384
2024-11-03 05:00:00,7196.07,32915.24,44300.77,1,1541
2024-11-03 06:00:00,9826.62,43316.29,56860.95,1,1889
2024-11-03 07:00:00,9165.6,41879.4,57086.84,1,2099
2024-11-03 08:00:00,9364.98,45337.16,63909.65,1,2556
2024-11-03 09:00:00,12196.13,63370.71,90139.19,1,3631
2024-11-03 10:00:00,16267.61,85372.91,121178.73,1,5065
2024-11-03 11:00:00,16570.92,92221.77,132351.13,1,5594
2024-11-03 12:00:00,42577.0,110554.11,157711.12,1,6384
2024-11-03 13:00:00,23460.18,133596.12,187753.32,1,6858
2024-11-03 14:00:00,82122.76,141166.17,197720.94,1,7082
2024-11-03 15:00:00,29198.76,167354.55,232345.88,1,7804
2024-11-03 16:00:00,31147.53,180254.96,249672.97,1,8143
2024-11-03 17:00:00,62736.76,169502.64,233221.95,1,7758
2024-11-03 18:00:00,25469.28,159243.18,221492.12,1,7734
2024-11-03 19:00:00,28795.7,156316.89,217767.63,1,7621
2024-11-03 20:00:00,23969.85,125933.64,183070.4,1,6236
2024-11-03 21:00:00,20980.21,102087.42,151098.71,1,5096
2024-11-03 22:00:00,15966.29,76649.49,110232.88,1,3593
2024-11-03 23:00:00,13348.3,59840.09,85629.58,1,2390
2024-11-04 00:00:00,6314.42,27828.13,38675.83,1,1180
2024-11-04 01:00:00,2095.61,9954.36,13572.81,1,461
2024-11-04 02:00:00,1586.01,7385.16,10158.87,1,316
2024-11-04 03:00:00,1262.63,5662.49,7767.29,1,223
2024-11-04 04:00:00,3337.28,14530.02,19478.56,1,500
2024-11-04 05:00:00,129003.65,28017.97,37709.23,1,1060
2024-11-04 06:00:00,9499.71,45403.95,62428.89,1,2217
2024-11-04 07:00:00,153163.66999999998,81976.58,115084.6,1,4323
2024-11-04 08:00:00,16770.78,101057.8,141592.8,1,5392
2024-11-04 09:00:00,16586.82,100370.65,142684.49,1,5218
2024-11-04 10:00:00,17598.45,101642.4,143518.84,1,5118
2024-11-04 11:00:00,19017.1,112516.79,158366.44,1,5468
2024-11-04 12:00:00,19809.37,114546.31,161862.48,1,5714
2024-11-04 13:00:00,22666.9,126233.93,177953.79,1,5923
2024-11-04 14:00:00,25342.4,143919.6,202085.86,1,6568
2024-11-04 15:00:00,24946.73,144161.29,202875.26,1,6927
2024-11-04 16:00:00,23849.49,139980.91,214057.87,1,6683
2024-11-04 17:00:00,22557.69,139715.33,217221.06,1,7337
2024-11-04 18:00:00,20639.41,124314.55,199084.59,1,7337
2024-11-04 19:00:00,21356.35,110995.01,175142.29,1,5986
2024-11-04 20:00:00,21183.079999999998,103942.73,155401.76,1,5537
2024-11-04 21:00:00,18229.88,95970.69,143417.69,1,5374
2024-11-04 22:00:00,17872.52,89159.25,128885.9,1,4284
2024-11-04 23:00:00,11158.789999999999,51764.74,74449.74,1,2479
2024-11-05 00:00:00,6095.56,26210.79,36670.8,1,1164
2024-11-05 01:00:00,1590.8799999999999,7595.71,10964.09,1,465
2024-11-05 02:00:00,1057.56,5575.66,7821.69,1,291
2024-11-05 03:00:00,834.65,4047.03,5428.76,1,197
2024-11-05 04:00:00,89986.01,10898.61,14632.75,1,442
2024-11-05 05:00:00,4762.81,20561.23,28080.99,1,741
2024-11-05 06:00:00,7556.83,34861.26,48561.67,1,1806
2024-11-05 07:00:00,10778.29,58867.92,84426.06,1,3418
2024-11-05 08:00:00,117451.34,73597.34,106244.73,1,4405
2024-11-05 09:00:00,14005.25,81645.08,118092.01,1,4844
2024-11-05 10:00:00,14668.46,86905.24,124821.95,1,4872
2024-11-05 11:00:00,15230.19,89997.29,128926.58,1,5022
2024-11-05 12:00:00,17598.57,104864.86,150354.79,1,5801
2024-11-05 13:00:00,73614.8,105170.58,150593.85,1,5754
2024-11-05 14:00:00,21653.76,121860.57,174408.5,1,6316
2024-11-05 15:00:00,22055.08,126773.69,181318.76,1,6624
2024-11-05 16:00:00,22353.42,122982.23,176227.78,1,6524
2024-11-05 17:00:00,21117.7,120588.67,174849.07,1,7126
2024-11-05 18:00:00,22200.52,122444.44,178264.92,1,7389
2024-11-05 19:00:00,20279.25,104126.84,151483.51,1,6083
2024-11-05 20:00:00,18527.0,94338.36,141740.92,1,5364
2024-11-05 21:00:00,16975.82,84730.31,126650.39,1,4745
2024-11-05 22:00:00,14755.89,73547.62,109418.66,1,4323
2024-11-05 23:00:00,14605.15,67786.7,97875.48,1,3806
2024-11-06 00:00:00,7614.01,37102.92,52950.62,1,2194
2024-11-06 01:00:00,2459.9,12091.38,17868.34,1,796
2024-11-06 02:00:00,1228.93,5849.03,8843.46,1,418
2024-11-06 03:00:00,1529.39,7323.98,10517.11,1,417
2024-11-06 04:00:00,1918.8,8824.7,11985.27,1,357
2024-11-06 05:00:00,3967.45,17822.54,24649.05,1,810
2024-11-06 06:00:00,8289.9,39403.22,53848.23,1,1956
2024-11-06 07:00:00,13550.69,74093.16,104159.15,1,4218
2024-11-06 08:00:00,15366.23,94063.62,133490.96,1,5468
2024-11-06 09:00:00,17276.46,103077.36,147817.04,1,5654
2024-11-06 10:00:00,16991.48,106350.7,152246.99,1,5592
2024-11-06 11:00:00,15872.66,104845.38,149303.53,1,5551
2024-11-06 12:00:00,18233.84,116897.65,165786.03,1,6020
2024-11-06 13:00:00,20163.62,123313.26,175694.88999999998,1,6227
2024-11-06 14:00:00,23814.61,145695.0,205378.2,1,6897
2024-11-06 15:00:00,23635.0,145657.08,206093.85,1,7069
2024-11-06 16:00:00,24225.38,148097.48,228273.7,1,7098
2024-11-06 17:00:00,23000.28,156804.66,243261.97,1,8185
2024-11-06 18:00:00,75034.93,158310.74,249172.19,1,9025
2024-11-06 19:00:00,23956.95,138020.79,216565.5,1,7439
2024-11-06 20:00:00,23731.51,129788.23,194535.16,1,7045
2024-11-06 21:00:00,23020.51,128253.38,191950.3,1,7254
2024-11-06 22:00:00,20604.27,111566.65,166285.95,1,6233
2024-11-06 23:00:00,14699.96,71816.85,104653.21,1,3575
2024-11-07 00:00:00,7387.01,34725.75,50249.55,1,1751
2024-11-07 01:00:00,2574.25,13198.6,19435.19,1,799
2024-11-07 02:00:00,1306.07,6599.52,9723.94,1,427
2024-11-07 03:00:00,1184.52,5802.3099999999995,8458.53,1,347
2024-11-07 04:00:00,1955.54,9082.32,12684.94,1,361
2024-11-07 05:00:00,4426.67,19267.25,26581.86,1,766
2024-11-07 06:00:00,8346.55,38557.46,52866.11,1,1951
2024-11-07 07:00:00,14410.01,79419.48,113018.43,1,4471
2024-11-07 08:00:00,15766.24,98525.7,139964.1,1,5631
2024-11-07 09:00:00,17034.8,108226.61,154959.55,1,5853
2024-11-07 10:00:00,18162.44,121587.15,172494.17,1,6332
2024-11-07 11:00:00,18324.83,121364.79,172733.26,1,6199
2024-11-07 12:00:00,20701.73,129984.6,183557.84,1,6433
2024-11-07 13:00:00,22175.12,131417.75,186122.36,1,6531
2024-11-07 14:00:00,24979.76,150931.56,214028.44,1,7150
2024-11-07 15:00:00,25855.5,158191.31,224053.2,1,7555
2024-11-07 16:00:00,26055.2,160121.68,246307.54,1,7711
2024-11-07 17:00:00,26418.9,181209.17,280670.21,1,9319
2024-11-07 18:00:00,24961.52,178523.2,279198.48,1,10125
2024-11-07 19:00:00,26390.16,160409.53,252741.31,1,8603
2024-11-07 20:00:00,27602.31,160987.84,239903.79,1,8411
2024-11-07 21:00:00,35836.4,162453.95,241266.09,1,8730
2024-11-07 22:00:00,27406.32,155296.74,228542.8,1,8351
2024-11-07 23:00:00,23236.02,119085.7,175704.1,1,6211
2024-11-08 00:00:00,13328.4,67065.11,98307.43,1,3401
2024-11-08 01:00:00,4794.17,26189.92,39076.56,1,1643
2024-11-08 02:00:00,2793.27,14525.55,22022.0,1,1003
2024-11-08 03:00:00,2341.84,11829.19,17128.29,1,621
2024-11-08 04:00:00,3093.05,14051.49,19539.16,1,560
2024-11-08 05:00:00,104723.12,25810.71,35393.33,1,951
2024-11-08 06:00:00,9540.78,44370.61,60446.27,1,1998
2024-11-08 07:00:00,13730.41,72189.54,100468.17,1,3802
2024-11-08 08:00:00,13802.95,81673.85,116249.29,1,4579
2024-11-08 09:00:00,15557.02,94204.26,134828.52,1,4955
2024-11-08 10:00:00,18999.54,111700.88,160297.08,1,5779
2024-11-08 11:00:00,18618.67,113750.84,162489.35,1,5799
2024-11-08 12:00:00,21225.04,126469.07,179852.31,1,6294
2024-11-08 13:00:00,23042.18,136319.33,192083.38,1,6555
2024-11-08 14:00:00,26963.76,159985.74,225396.3,1,7445
2024-11-08 15:00:00,27071.54,169150.5,236990.85,1,8030
2024-11-08 16:00:00,26258.61,167390.59,253310.57,1,7950
2024-11-08 17:00:00,25620.01,175667.27,268844.37,1,9294
2024-11-08 18:00:00,25046.09,161641.89,256192.43,1,9114
2024-11-08 19:00:00,24404.22,153675.35,238819.87,1,8748
2024-11-08 20:00:00,24061.84,138046.91,204054.41,1,7468
2024-11-08 21:00:00,22914.67,135147.6,201437.76,1,7420
2024-11-08 22:00:00,26987.89,155625.29,228594.87,1,8361
2024-11-08 23:00:00,25491.95,140264.4,204258.43,1,7838
2024-11-09 00:00:00,19818.46,111982.63,164844.4,1,6760
2024-11-09 01:00:00,13796.29,77131.24,114818.37,1,5140
2024-11-09 02:00:00,9334.15,53000.25,78997.54,1,3633
2024-11-09 03:00:00,6729.82,35146.84,51605.53,1,2373
2024-11-09 04:00:00,4246.63,21265.63,29876.16,1,1203
2024-11-09 05:00:00,4339.31,18758.86,25223.06,1,683
2024-11-09 06:00:00,5337.21,24340.76,32587.05,1,1026
2024-11-09 07:00:00,7754.14,35872.87,49909.87,1,1669
2024-11-09 08:00:00,9071.2,46518.66,66437.28,1,2752
2024-11-09 09:00:00,12911.76,69357.46,100113.02,1,4208
2024-11-09 10:00:00,16826.56,93996.19,135496.71,1,5409
2024-11-09 11:00:00,61693.58,111556.52,159470.82,1,6295
2024-11-09 12:00:00,20412.2,129421.38,181309.4,1,6993
2024-11-09 13:00:00,22695.67,146000.28,202903.03,1,7117
2024-11-09 14:00:00,24713.32,150272.67,209737.57,1,7256
2024-11-09 15:00:00,111974.37999999999,158085.95,221152.44,1,7836
2024-11-09 16:00:00,24385.95,160159.78,223090.1,1,8075
2024-11-09 17:00:00,104867.84000000001,180113.58,246339.32,1,8813
2024-11-09 18:00:00,22458.82,160425.62,226057.58,1,8593
2024-11-09 19:00:00,24400.88,168125.31,229637.85,1,8613
2024-11-09 20:00:00,22688.75,139473.66,198898.3,1,7106
2024-11-09 21:00:00,20825.99,133231.32,193696.63,1,7196
2024-11-09 22:00:00,24148.52,154974.85,222723.18,1,8346
2024-11-09 23:00:00,31713.97,160336.59,226577.81,1,8452
2024-11-10 00:00:00,19762.79,118477.62,170325.31,1,6862
2024-11-10 01:00:00,13520.74,80437.97,118250.04,1,5318
2024-11-10 02:00:00,10154.62,57444.06,84339.09,1,3813
2024-11-10 03:00:00,7547.62,40058.45,58276.22,1,2506
2024-11-10 04:00:00,5415.34,27057.96,37518.06,1,1411
2024-11-10 05:00:00,4682.13,20301.92,27026.76,1,714
2024-11-10 06:00:00,5848.98,25511.81,34002.77,1,994
2024-11-10 07:00:00,8307.28,36901.08,50194.99,1,1567
2024-11-10 08:00:00,10408.15,50223.79,70148.29,1,2465
2024-11-10 09:00:00,13937.06,69084.1,98653.48,1,3861
2024-11-10 10:00:00,17560.43,91367.53,131184.78,1,5230
2024-11-10 11:00:00,134530.88,102115.71,146753.0,1,5845
2024-11-10 12:00:00,22998.09,128977.7,183444.04,1,6856
2024-11-10 13:00:00,25225.99,143250.83,200259.13,1,7019
2024-11-10 14:00:00,27646.74,153128.57,214395.94,1,7046
2024-11-10 15:00:00,26786.1,153587.91,215315.56,1,7011
2024-11-10 16:00:00,30054.5,177269.96,246789.05,1,7937
2024-11-10 17:00:00,28554.97,165552.36,227383.34,1,7250
2024-11-10 18:00:00,21182.11,124373.3,175805.05,1,6298
2024-11-10 19:00:00,22047.14,114240.62,160663.52,1,5234
2024-11-10 20:00:00,22735.7,111387.71,162154.38,1,5061
2024-11-10 21:00:00,22359.76,109117.02,159632.86,1,5052
2024-11-10 22:00:00,20908.07,100286.34,142468.01,1,4871
2024-11-10 23:00:00,18454.7,80891.6,113589.18,1,3373
2024-11-11 00:00:00,9115.24,40132.85,54876.8,1,1617
2024-11-11 01:00:00,3743.68,16048.55,22086.42,1,682
2024-11-11 02:00:00,1268.3,6554.82,9145.75,1,381
2024-11-11 03:00:00,1631.09,7865.24,10635.32,1,356
2024-11-11 04:00:00,3897.59,17002.38,22697.34,1,662
2024-11-11 05:00:00,90013.01,26559.34,36451.67,1,983
2024-11-11 06:00:00,8580.84,39324.91,53649.57,1,1806
2024-11-11 07:00:00,13453.78,66264.36,94169.97,1,3449
2024-11-11 08:00:00,14429.06,82726.13,117886.15,1,4452
2024-11-11 09:00:00,15672.41,92587.38,132981.24,1,4883
2024-11-11 10:00:00,16501.05,97103.95,138901.7,1,4858
2024-11-11 11:00:00,16780.63,103788.68,146674.7,1,4956
2024-11-11 12:00:00,19481.05,116401.53,164771.47,1,5393
2024-11-11 13:00:00,23564.87,131501.64,184978.98,1,5790
2024-11-11 14:00:00,102162.48,153737.19,214518.9,1,6361
2024-11-11 15:00:00,107212.71,158727.05,221930.7,1,6957
2024-11-11 16:00:00,27652.49,156696.5,220492.77,1,6848
2024-11-11 17:00:00,25994.33,148912.81,211156.52,1,7617
2024-11-11 18:00:00,22799.24,127242.83,184429.4,1,7229
2024-11-11 19:00:00,22851.93,113977.69,164713.81,1,6166
2024-11-11 20:00:00,23790.9,115646.53,170989.55,1,5839
2024-11-11 21:00:00,21096.44,104466.96,156078.84,1,5378
2024-11-11 22:00:00,18886.91,87129.4,128581.65,1,4334
2024-11-11 23:00:00,14551.52,65002.11,93678.79,1,2827
2024-11-12 00:00:00,8755.06,37479.93,52482.07,1,1552
2024-11-12 01:00:00,2907.64,12581.85,17546.38,1,618
2024-11-12 02:00:00,1057.57,5012.05,7175.98,1,318
2024-11-12 03:00:00,1120.48,5208.18,7214.18,2,249
2024-11-12 04:00:00,1949.87,8828.22,11531.91,1,324
2024-11-12 05:00:00,5132.05,21873.58,29502.92,1,848
2024-11-12 06:00:00,9351.4,42852.63,58366.33,1,2071
2024-11-12 07:00:00,15720.23,85899.74,119648.33,1,4769
2024-11-12 08:00:00,18492.72,115030.1,161631.51,1,6207
2024-11-12 09:00:00,18115.76,115768.06,165211.2,1,6220
2024-11-12 10:00:00,18734.07,121638.12,172727.09,1,6135
2024-11-12 11:00:00,18713.29,125069.39,176487.35,1,6188
2024-11-12 12:00:00,20642.15,132032.69,185825.77,1,6428
2024-11-12 13:00:00,21211.69,132506.15,186257.35,1,6413
2024-11-12 14:00:00,25720.13,158345.54,222187.82,1,7262
2024-11-12 15:00:00,24547.65,160484.74,226965.28,1,7705
2024-11-12 16:00:00,25147.64,169705.01,257396.06,1,7972
2024-11-12 17:00:00,24021.98,180682.25,277646.29,1,9362
2024-11-12 18:00:00,24952.39,175826.04,274703.22,1,9939
2024-11-12 19:00:00,68382.95999999999,149592.09,237230.33,1,8377
2024-11-12 20:00:00,28169.05,152614.89,230367.75,1,8707
2024-11-12 21:00:00,28455.83,157747.76,236533.84,1,9090
2024-11-12 22:00:00,25159.35,130823.81,191307.29,1,6762
2024-11-12 23:00:00,14636.93,72087.52,104595.95,1,3669
2024-11-13 00:00:00,8288.54,37455.92,53616.71,1,1733
2024-11-13 01:00:00,2264.29,11199.02,16431.79,1,705
2024-11-13 02:00:00,1070.64,5588.7,8034.37,1,351
2024-11-13 03:00:00,1248.24,6132.81,8568.33,1,296
2024-11-13 04:00:00,1818.76,8318.48,11125.27,1,307
2024-11-13 05:00:00,4771.95,21127.55,28710.85,1,811
2024-11-13 06:00:00,56897.03,47397.59,64513.409999999996,1,2245
2024-11-13 07:00:00,192388.25999999998,101769.22,140886.95,1,5286
2024-11-13 08:00:00,18845.1,122116.29,169812.5,1,6748
2024-11-13 09:00:00,18839.62,123924.82,176550.31,1,6669
2024-11-13 10:00:00,18830.28,122318.61,174918.54,1,6304
2024-11-13 11:00:00,20256.44,135056.59,190415.08,1,6570
2024-11-13 12:00:00,22133.68,142963.26,201303.0,1,6712
2024-11-13 13:00:00,21871.77,140124.07,197035.95,1,6672
2024-11-13 14:00:00,24598.94,154835.25,217981.68,1,7237
2024-11-13 15:00:00,26515.04,169328.08,238857.27,1,7806
2024-11-13 16:00:00,26348.53,171482.86,261098.77,1,7855
2024-11-13 17:00:00,25594.37,188959.06,288129.02,1,9633
2024-11-13 18:00:00,27972.21,188283.04,298987.79,1,10396
2024-11-13 19:00:00,26188.13,163301.2,255423.88,1,8904
2024-11-13 20:00:00,28461.78,160415.5,239257.73,1,8754
2024-11-13 21:00:00,27921.33,159032.75,237465.3,1,8962
2024-11-13 22:00:00,27326.88,150168.58,221294.32,1,8062
2024-11-13 23:00:00,16586.53,83896.63,121887.39,1,4280
2024-11-14 00:00:00,9214.33,44529.81,64181.87,1,2146
2024-11-14 01:00:00,3241.19,16295.52,23810.21,1,951
2024-11-14 02:00:00,1494.94,7978.34,11938.34,1,548
2024-11-14 03:00:00,1238.87,6136.46,8507.16,1,329
2024-11-14 04:00:00,126755.84000000001,9953.3,13622.66,1,389
2024-11-14 05:00:00,5603.35,24754.89,33474.24,1,932
2024-11-14 06:00:00,10835.07,49878.76,67885.28,1,2375
2024-11-14 07:00:00,17848.42,96192.04,133959.71,1,5186
2024-11-14 08:00:00,85993.92,123654.2,172642.99,1,6771
2024-11-14 09:00:00,24148.63,120438.24,170766.09,1,6464
2024-11-14 10:00:00,18304.92,120020.05,171624.13,1,6206
2024-11-14 11:00:00,19492.72,126291.41,179429.06,1,6409
2024-11-14 12:00:00,22947.78,146040.13,206594.44,1,6984
2024-11-14 13:00:00,24915.54,155612.78,219730.97,1,7185
2024-11-14 14:00:00,27266.85,171569.48,242065.29,1,8035
2024-11-14 15:00:00,26468.59,171563.98,241623.23,1,8241
2024-11-14 16:00:00,95980.15,185463.45,282430.0,1,8641
2024-11-14 17:00:00,28895.86,204203.14,311608.81,1,10508
2024-11-14 18:00:00,28825.84,190092.48,302908.95,1,10704
2024-11-14 19:00:00,26964.5,168470.55,263329.16,1,9254
2024-11-14 20:00:00,29408.46,168671.28,248382.63,1,8711
2024-11-14 21:00:00,29683.54,174844.25,257801.93,1,9376
2024-11-14 22:00:00,30332.82,170925.23,250592.0,1,8776
2024-11-14 23:00:00,24917.92,128348.03,186938.28,1,6520
2024-11-15 00:00:00,12698.7,65078.5,93952.23,1,3547
2024-11-15 01:00:00,5652.68,29591.35,44092.02,1,1862
2024-11-15 02:00:00,3159.73,17098.17,24946.6,1,1093
2024-11-15 03:00:00,2569.71,13618.5,18888.17,1,689
2024-11-15 04:00:00,3498.92,15996.67,22025.73,1,670
2024-11-15 05:00:00,54094.71000000001,31635.76,43144.49,1,1150
2024-11-15 07:00:00,223748.24,91385.22,125788.11,1,4762
2024-11-15 08:00:00,92661.20999999999,103922.78,144888.53,1,5621
2024-11-15 09:00:00,16441.25,100075.89,141477.18,1,5447
2024-11-15 10:00:00,18589.14,111778.17,159067.87,1,5730
2024-11-15 11:00:00,19786.4,121648.25,172999.36,1,6161
2024-11-15 12:00:00,21124.68,134069.75,187157.04,1,6458
2024-11-15 13:00:00,22544.49,136012.6,192156.81,1,6690
2024-11-15 14:00:00,112904.43,164406.82,230206.69,1,7746
2024-11-15 15:00:00,29403.02,184341.04,256095.77,1,8553
2024-11-15 16:00:00,26742.57,171953.18,261934.85,1,8575
2024-11-15 17:00:00,113025.79,182128.32,279525.58,1,10005
2024-11-15 18:00:00,27642.170000000002,191481.34,293680.83,1,10934
2024-11-15 19:00:00,27415.24,177957.54,269752.37,1,10008
2024-11-15 20:00:00,125818.84,140386.42,203854.81,1,7642
2024-11-15 21:00:00,25861.45,144401.25,212285.69,1,7780
2024-11-15 22:00:00,24722.37,145517.53,214114.63999999998,1,8223
2024-11-15 23:00:00,27069.37,146856.44,209790.81,1,8049
2024-11-16 00:00:00,24405.76,133948.03,190315.35,1,7749
2024-11-16 01:00:00,18712.17,102061.47,146958.87,1,6306
2024-11-16 02:00:00,12027.63,67093.11,97241.07,1,4454
2024-11-16 03:00:00,8726.0,45021.17,64667.49,1,2911
2024-11-16 04:00:00,5582.24,27519.56,38214.47,1,1509
2024-11-16 05:00:00,4952.43,21313.05,28538.45,1,802
2024-11-16 06:00:00,6690.34,28404.61,37867.62,1,1214
2024-11-16 07:00:00,96947.77999999998,35356.89,48389.99,1,1749
2024-11-16 08:00:00,9514.43,46549.23,65813.43,1,2662
2024-11-16 09:00:00,13070.04,67702.85,97291.83,1,4240
2024-11-16 10:00:00,16707.69,91827.1,132698.81,1,5718
2024-11-16 11:00:00,18543.44,105086.48,151217.11,1,6451
2024-11-16 12:00:00,22365.18,130189.46,184102.92,1,7324
2024-11-16 13:00:00,23560.98,139163.07,195115.36,1,7753
2024-11-16 14:00:00,24515.72,145767.93,204376.22,1,7674
2024-11-16 15:00:00,45721.8,161918.59,225315.77,1,8335
2024-11-16 16:00:00,27383.66,172392.36,237715.62,1,8934
2024-11-16 17:00:00,140939.95,188187.98,255943.86,1,9861
2024-11-16 18:00:00,28272.53,178647.26,248427.13,1,9696
2024-11-16 19:00:00,111401.05,178919.88,242275.09,1,9718
2024-11-16 20:00:00,84339.2,155388.04,217578.56,1,7958
2024-11-16 21:00:00,35351.9,154525.84,220271.19,1,8225
2024-11-16 22:00:00,27535.17,168669.04,239753.01,1,9209
2024-11-16 23:00:00,29958.39,173998.86,246382.56,1,9487
2024-11-17 00:00:00,35579.01,130402.25,186293.03,1,7778
2024-11-17 01:00:00,18921.13,110845.94,158204.76,1,6870
2024-11-17 02:00:00,14656.83,80128.75,115231.4,1,5009
2024-11-17 03:00:00,10250.6,53360.02,75224.34,1,3251
2024-11-17 04:00:00,7588.35,37211.21,50953.74,1,1965
2024-11-17 05:00:00,5688.96,24759.27,32431.32,1,927
2024-11-17 06:00:00,8714.6,36600.66,48282.27,1,1379
2024-11-17 07:00:00,152764.96,41742.51,56662.68,1,1771
2024-11-17 08:00:00,80957.15,49625.94,69340.82,1,2449
2024-11-17 09:00:00,14960.61,72087.9,102119.09,1,4009
2024-11-17 10:00:00,85133.45999999999,93080.23,132481.05,1,5314
2024-11-17 11:00:00,21585.99,115004.76,163701.51,1,6421
2024-11-17 12:00:00,101919.92,138377.21,194219.96,1,7319
2024-11-17 13:00:00,166905.54,152285.28,212232.81,1,7476
2024-11-17 14:00:00,28918.68,162247.7,225758.17,1,7828
2024-11-17 15:00:00,29354.29,159069.07,221092.32,1,7392
2024-11-17 16:00:00,65158.29,166911.34,231695.59,1,7757
2024-11-17 17:00:00,27985.25,163260.89,225180.63,1,7895
2024-11-17 18:00:00,198807.78000000003,151072.27,209210.49,1,7466
2024-11-17 19:00:00,25945.97,131238.41,183447.33,1,6125
2024-11-17 20:00:00,23384.37,115350.94,165781.51,1,5312
2024-11-17 21:00:00,21988.49,105399.84,152522.09,1,4857
2024-11-17 22:00:00,19906.46,89655.93,127986.24,1,3818
2024-11-17 23:00:00,18787.78,78165.57,110355.63,1,2987
2024-11-18 00:00:00,7665.8,31745.7,43081.74,1,1335
2024-11-18 01:00:00,2664.46,12433.84,16792.68,1,600
2024-11-18 02:00:00,1247.32,5749.43,7810.58,1,334
2024-11-18 03:00:00,1598.54,6808.88,9118.83,1,277
2024-11-18 04:00:00,2868.85,12058.48,15993.45,1,455
2024-11-18 05:00:00,72452.80000000002,25333.3,34219.78,1,969
2024-11-18 07:00:00,79953.9,88391.1,122101.06,1,4591
2024-11-18 08:00:00,93248.16999999998,111190.68,153706.22,1,5909
2024-11-18 09:00:00,17534.41,102367.16,143998.56,1,5449
2024-11-18 10:00:00,18570.11,106871.34,152720.48,1,5510
2024-11-18 11:00:00,17854.36,109560.8,154363.87,1,5654
2024-11-18 12:00:00,21878.07,122674.77,172723.96,1,5956
2024-11-18 13:00:00,23594.46,132634.17,185589.46,1,6303
2024-11-18 14:00:00,26478.76,146632.02,206115.12,1,6785
2024-11-18 15:00:00,26027.97,150643.99,212544.63,1,7121
2024-11-18 16:00:00,95303.64,157470.5,238950.84,1,7541
2024-11-18 17:00:00,26336.14,169252.55,257766.43,1,8729
2024-11-18 18:00:00,23438.01,148759.55,232954.24,1,8484
2024-11-18 19:00:00,23923.38,127796.33,199711.44,1,6951
2024-11-18 20:00:00,25923.52,128685.71,190824.38999999998,1,6764
2024-11-18 21:00:00,25908.48,130481.25,193167.38,1,7226
2024-11-18 22:00:00,20304.82,99332.9,144555.11,1,5211
2024-11-18 23:00:00,15248.21,67851.72,96165.52,1,3010
2024-11-19 00:00:00,7212.37,31280.95,43482.7,1,1299
2024-11-19 01:00:00,2645.32,11315.53,15787.85,1,623
2024-11-19 02:00:00,881.59,4378.89,6230.66,1,291
2024-11-19 03:00:00,758.67,3793.45,5113.54,1,203
2024-11-19 04:00:00,2163.53,9127.25,11997.19,1,334
2024-11-19 05:00:00,5253.69,21529.21,28881.57,1,808
2024-11-19 06:00:00,8393.84,39569.07,54125.83,1,2069
2024-11-19 07:00:00,96565.09,86949.04,121400.13,1,4762
2024-11-19 08:00:00,202338.77000000002,117296.3,162770.15,1,6427
2024-11-19 09:00:00,16962.41,110411.78,157013.74,1,6063
2024-11-19 10:00:00,18486.79,118929.65,168555.97,1,6211
2024-11-19 11:00:00,18477.91,120147.52,168176.6,1,6176
2024-11-19 12:00:00,20474.67,129958.74,183596.36,1,6577
2024-11-19 13:00:00,21213.49,133028.4,187711.41,1,6449
2024-11-19 14:00:00,24636.14,152662.9,214654.57,1,7110
2024-11-19 15:00:00,23850.9,152347.2,215356.06,1,7391
2024-11-19 16:00:00,24679.43,158270.28,241972.93,1,7587
2024-11-19 17:00:00,24434.87,169400.38,261926.35,1,8921
2024-11-19 18:00:00,23865.57,163303.07,258980.47,1,9799
2024-11-19 19:00:00,23631.76,135601.21,215867.87,1,7786
2024-11-19 20:00:00,25273.2,140195.35,210811.47,1,7976
2024-11-19 21:00:00,29418.97,158720.91,237086.79,1,8988
2024-11-19 22:00:00,24700.56,129006.34,190288.04,1,7242
2024-11-19 23:00:00,16813.28,82947.25,118879.22,1,4269
2024-11-20 00:00:00,7043.09,34227.34,48360.14,1,1737
2024-11-20 01:00:00,2592.92,12763.46,18338.99,1,704
2024-11-20 02:00:00,1138.89,5777.76,8390.46,1,370
2024-11-20 03:00:00,1122.67,5766.78,7735.08,1,257
2024-11-20 04:00:00,1775.62,8186.68,11265.85,1,305
2024-11-20 05:00:00,4492.09,19366.76,26671.38,1,728
2024-11-20 06:00:00,8359.13,39101.71,54203.99,1,2011
2024-11-20 07:00:00,15860.1,89173.97,125784.26,1,4963
2024-11-20 08:00:00,17861.33,114408.27,161654.5,1,6526
2024-11-20 09:00:00,18485.17,118543.82,168616.35,1,6535
2024-11-20 10:00:00,17306.07,114438.66,163857.01,1,6124
2024-11-20 11:00:00,18983.9,128661.92,181138.19,1,6512
2024-11-20 12:00:00,22350.83,141704.74,197953.81,1,6853
2024-11-20 13:00:00,24809.42,142838.52,202649.24,1,6912
2024-11-20 14:00:00,26292.45,166985.17,233560.9,1,7616
2024-11-20 15:00:00,25223.87,165916.69,233254.32,1,7950
2024-11-20 16:00:00,26801.19,176737.69,267484.91,1,8156
2024-11-20 17:00:00,26175.87,185351.88,284228.72,1,9327
2024-11-20 18:00:00,25351.83,178326.09,278892.66,1,10129
2024-11-20 19:00:00,24584.81,150329.91,237550.41,1,8561
2024-11-20 20:00:00,28697.74,156946.23,233680.38,1,8462
2024-11-20 21:00:00,31391.63,171803.69,257398.02,1,9648
2024-11-20 22:00:00,25909.69,139002.7,206490.7,1,7757
2024-11-20 23:00:00,18612.6,91407.03,134587.61,1,4900
2024-11-21 00:00:00,9767.79,47233.36,68773.95,1,2422
2024-11-21 01:00:00,4620.02,22117.82,32181.07,1,1217
2024-11-21 02:00:00,2286.42,10847.03,15545.7,1,598
2024-11-21 03:00:00,1422.65,6888.7,9866.29,1,397
2024-11-21 04:00:00,2989.71,13393.08,17838.85,1,514
2024-11-21 05:00:00,122991.84999999999,26649.69,36510.5,1,1040
2024-11-21 06:00:00,11380.26,55300.6,75935.92,1,2628
2024-11-21 07:00:00,17164.9,100407.86,139969.54,1,5547
2024-11-21 08:00:00,20517.1,132938.63,185424.97,1,7228
2024-11-21 09:00:00,19528.12,132028.19,186687.34,1,7384
2024-11-21 10:00:00,18850.15,132255.11,186202.98,1,6980
2024-11-21 11:00:00,18824.14,137214.85,193667.67,1,7057
2024-11-21 12:00:00,22391.49,145575.81,204216.98,1,6780
2024-11-21 13:00:00,23705.54,157383.21,221429.99,1,7599
2024-11-21 14:00:00,27091.41,178622.1,250161.95,1,8286
2024-11-21 15:00:00,67080.46,193937.56,269657.02,1,8869
2024-11-21 16:00:00,104945.27,208103.6,313246.4,1,9445
2024-11-21 19:00:00,26821.18,188312.7,291929.57,1,10296
2024-11-21 20:00:00,30230.31,188296.93,277734.84,1,10206
2024-11-21 21:00:00,32598.77,191534.42,279275.14,1,10326
2024-11-21 22:00:00,30648.62,176012.07,255245.83,1,9176
2024-11-21 23:00:00,24415.91,127719.2,185788.46,1,6565
2024-11-22 00:00:00,18633.78,89331.67,128593.86,1,4167
2024-11-22 01:00:00,10577.32,48614.82,67793.72,1,2188
2024-11-22 02:00:00,3512.27,17974.77,25576.79,1,1009
2024-11-22 03:00:00,2476.85,11862.65,16926.79,1,642
2024-11-22 04:00:00,3468.32,15356.13,21394.19,1,622
2024-11-22 05:00:00,6719.0,30273.52,41301.91,1,1034
2024-11-22 06:00:00,10693.54,52114.37,70954.56,1,2357
2024-11-22 07:00:00,96252.29000000001,93159.98,127295.24,1,4793
2024-11-22 08:00:00,87196.83,118370.05,165101.18,1,6437
2024-11-22 09:00:00,16947.37,102502.62,146235.69,1,5774
2024-11-22 10:00:00,17106.17,104498.87,150582.76,1,5722
2024-11-22 11:00:00,18236.47,116520.03,166503.49,1,6360
2024-11-22 12:00:00,80606.56999999999,137091.55,194548.02,1,6952
2024-11-22 13:00:00,25110.93,152168.96,214924.63999999998,1,7826
2024-11-22 14:00:00,26670.25,167993.32,237360.98,1,8524
2024-11-22 15:00:00,27987.06,180297.41,252143.32,1,8760
2024-11-22 16:00:00,28360.2,192300.72,292973.04,1,9498
2024-11-22 17:00:00,28160.12,202265.6,316028.78,1,11417
2024-11-22 19:00:00,26109.12,177654.35,275526.52,1,10470
2024-11-22 20:00:00,26367.12,157090.7,228994.41,1,8697
2024-11-22 21:00:00,25741.08,149495.09,218729.3,1,8312
2024-11-22 22:00:00,25189.14,148276.97,216590.45,1,8338
2024-11-22 23:00:00,24572.37,135633.95,198147.07,1,7470
2024-11-23 00:00:00,19787.33,102939.4,150604.53,1,5832
2024-11-23 01:00:00,13615.42,72412.57,105208.06999999999,1,4537
2024-11-23 02:00:00,9366.69,52139.85,75720.99,1,3387
2024-11-23 03:00:00,6233.73,33146.55,48520.15,1,2172
2024-11-23 04:00:00,4680.99,22671.33,31453.59,1,1143
2024-11-23 05:00:00,4704.75,19781.97,26423.32,1,707
2024-11-23 06:00:00,6097.55,27232.97,36736.26,1,1120
2024-11-23 07:00:00,7461.94,33992.38,46648.78,1,1573
2024-11-23 08:00:00,10002.92,47868.76,67886.75,1,2614
2024-11-23 09:00:00,13207.22,68626.72,98898.36,1,4177
2024-11-23 10:00:00,15159.76,83944.69,122159.99,1,5281
2024-11-23 11:00:00,17820.88,103865.85,150832.11,1,6365
2024-11-23 12:00:00,20306.94,124510.62,178018.09,1,7415
2024-11-23 13:00:00,23020.3,139027.36,196229.73,1,7511
2024-11-23 14:00:00,23966.01,144193.32,202116.45,1,7481
2024-11-23 15:00:00,24751.16,153731.65,215329.83,1,8043
2024-11-23 16:00:00,26517.14,166888.52,233251.91,1,8627
2024-11-23 17:00:00,26914.99,171676.73,240607.48,1,9128
2024-11-23 18:00:00,25280.54,166549.36,233316.88,1,9389
2024-11-23 19:00:00,21960.63,144702.39,202810.61,1,8323
2024-11-23 20:00:00,193761.4,123044.65,178129.13,1,6593
2024-11-23 21:00:00,20889.49,124099.08,182102.08,2,7003
2024-11-23 22:00:00,23837.62,142882.25,207335.91,2,8067
2024-11-23 23:00:00,25858.9,149543.37,213725.71,1,8280
2024-11-24 00:00:00,21758.19,119533.86,170147.66,1,6803
2024-11-24 01:00:00,13699.18,78412.9,115550.79,1,5126
2024-11-24 02:00:00,10198.23,56143.9,82364.27,1,3753
2024-11-24 03:00:00,7447.92,38969.2,56545.29,1,2495
2024-11-24 04:00:00,5577.29,27447.41,38494.97,1,1463
2024-11-24 05:00:00,4796.07,19790.11,26730.97,1,726
2024-11-24 07:00:00,98864.12000000001,35555.35,49433.05,1,1563
2024-11-24 08:00:00,9103.21,43441.47,61210.78,1,2204
2024-11-24 09:00:00,12898.57,63707.14,91374.17,1,3707
2024-11-24 10:00:00,16575.83,85997.06,124092.86,1,5025
2024-11-24 11:00:00,17707.86,96906.48,140667.89,1,5680
2024-11-24 12:00:00,21038.9,117591.23,168531.84,1,6603
2024-11-24 13:00:00,23765.26,133134.6,187880.88999999998,1,6895
2024-11-24 14:00:00,211213.28,134472.21,190462.87,1,6955
2024-11-24 15:00:00,24636.86,139166.85,195855.23,1,6853
2024-11-24 16:00:00,25667.26,145073.59,203051.53,1,7031
2024-11-24 17:00:00,22344.9,134311.29,189583.55,1,6976
2024-11-24 18:00:00,22064.52,129486.91,182608.9,1,6915
2024-11-24 19:00:00,19666.86,103687.74,146441.3,1,5229
2024-11-24 20:00:00,18186.08,89893.55,132018.42,1,4765
2024-11-24 21:00:00,17347.63,83114.92,122977.37,1,4373
2024-11-24 22:00:00,15317.33,70980.29,102908.06,1,3576
2024-11-24 23:00:00,12385.55,56079.62,81258.84,1,2664
2024-11-25 00:00:00,7136.75,31353.85,44358.1,1,1495
2024-11-25 01:00:00,2080.1,9515.6,13611.88,1,570
2024-11-25 02:00:00,1313.67,5663.47,8106.36,1,325
2024-11-25 03:00:00,1200.67,5399.85,7313.88,1,244
2024-11-25 04:00:00,2550.96,10752.21,14556.88,1,359
2024-11-25 05:00:00,4928.32,20581.79,27666.54,1,758
2024-11-25 06:00:00,8416.74,37485.24,51338.37,1,1815
2024-11-25 07:00:00,24571.31,65538.55,92617.19,1,3663
2024-11-25 08:00:00,53943.5,84980.18,119901.65,1,4875
2024-11-25 09:00:00,65090.719999999994,91082.68,129379.4,1,5111
2024-11-25 10:00:00,15692.69,96304.11,137301.06,1,5243
2024-11-25 11:00:00,17011.2,106961.38,151419.92,1,5764
2024-11-25 12:00:00,18675.01,114779.7,162266.92,1,6113
2024-11-25 13:00:00,19958.82,124297.17,173278.66,1,6281
2024-11-25 14:00:00,23227.63,143279.84,200573.43,1,6903
2024-11-25 15:00:00,22760.05,142576.04,200456.34,1,7254
2024-11-25 16:00:00,23098.62,143216.43,219638.67,1,7194
2024-11-25 17:00:00,21240.33,141140.37,218598.95,1,7767
2024-11-25 18:00:00,21436.3,135824.33,215251.33,1,8170
2024-11-25 19:00:00,18744.37,102497.0,162650.17,1,6038
2024-11-25 20:00:00,17990.05,93521.28,141322.74,1,5532
2024-11-25 21:00:00,18833.29,98727.13,148047.23,1,5848
2024-11-25 22:00:00,15584.23,76947.28,113462.12,1,4246
2024-11-25 23:00:00,29246.870000000003,49808.39,72473.77,1,2514
2024-11-26 00:00:00,5221.72,24379.27,34839.41,1,1258
2024-11-26 01:00:00,2719.33,12489.53,17322.43,1,629
2024-11-26 02:00:00,1069.91,4805.76,6953.15,1,292
2024-11-26 03:00:00,1199.16,5188.0,7087.65,1,223
2024-11-26 04:00:00,44292.87,15426.78,20800.96,1,477
2024-11-26 05:00:00,4774.18,21422.2,29024.0,1,816
2024-11-26 06:00:00,8073.73,37387.68,51034.28,1,1865
2024-11-26 07:00:00,12974.96,73759.86,103889.35,1,4185
2024-11-26 08:00:00,96634.26,110512.27,155797.95,1,6455
2024-11-26 09:00:00,20139.49,110131.66,155518.76,1,6112
2024-11-26 10:00:00,16564.63,109334.62,155821.83,1,6008
2024-11-26 11:00:00,18008.14,117641.34,165232.89,1,6127
2024-11-26 12:00:00,19150.11,124597.75,175392.73,1,6474
2024-11-26 13:00:00,21083.87,135520.83,189911.61,1,6806
2024-11-26 14:00:00,24160.57,152718.78,213615.12,1,7300
2024-11-26 15:00:00,23021.56,154366.09,215289.55,1,7703
2024-11-26 16:00:00,24631.02,169948.77,254769.15,1,7960
2024-11-26 17:00:00,137954.92,160913.45,246204.07,1,8189
2024-11-26 18:00:00,20788.61,149560.08,233236.31,1,8402
2024-11-26 19:00:00,20128.49,122194.5,190465.67,1,6761
2024-11-26 20:00:00,18837.23,104035.03,154822.88,1,5797
2024-11-26 21:00:00,18132.54,99192.07,148426.62,1,5804
2024-11-26 22:00:00,18817.79,98830.11,145604.99,1,5344
2024-11-26 23:00:00,13865.67,66306.77,96551.49,1,3437
2024-11-27 00:00:00,6895.11,33282.67,47675.73,1,1724
2024-11-27 01:00:00,2935.98,13605.88,19724.09,1,833
2024-11-27 02:00:00,1538.52,7493.29,11138.2,1,493
2024-11-27 03:00:00,1790.41,8385.0,11346.82,1,387
2024-11-27 04:00:00,4331.97,19213.83,26092.05,1,590
2024-11-27 05:00:00,5393.66,24038.23,32914.53,1,854
2024-11-27 06:00:00,7974.57,36010.65,48800.84,1,1676
2024-11-27 07:00:00,10588.24,54620.23,75200.75,1,2814
2024-11-27 08:00:00,12083.5,69673.73,98259.52,1,3935
2024-11-27 09:00:00,14419.18,87413.09,123749.06999999999,1,4789
2024-11-27 10:00:00,17615.82,98912.87,139386.42,1,5349
2024-11-27 11:00:00,17332.11,114965.08,162188.24,1,6117
2024-11-27 12:00:00,19064.55,125659.72,175871.87,1,6562
2024-11-27 13:00:00,21139.57,136558.49,189212.02,1,6826
2024-11-27 14:00:00,26754.09,169075.6,234293.79,1,8134
2024-11-27 15:00:00,25296.5,173239.28,239267.15,1,8205
2024-11-27 16:00:00,26468.79,179879.28,268917.5,1,8520
2024-11-27 17:00:00,23490.8,158701.41,240711.54,1,8134
2024-11-27 18:00:00,21006.38,140962.48,217090.72,1,7981
2024-11-27 19:00:00,19704.87,115775.73,177344.14,1,6370
2024-11-27 20:00:00,16876.54,90305.09,132087.09,2,4930
2024-11-27 21:00:00,15767.54,87240.35,128204.74,2,4905
2024-11-27 22:00:00,14561.41,78869.18,114566.98,2,4397
2024-11-27 23:00:00,11962.54,59375.87,85618.0,1,3194
2024-11-28 00:00:00,7660.5,37986.32,54882.82,1,2192
2024-11-28 01:00:00,5306.06,26612.71,38226.26,1,1721
2024-11-28 02:00:00,4114.35,21308.46,30636.07,1,1310
2024-11-28 03:00:00,3924.91,18978.21,26595.75,1,995
2024-11-28 04:00:00,3814.84,19025.94,26091.7,1,799
2024-11-28 05:00:00,4491.82,20409.68,27400.67,1,739
2024-11-28 06:00:00,5839.77,26242.64,34654.84,1,1089
2024-11-28 07:00:00,6116.61,29282.87,40552.27,1,1474
2024-11-28 08:00:00,6011.17,31966.06,45109.77,1,1777
2024-11-28 09:00:00,7318.15,39663.16,56964.23,1,2490
2024-11-28 10:00:00,10499.8,59392.01,84281.71,1,3318
2024-11-28 11:00:00,11952.01,70144.93,98950.43,1,4021
2024-11-28 12:00:00,15245.52,86618.37,119067.87,1,4512
2024-11-28 13:00:00,17613.64,98825.53,135981.07,1,4875
2024-11-28 14:00:00,20139.27,111105.77,152162.6,1,5485
2024-11-28 15:00:00,84873.16,101353.79,138619.83,2,5384
2024-11-28 16:00:00,19076.47,102938.03,139700.25,2,5427
2024-11-28 17:00:00,15646.77,84436.84,115822.3,2,4822
2024-11-28 18:00:00,14205.19,73557.31,102683.91,2,4488
2024-11-28 20:00:00,14856.41,78092.72,111450.74,2,4730
2024-11-28 21:00:00,14659.71,75009.1,106950.68,2,4565
2024-11-28 22:00:00,13206.62,65701.31,92071.46,1,3755
2024-11-28 23:00:00,10779.73,50336.83,68555.5,1,2660
2024-11-29 00:00:00,6056.01,28188.7,37228.74,1,1493
2024-11-29 01:00:00,2551.04,12794.77,17404.36,1,737
2024-11-29 02:00:00,1366.82,6648.93,9297.63,1,406
2024-11-29 03:00:00,1361.41,6414.0199999999995,8995.28,1,308
2024-11-29 04:00:00,1755.15,7615.78,10265.51,1,309
2024-11-29 05:00:00,3119.26,13176.31,17423.94,1,449
2024-11-29 06:00:00,4616.2,20321.41,27296.11,1,830
2024-11-29 07:00:00,5259.95,24605.54,33822.88,1,1228
2024-11-29 08:00:00,6939.91,34577.77,49726.29,1,1976
2024-11-29 09:00:00,8886.7,45699.57,65682.93,1,2794
2024-11-29 10:00:00,12368.39,64544.02,93363.59,1,3765
2024-11-29 11:00:00,14315.17,79331.29,114016.72,1,4653
2024-11-29 12:00:00,17094.55,94814.85,135345.62,2,5406
2024-11-29 13:00:00,18482.85,105936.79,150666.37,2,5857
2024-11-29 14:00:00,22142.33,122920.22,173934.44,2,6405
2024-11-29 15:00:00,21660.59,123596.88,174310.88999999998,2,6383
2024-11-29 16:00:00,23423.65,139172.65,213766.06,2,7136
2024-11-29 17:00:00,18816.49,111384.06,171340.11,2,5873
2024-11-29 18:00:00,18451.09,110289.94,172211.46,2,6138
2024-11-29 19:00:00,73113.7,101277.18,156720.13,2,5455
2024-11-29 20:00:00,16097.04,85707.11,126985.24,2,4801
2024-11-29 21:00:00,17254.99,90736.02,134562.77,2,5082
2024-11-29 22:00:00,17833.78,91819.12,134823.99,2,4901
2024-11-29 23:00:00,14160.91,72432.0,105930.67,2,4076
2024-11-30 00:00:00,9813.9,46640.28,68455.59,1,2776
2024-11-30 01:00:00,4950.81,25618.27,37637.18,1,1701
2024-11-30 02:00:00,4174.63,21423.26,31455.7,1,1430
2024-11-30 03:00:00,3502.27,16849.64,24279.5,1,1077
2024-11-30 04:00:00,3512.24,17207.44,23547.73,1,751
2024-11-30 05:00:00,3465.46,14991.69,20551.16,1,467
2024-11-30 06:00:00,5026.33,20966.21,28055.77,1,791
2024-11-30 07:00:00,6142.34,26301.03,36393.57,1,1114
2024-11-30 08:00:00,8353.89,39550.73,56075.85,1,1988
2024-11-30 09:00:00,11889.35,57635.47,82831.48,1,3109
2024-11-30 10:00:00,13819.75,71712.22,103917.87,1,4189
2024-11-30 11:00:00,16566.83,90040.01,129569.58,1,5139
2024-11-30 12:00:00,18129.18,103883.77,148494.56,1,5834
2024-11-30 13:00:00,22409.64,127548.28,179494.5,2,6245
2024-11-30 14:00:00,24814.58,135198.67,190826.37,1,6597
2024-11-30 15:00:00,27500.84,155499.23,218300.34,2,7358
2024-11-30 16:00:00,27691.4,160240.71,223810.23,2,7446
2024-11-30 17:00:00,76439.24,145259.87,202436.26,2,7174
2024-11-30 18:00:00,23490.24,140703.45,197192.52,2,7125
2024-11-30 19:00:00,23091.47,134049.75,188399.44,2,6792
2024-11-30 20:00:00,22684.49,122823.74,178219.05,2,5986
2024-11-30 21:00:00,21923.16,113458.33,166377.84,2,5560
2024-11-30 22:00:00,21842.23,116438.4,169893.68,2,6000
2024-11-30 23:00:00,21426.53,109218.18,157582.01,1,5482
2024-12-01 00:00:00,7.96,46.8,70.6,1,3
2024-12-01 15:00:00,5.35,36.8,53.76,1,2
2024-12-01 16:00:00,3.8499999999999996,27.0,40.25,1,2
2024-12-01 17:00:00,2.66,17.0,25.2,1,1
2024-12-01 18:00:00,0.74,5.1,10.92,1,1
2024-12-01 19:00:00,0.85,7.2,13.44,1,1
2024-12-01 20:00:00,3.66,20.5,33.15,1,1
2024-12-01 21:00:00,1.79,14.2,19.2,1,1
2024-12-01 22:00:00,2.73,14.9,23.88,1,1
2024-11-30 22:00:00,2.45,19.3,35.16,1,2
2024-11-30 23:00:00,83.59,457.5,700.46,1,24
2024-12-01 00:00:00,17703.54,85682.13,123240.38,1,4388
2024-12-01 01:00:00,8849.91,45197.41,65845.51,1,2756
2024-12-01 02:00:00,5840.85,29923.25,44729.27,1,2065
2024-12-01 03:00:00,5062.44,26016.96,36774.16,1,1518
2024-12-01 04:00:00,4959.62,23496.69,32158.81,1,1108
2024-12-01 05:00:00,4259.68,18685.35,24976.37,1,627
2024-12-01 06:00:00,5726.23,24340.29,32562.66,1,888
2024-12-01 07:00:00,8238.59,34193.39,47161.69,1,1379
2024-12-01 08:00:00,10643.32,45886.84,64330.51,1,2053
2024-12-01 09:00:00,13045.98,61642.85,88027.15,1,3255
2024-12-01 10:00:00,17588.0,87701.5,126807.59,1,4579
2024-12-01 11:00:00,17474.76,92383.02,134379.56,1,5228
2024-12-01 12:00:00,21330.65,113556.79,162212.19,1,5766
2024-12-01 13:00:00,22816.6,124552.37,176337.35,1,6124
2024-12-01 14:00:00,26732.16,146889.56,207736.33,1,6637
2024-12-01 15:00:00,26656.53,146089.1,204552.17,1,6555
2024-12-01 16:00:00,26857.08,148273.61,209640.71,1,6848
2024-12-01 17:00:00,24643.56,139599.56,196626.35,1,6515
2024-12-01 18:00:00,21294.92,120915.45,170954.97,1,6063
2024-12-01 19:00:00,22174.65,115945.33,165323.97,1,5434
2024-12-01 20:00:00,23163.07,114104.03,166682.97,1,5083
2024-12-01 21:00:00,22242.66,104361.19,152451.49,1,4461
2024-12-01 22:00:00,19735.52,88833.36,128953.96,1,3571
2024-12-01 23:00:00,18680.19,80629.21,113634.23,1,2737
2024-12-02 00:00:00,9484.59,38694.26,54264.04,1,1310
2024-12-02 01:00:00,6141.59,25823.69,34373.65,1,800
2024-12-02 02:00:00,1600.49,7425.27,9898.28,1,307
2024-12-02 03:00:00,1289.36,5638.91,7732.15,1,238
2024-12-02 04:00:00,2110.82,8935.5,12176.5,1,316
2024-12-02 05:00:00,6487.83,27305.44,36510.89,1,848
2024-12-02 06:00:00,9913.9,44706.51,60714.25,1,1967
2024-12-02 07:00:00,109216.06999999999,77545.23,108807.92,1,4051
2024-12-02 08:00:00,18651.46,111904.91,156728.59,1,5574
2024-12-02 09:00:00,18423.28,107781.83,152952.39,1,5373
2024-12-02 10:00:00,18973.41,111263.55,159291.09,1,5481
2024-12-02 11:00:00,18306.78,109881.29,156094.87,1,5571
2024-12-02 12:00:00,21643.48,128462.53,181516.68,1,6055
2024-12-02 13:00:00,24654.47,140628.36,196871.08,1,6356
2024-12-02 14:00:00,29293.05,164837.32,231566.91,1,7331
2024-12-02 15:00:00,29053.07,168622.94,237292.41,1,7716
2024-12-02 16:00:00,28463.25,165409.06,252417.95,1,7409
2024-12-02 17:00:00,28142.49,173656.14,268504.2,1,8537
2024-12-02 18:00:00,25158.4,153785.08,243427.01,1,8644
2024-12-02 19:00:00,24706.8,128485.48,203061.58,1,6751
2024-12-02 20:00:00,26186.3,128902.6,192468.79,1,6523
2024-12-02 21:00:00,26461.25,131210.38,195554.95,1,6685
2024-12-02 22:00:00,24676.89,114038.63,166907.01,1,5234
2024-12-02 23:00:00,20113.54,82720.65,118988.79,1,3090
2024-12-03 00:00:00,10496.12,43233.09,61177.12,1,1559
2024-12-03 01:00:00,5064.39,21578.14,28947.3,1,699
2024-12-03 02:00:00,1134.71,5407.94,7534.55,1,296
2024-12-03 03:00:00,1107.21,4597.44,6270.45,1,210
2024-12-03 04:00:00,1863.93,7962.36,10822.76,1,277
2024-12-03 05:00:00,5780.53,23978.55,32470.3,1,844
2024-12-03 06:00:00,8273.74,38222.9,52374.92,1,1950
2024-12-03 07:00:00,14697.53,81885.49,116128.62,1,4631
2024-12-03 08:00:00,19510.01,120208.46,170431.06,1,6604
2024-12-03 09:00:00,18389.81,117678.66,167549.35,1,6229
2024-12-03 10:00:00,20121.08,123543.24,175688.99,1,6033
2024-12-03 11:00:00,21239.46,138536.62,195693.98,1,6411
2024-12-03 12:00:00,23185.07,146002.56,204929.38999999998,1,6738
2024-12-03 13:00:00,23858.97,146529.99,205108.79,1,6759
2024-12-03 14:00:00,26226.36,161112.74,226371.31,1,7261
2024-12-03 15:00:00,26335.93,166149.7,233929.65,1,7717
2024-12-03 16:00:00,26276.93,171396.13,261074.03,1,7851
2024-12-03 17:00:00,28070.85,190175.0,291804.55,1,9203
2024-12-03 18:00:00,26204.0,178983.09,280501.8,1,9726
2024-12-03 19:00:00,24338.8,148284.53,237028.68,1,8418
2024-12-03 20:00:00,30173.26,162166.67,242764.73,1,8762
2024-12-03 21:00:00,32222.43,170810.24,255389.59,1,9312
2024-12-03 22:00:00,27127.55,142448.44,212645.18,1,7629
2024-12-03 23:00:00,17632.68,86215.94,126694.05,1,4144
2024-12-04 00:00:00,9271.07,42781.71,61204.05,1,1929
2024-12-04 01:00:00,3774.95,16825.86,23900.79,1,856
2024-12-04 02:00:00,1162.69,6116.41,8805.54,1,379
2024-12-04 03:00:00,1551.66,7168.1,9865.69,1,285
2024-12-04 04:00:00,2415.2400000000002,10244.16,14020.11,1,336
2024-12-04 05:00:00,4218.59,18620.4,25777.04,1,748
2024-12-04 06:00:00,8017.66,37697.06,52505.409999999996,1,1934
2024-12-04 07:00:00,64021.869999999995,83915.57,118694.69,1,4754
2024-12-04 08:00:00,18305.64,120172.78,171352.53,1,6805
2024-12-04 09:00:00,17273.0,115802.24,166063.03,1,6347
2024-12-04 10:00:00,17892.91,122300.1,174156.71,1,6126
2024-12-04 11:00:00,19358.35,131519.86,185955.11,1,6451
2024-12-04 12:00:00,21208.62,142312.61,200036.44,1,6685
2024-12-04 13:00:00,22464.62,148578.84,208271.21,1,6876
2024-12-04 14:00:00,26709.25,174956.96,244169.96,1,7625
2024-12-04 15:00:00,26433.33,173169.33,243886.76,1,7804
2024-12-04 16:00:00,104885.36,186546.03,279099.12,1,7976
2024-12-04 17:00:00,91582.81999999999,184671.57,282289.19,1,9082
2024-12-04 18:00:00,26944.58,186548.07,291862.98,1,10020
2024-12-04 19:00:00,26311.0,162581.42,253934.94,1,8619
2024-12-04 20:00:00,28576.99,162812.88,240759.63999999998,1,8529
2024-12-04 21:00:00,32251.28,180030.12,266198.12,1,9438
2024-12-04 22:00:00,29847.16,163261.43,238621.66,1,8237
2024-12-04 23:00:00,23118.46,121408.54,177145.85,1,5955
2024-12-05 00:00:00,129377.98999999999,61118.22,86828.53,1,2885
2024-12-05 01:00:00,5121.85,24040.55,34496.16,1,1271
2024-12-05 02:00:00,1571.64,8334.67,12242.28,1,531
2024-12-05 03:00:00,1465.41,7187.4,10299.46,1,371
2024-12-05 04:00:00,2077.31,8854.79,12247.16,1,319
2024-12-05 05:00:00,4911.16,22006.63,30291.4,1,784
2024-12-05 06:00:00,9370.31,45527.94,62815.27,1,2312
2024-12-05 07:00:00,15226.53,87723.99,123816.48,1,4923
2024-12-05 08:00:00,19596.24,123157.77,174661.44,1,6778
2024-12-05 09:00:00,19182.05,124578.91,178367.53,1,6593
2024-12-05 10:00:00,20260.73,130701.72,185278.9,1,6428
2024-12-05 11:00:00,19989.29,135114.55,191510.19,1,6602
2024-12-05 12:00:00,24992.23,162287.11,227280.15,1,7315
2024-12-05 13:00:00,107048.98,158537.37,223374.17,1,7193
2024-12-05 14:00:00,28040.86,180808.31,252301.21,1,7907
2024-12-05 15:00:00,27807.48,186132.72,260099.91,1,8312
2024-12-05 16:00:00,28496.71,192680.07,290376.06,1,8529
2024-12-05 17:00:00,30155.8,215422.61,327627.38,1,10313
2024-12-05 19:00:00,27465.45,180071.37,281016.0,1,9722
2024-12-05 20:00:00,31978.03,188987.11,278714.32,1,9759
2024-12-05 21:00:00,34159.88,203097.79,297473.95,1,10367
2024-12-05 22:00:00,33370.16,200646.44,291511.95,1,9874
2024-12-05 23:00:00,31296.44,164780.88,240683.11,1,8054
2024-12-06 00:00:00,22170.41,110725.97,159588.71,1,5138
2024-12-06 01:00:00,10833.22,54120.29,77791.49,1,2727
2024-12-06 02:00:00,3779.63,20340.22,30644.38,1,1353
2024-12-06 03:00:00,2440.61,14639.84,20759.05,1,693
2024-12-06 04:00:00,2701.52,13338.45,18876.46,1,530
2024-12-06 05:00:00,4727.84,22120.81,30705.89,1,784
2024-12-06 06:00:00,8541.35,41894.8,57452.14,1,1886
2024-12-06 07:00:00,62685.97,82628.66,115354.99,1,4308
2024-12-06 08:00:00,194594.71,100217.38,142828.64,1,5654
2024-12-06 09:00:00,18052.22,109241.64,155381.78,1,5787
2024-12-06 10:00:00,63656.71,121053.7,172211.73,1,6073
2024-12-06 11:00:00,19562.53,128712.39,181702.79,1,6402
2024-12-06 12:00:00,23258.54,148440.01,207999.28,1,6796
2024-12-06 13:00:00,22636.2,147114.76,205727.36,1,6866
2024-12-06 14:00:00,27290.43,179617.83,251175.92,1,8060
2024-12-06 15:00:00,30471.27,202405.41,283714.43,1,9137
2024-12-06 16:00:00,28047.86,188140.91,285685.01,1,8876
2024-12-06 17:00:00,29583.73,208066.07,319303.72,1,10382
2024-12-06 19:00:00,25821.43,183758.39,281506.68,1,10038
2024-12-06 20:00:00,25824.8,161444.38,234392.25,1,8302
2024-12-06 21:00:00,26330.79,162004.33,236793.93,1,8327
2024-12-06 22:00:00,148876.13,175069.55,253132.52,1,9036
2024-12-06 23:00:00,25271.16,153593.32,223973.91,1,8638
2024-12-07 00:00:00,25139.72,142743.76,208760.8,1,7936
2024-12-07 01:00:00,16559.96,94368.49,139343.81,1,5772
2024-12-07 02:00:00,9966.98,58622.68,87200.31,1,3970
2024-12-07 03:00:00,5938.22,32408.87,47727.05,1,2069
2024-12-07 04:00:00,4095.05,20526.95,29374.15,1,1134
2024-12-07 05:00:00,2989.09,13571.65,18673.83,1,518
2024-12-07 06:00:00,4872.31,22053.57,29940.99,1,908
2024-12-07 07:00:00,6411.65,30698.27,42820.52,1,1572
2024-12-07 08:00:00,9095.07,46046.11,66279.06,1,2729
2024-12-07 09:00:00,12585.42,69929.28,101470.92,1,4388
2024-12-07 10:00:00,16317.87,93688.48,135621.85,1,5712
2024-12-07 11:00:00,113230.65,109930.07,159394.42,1,6699
2024-12-07 12:00:00,21949.15,134357.51,191370.28,1,7535
2024-12-07 13:00:00,21961.56,143287.39,201262.12,1,7549
2024-12-07 14:00:00,25421.13,159266.37,224285.96,1,8098
2024-12-07 15:00:00,28451.04,179535.19,249974.21,1,8576
2024-12-07 16:00:00,65583.48,177965.8,245772.57,1,8625
2024-12-07 17:00:00,28800.76,182756.52,251739.26,1,9107
2024-12-07 18:00:00,27961.95,197545.2,272861.79,1,9997
2024-12-07 19:00:00,25958.63,183115.83,253051.72,1,9516
2024-12-07 20:00:00,24169.5,159330.22,226850.5,2,8116
2024-12-07 21:00:00,23001.9,151138.25,216558.58,1,7760
2024-12-07 22:00:00,24992.41,169527.93,240892.88999999998,1,8681
2024-12-07 23:00:00,28097.76,177342.63,250008.92,1,8932
2024-12-08 00:00:00,24897.57,149841.41,215754.82,1,8369
2024-12-08 01:00:00,16913.8,100589.0,147439.27,1,6303
2024-12-08 02:00:00,11557.59,66533.5,96924.33,1,4251
2024-12-08 03:00:00,8059.71,43472.6,63510.09,1,2688
2024-12-08 04:00:00,5944.81,29622.15,41430.68,1,1459
2024-12-08 05:00:00,4239.65,18980.51,26065.04,1,651
2024-12-08 06:00:00,5696.83,25575.1,34309.52,1,914
2024-12-08 07:00:00,7685.4,35167.1,49127.6,1,1444
2024-12-08 08:00:00,10314.81,49865.16,69700.59,1,2346
2024-12-08 09:00:00,13858.24,71061.61,102398.84,1,3879
2024-12-08 10:00:00,18207.37,99173.21,142907.58,1,5487
2024-12-08 11:00:00,20865.17,120225.47,172692.43,1,6326
2024-12-08 12:00:00,24445.02,143069.61,203050.56,1,7175
2024-12-08 13:00:00,25741.68,150244.25,210524.92,1,7086
2024-12-08 14:00:00,29453.47,168213.47,235837.12,1,7292
2024-12-08 15:00:00,29587.02,172115.4,239114.22,1,7474
2024-12-08 16:00:00,32642.69,190885.58,265146.32,1,7870
2024-12-08 17:00:00,29112.98,175071.92,242470.25,1,7454
2024-12-08 18:00:00,26076.11,152704.29,213469.54,1,7106
2024-12-08 19:00:00,23981.99,132924.98,186363.52,1,6281
2024-12-08 20:00:00,22721.42,115087.5,167542.57,1,5328
2024-12-08 21:00:00,20298.71,102229.4,149636.53,1,4859
2024-12-08 22:00:00,19495.13,90412.4,130266.42,1,3920
2024-12-08 23:00:00,15672.63,70474.41,100654.85,1,2683
2024-12-09 00:00:00,8134.71,35491.52,49886.15,1,1397
2024-12-09 01:00:00,4385.41,19543.9,26067.66,1,674
2024-12-09 02:00:00,1262.3,6013.69,8534.4,1,354
2024-12-09 03:00:00,1191.8700000000001,5205.32,7219.71,1,239
2024-12-09 04:00:00,3271.91,14587.81,19785.53,1,456
2024-12-09 05:00:00,5839.24,25154.79,33869.68,1,872
2024-12-09 06:00:00,9522.12,44750.35,61756.49,1,2012
2024-12-09 07:00:00,14158.0,77655.2,109842.17,1,4195
2024-12-09 08:00:00,17612.52,105019.55,150470.29,1,5691
2024-12-09 09:00:00,17989.96,106354.5,152571.33,1,5538
2024-12-09 10:00:00,19262.1,116148.38,165860.21,1,5578
2024-12-09 11:00:00,19643.19,123245.03,174767.78,1,5858
2024-12-09 12:00:00,22424.11,142654.9,201268.8,1,6846
2024-12-09 13:00:00,24061.71,161629.5,225357.71,1,7399
2024-12-09 14:00:00,27831.13,176876.45,247393.47,1,7905
2024-12-09 15:00:00,27616.37,176284.97,245743.26,1,7766
2024-12-09 16:00:00,28618.38,182240.21,274468.16,1,7998
2024-12-09 17:00:00,27035.22,181760.26,277292.22,1,8777
2024-12-09 18:00:00,25953.93,170040.21,263373.8,1,9008
2024-12-09 19:00:00,22076.7,124592.45,197958.58,1,6894
2024-12-09 20:00:00,24809.81,131805.53,196146.77,1,6721
2024-12-09 21:00:00,24640.43,130961.38,193965.41,1,7105
2024-12-09 22:00:00,22380.13,112924.92,166030.68,1,5833
2024-12-09 23:00:00,15449.67,71976.07,104158.12,1,3308
2024-12-10 00:00:00,7373.95,33930.07,48226.66,1,1538
2024-12-10 01:00:00,2935.14,13402.75,19072.42,1,679
2024-12-10 02:00:00,1220.24,5603.31,8131.18,1,323
2024-12-10 03:00:00,863.21,4036.2,5496.53,1,188
2024-12-10 04:00:00,2227.88,9763.92,13515.0,1,321
2024-12-10 05:00:00,4531.6,20250.56,27551.35,1,736
2024-12-10 06:00:00,9014.21,41233.59,56054.409999999996,1,1958
2024-12-10 07:00:00,14819.58,84191.73,119465.18,1,4644
2024-12-10 08:00:00,18163.7,114284.12,163237.9,1,6330
2024-12-10 09:00:00,18639.27,122849.48,175587.43,1,6413
2024-12-10 10:00:00,18289.96,124771.36,177897.02,1,6144
2024-12-10 11:00:00,18530.27,129866.91,183729.69,1,6193
2024-12-10 12:00:00,21714.18,147237.03,207047.9,1,6775
2024-12-10 13:00:00,22616.67,157544.33,220599.18,1,7138
2024-12-10 14:00:00,28162.63,192926.27,269049.89,1,8106
2024-12-10 15:00:00,27417.170000000002,192419.28,267467.28,1,8091
2024-12-10 16:00:00,27136.67,191616.84,287035.36,1,8219
2024-12-10 17:00:00,25800.49,193786.46,294346.1,1,9174
2024-12-10 18:00:00,26712.7,192518.5,301358.46,1,10348
2024-12-10 19:00:00,62963.75,171442.62,269841.82,1,9467
2024-12-10 20:00:00,31542.78,194837.7,291131.78,1,10901
2024-12-10 21:00:00,31112.64,193036.4,283202.55,1,10427
2024-12-10 22:00:00,28429.23,162521.92,239573.98,1,8745
2024-12-10 23:00:00,20314.58,106365.91,155666.3,1,5331
2024-12-11 00:00:00,10397.24,50593.86,72338.12,1,2348
2024-12-11 01:00:00,4521.83,21154.04,30022.26,1,1097
2024-12-11 02:00:00,1411.25,7190.25,10856.93,1,463
2024-12-11 03:00:00,1020.77,4991.53,7103.91,1,283
2024-12-11 04:00:00,2038.66,9332.42,12764.92,1,345
2024-12-11 05:00:00,14427.44,21879.11,30111.32,1,856
2024-12-11 06:00:00,9320.47,46043.52,64214.18,1,2331
2024-12-11 07:00:00,18548.46,107582.78,151042.07,1,5679
2024-12-11 08:00:00,20818.8,132901.68,186939.27,1,7039
2024-12-11 09:00:00,19008.19,123770.48,176378.16,1,6566
2024-12-11 10:00:00,18748.39,125615.07,179925.82,1,6254
2024-12-11 11:00:00,19627.96,139007.21,195913.16,1,6334
2024-12-11 12:00:00,20929.11,161777.76,225077.37,1,7479
2024-12-11 13:00:00,22051.47,159602.8,220737.65,1,6873
2024-12-11 14:00:00,22849.59,165417.41,229488.81,1,7054
2024-12-11 15:00:00,23935.29,169177.82,234621.75,1,7215
2024-12-11 16:00:00,23576.4,179159.55,267315.15,1,7843
2024-12-11 17:00:00,24387.84,201122.42,302456.05,1,9143
2024-12-11 19:00:00,65281.829999999994,212995.76,324204.89,1,10690
2024-12-11 20:00:00,32650.31,201397.13,294501.19,1,10458
2024-12-11 21:00:00,34378.36,203833.99,297124.53,1,10290
2024-12-11 22:00:00,33342.24,188244.87,272603.01,1,9093
2024-12-11 23:00:00,24232.08,127264.07,185454.84,1,6349
2024-12-12 00:00:00,16690.09,84470.79,122348.11,1,3846
2024-12-12 01:00:00,7970.13,37337.82,54977.51,1,1803
2024-12-12 02:00:00,2367.05,13031.26,19047.07,1,739
2024-12-12 03:00:00,1701.57,8837.74,12832.91,1,473
2024-12-12 04:00:00,2511.66,11222.78,15569.48,1,439
2024-12-12 05:00:00,63777.42,22763.55,31770.15,1,844
2024-12-12 06:00:00,9277.97,45772.32,63022.62,1,2208
2024-12-12 07:00:00,76173.88,96519.92,135777.68,1,5208
2024-12-12 08:00:00,20419.68,136987.46,192244.52,1,7171
2024-12-12 09:00:00,88694.24,129833.17,184987.36,1,6826
2024-12-12 10:00:00,20314.57,139351.91,199058.98,1,6719
2024-12-12 11:00:00,21146.72,151366.47,212270.34,1,6703
2024-12-12 12:00:00,22913.03,158419.06,222914.35,1,7255
2024-12-12 13:00:00,26118.25,175422.86,244218.41,1,7371
2024-12-12 14:00:00,29171.25,201019.8,279046.75,1,8358
2024-12-12 19:00:00,29544.24,203579.39,314438.74,1,10566
2024-12-12 20:00:00,32146.3,197403.15,289517.74,1,9914
2024-12-12 22:00:00,34972.18,214715.82,308417.69,1,10218
2024-12-12 23:00:00,35316.56,197888.02,281186.7,1,8924
2024-12-13 00:00:00,23539.47,133663.02,189678.0,1,6350
2024-12-13 01:00:00,11525.59,65672.1,94276.26,1,3542
2024-12-13 02:00:00,5477.48,30998.09,45341.11,1,1863
2024-12-13 03:00:00,3020.7,16779.59,24615.45,1,1018
2024-12-13 04:00:00,3226.86,16641.58,23160.6,1,696
2024-12-13 05:00:00,5384.13,22404.27,31356.71,1,928
2024-12-13 06:00:00,9290.24,44510.16,60268.3,1,1928
2024-12-13 07:00:00,140672.5,86691.52,122097.88,1,4781
2024-12-13 08:00:00,17077.12,106171.84,150382.72,1,5780
2024-12-13 09:00:00,19008.08,114809.51,164273.53,1,5891
2024-12-13 10:00:00,19795.54,123419.66,176330.26,1,6264
2024-12-13 11:00:00,20450.62,134123.42,190157.11,1,6677
2024-12-13 12:00:00,22295.67,146321.26,204690.85,1,6965
2024-12-13 13:00:00,24127.58,157236.13,220051.29,1,7311
2024-12-13 14:00:00,28468.6,189478.83,264734.57,1,8547
2024-12-13 15:00:00,28671.42,197143.0,276548.55,1,9377
2024-12-13 16:00:00,26998.71,188913.29,288740.32,1,9302
2024-12-13 17:00:00,28243.49,203624.36,315813.24,1,10875
2024-12-13 19:00:00,29140.71,201861.48,312625.6,1,11394
2024-12-13 20:00:00,68889.06,180192.3,260594.51,1,9556
2024-12-13 21:00:00,27613.84,176398.37,256814.74,1,9259
2024-12-13 22:00:00,28085.64,184609.91,265562.03,1,9733
2024-12-13 23:00:00,29966.98,188190.72,270322.72,1,9723
2024-12-14 00:00:00,26471.66,160727.44,229598.41,1,8433
2024-12-14 01:00:00,15002.35,91595.21,134103.17,1,5654
2024-12-14 02:00:00,10464.55,62386.01,91013.29,1,4092
2024-12-14 03:00:00,6885.24,37794.99,54766.47,1,2418
2024-12-14 04:00:00,4973.1,26238.36,36064.63,1,1286
2024-12-14 05:00:00,3661.38,17173.28,23371.83,1,622
2024-12-14 06:00:00,5386.93,24045.34,32771.28,1,1019
2024-12-14 07:00:00,7088.95,32818.52,45300.27,1,1592
2024-12-14 08:00:00,9779.3,48333.74,68363.62,1,2738
2024-12-14 09:00:00,13102.49,70061.52,102562.0,1,4456
2024-12-14 10:00:00,17314.93,98447.02,143941.88,1,6190
2024-12-14 11:00:00,19539.87,120328.65,172631.76,1,7399
2024-12-14 12:00:00,23748.63,149053.36,211423.3,1,8362
2024-12-14 13:00:00,25116.84,164938.75,231103.91,1,8657
2024-12-14 14:00:00,24814.23,162769.93,227285.35,1,8562
2024-12-14 15:00:00,174574.24999999997,185492.63,258752.01,1,9478
2024-12-14 16:00:00,27769.78,193492.99,267862.81,1,9574
2024-12-14 17:00:00,29249.56,211599.1,290191.0,1,10300
2024-12-14 18:00:00,28592.5,215032.95,295986.87,1,10983
2024-12-14 19:00:00,102971.66,200471.94,276789.9,1,10752
2024-12-14 20:00:00,26167.66,181489.76,255704.09,1,9106
2024-12-14 21:00:00,24419.95,168761.83,239756.44,1,8818
2024-12-14 22:00:00,24984.06,177659.47,253065.38999999998,1,9220
2024-12-14 23:00:00,28139.36,188772.93,266779.99,1,9439
2024-12-15 00:00:00,96272.17,152969.15,217831.92,1,8128
2024-12-15 01:00:00,17410.76,101378.95,148855.79,1,6352
2024-12-15 02:00:00,12494.83,69459.5,103289.01,1,4517
2024-12-15 03:00:00,8582.74,46989.08,68061.2,1,2981
2024-12-15 04:00:00,6829.28,35135.91,49182.61,1,1776
2024-12-15 05:00:00,4585.14,20600.49,27940.31,1,744
2024-12-15 06:00:00,6594.63,29070.1,38313.34,1,1058
2024-12-15 07:00:00,7800.97,35886.22,49222.48,1,1514
2024-12-15 08:00:00,10147.89,49495.02,69683.47,1,2523
2024-12-15 09:00:00,144829.12,72355.6,103629.81999999999,1,4065
2024-12-15 10:00:00,19201.56,103371.09,148554.03,1,5833
2024-12-15 11:00:00,21604.93,125633.84,180361.79,1,7072
2024-12-15 12:00:00,108877.23,150055.58,213947.45,1,7859
2024-12-15 13:00:00,27592.6,162672.59,228878.83,1,8175
2024-12-15 14:00:00,120688.1,174029.96,245541.36,1,8198
2024-12-15 15:00:00,82635.90000000001,174348.63,243604.96,1,7994
2024-12-15 16:00:00,29555.15,180497.06,250129.94,1,8092
2024-12-15 17:00:00,26230.1,162489.5,225446.02,1,7456
2024-12-15 18:00:00,23317.73,142486.38,199525.61,1,7079
2024-12-15 19:00:00,23685.46,130894.42,184148.32,1,6496
2024-12-15 20:00:00,20942.46,109906.1,160491.37,1,5432
2024-12-15 21:00:00,19849.53,100880.1,148169.51,1,5074
2024-12-15 22:00:00,17061.08,86333.24,125621.55,1,4444
2024-12-15 23:00:00,13964.93,64644.7,92341.77,1,2932
2024-12-16 00:00:00,7510.06,33586.19,46886.46,1,1626
2024-12-16 01:00:00,3248.86,14370.85,19944.26,1,670
2024-12-16 02:00:00,1093.16,5537.88,7921.93,1,300
2024-12-16 03:00:00,1172.15,5780.2,7914.57,1,284
2024-12-16 04:00:00,4543.39,20144.04,27417.29,1,629
2024-12-16 05:00:00,24824.37,28166.73,38655.08,1,1002
2024-12-16 06:00:00,9778.13,46830.06,63930.88,1,2245
2024-12-16 07:00:00,271293.82,92106.8,128266.95,1,4762
2024-12-16 08:00:00,102422.83,120090.12,169223.71,1,6334
2024-12-16 09:00:00,16552.39,109284.45,155035.18,1,5850
2024-12-16 10:00:00,17249.87,111697.86,158278.07,1,5586
2024-12-16 11:00:00,17151.49,118809.69,166989.07,1,5739
2024-12-16 12:00:00,19863.6,132169.63,185409.7,1,6424
2024-12-16 13:00:00,20859.96,141997.02,199056.71,1,6911
2024-12-16 14:00:00,24600.7,163471.05,229133.71,1,7646
2024-12-16 15:00:00,24870.17,172267.99,240023.79,1,7995
2024-12-16 16:00:00,23118.3,152871.6,230801.06,1,7053
2024-12-16 17:00:00,23727.95,154353.18,237061.28,1,7695
2024-12-16 18:00:00,21068.07,134506.53,213076.28,1,7588
2024-12-16 19:00:00,19297.82,111981.83,178050.93,1,6466
2024-12-16 20:00:00,20630.97,109302.71,164130.63,1,6127
2024-12-16 21:00:00,21524.05,113430.71,170371.69,1,6639
2024-12-16 22:00:00,18744.43,96300.73,142626.68,1,5626
2024-12-16 23:00:00,16333.78,79508.03,115876.14,1,4158
2024-12-17 00:00:00,8661.8,39004.88,55136.13,1,1963
2024-12-17 01:00:00,4311.87,19550.34,27042.83,1,861
2024-12-17 02:00:00,1604.77,7027.38,10087.32,1,406
2024-12-17 03:00:00,1132.09,5519.96,7561.83,1,254
2024-12-17 04:00:00,80252.74,12783.51,17078.5,1,406
2024-12-17 05:00:00,98891.67,23397.34,32171.52,1,866
2024-12-17 06:00:00,8081.45,39468.77,54706.39,1,1977
2024-12-17 07:00:00,13223.36,75970.95,107781.33,1,4270
2024-12-17 08:00:00,17233.94,109443.36,155331.23,1,6083
2024-12-17 09:00:00,236418.69,111474.61,159534.28,1,6119
2024-12-17 10:00:00,16659.36,112543.93,159518.39,1,5901
2024-12-17 11:00:00,18112.08,124951.31,175709.01,1,6218
2024-12-17 12:00:00,18977.75,131756.14,185733.45,1,6683
2024-12-17 13:00:00,20786.73,140060.76,195551.65,1,6585
2024-12-17 14:00:00,22832.49,151799.78,213721.08,1,7309
2024-12-17 15:00:00,23065.62,158849.49,223937.58,1,7906
2024-12-17 16:00:00,23772.12,165697.38,253014.2,1,8111
2024-12-17 17:00:00,114552.67,175714.03,270394.79,1,9171
2024-12-17 18:00:00,24123.36,171017.39,270482.12,1,9937
2024-12-17 19:00:00,23081.45,144975.1,230197.64,1,8566
2024-12-17 20:00:00,24951.79,143579.08,214990.86,1,8334
2024-12-17 21:00:00,28806.45,166252.48,247425.04,1,9447
2024-12-17 22:00:00,25325.25,143966.12,213103.79,1,8284
2024-12-17 23:00:00,19013.54,99135.75,144417.73,1,5389
2024-12-18 00:00:00,9560.81,50554.8,72712.17,1,2739
2024-12-18 01:00:00,3635.28,18002.52,26307.59,1,1112
2024-12-18 02:00:00,1713.96,9556.7,13851.32,1,572
2024-12-18 03:00:00,1472.85,7059.02,10060.86,1,383
2024-12-18 04:00:00,3466.7,16436.56,22336.04,1,519
2024-12-18 05:00:00,77206.06,24044.19,33021.93,1,864
2024-12-18 06:00:00,93987.68,43509.22,59406.7,1,2072
2024-12-18 07:00:00,14797.58,84462.72,118463.83,1,4623
2024-12-18 08:00:00,179805.45,107360.15,152461.03,1,6043
2024-12-18 09:00:00,16120.73,106188.15,151446.15,1,5957
2024-12-18 10:00:00,17091.66,112075.69,159716.49,1,5898
2024-12-18 11:00:00,17456.81,123748.71,174580.23,1,6309
2024-12-18 12:00:00,19384.57,135292.87,189204.83,1,6666
2024-12-18 13:00:00,21065.92,142849.48,199305.38999999998,1,6813
2024-12-18 14:00:00,23784.13,158603.09,221802.63,1,7474
2024-12-18 15:00:00,24995.32,171711.49,240118.61,1,8051
2024-12-18 16:00:00,24414.56,175501.87,263865.43,1,8197
2024-12-18 17:00:00,23642.92,186473.79,285643.78,1,9487
2024-12-18 19:00:00,25495.37,194128.49,300135.43,1,10903
2024-12-18 20:00:00,25717.12,155828.18,230013.98,1,8566
2024-12-18 21:00:00,29663.34,176048.78,260335.54,1,9859
2024-12-18 22:00:00,26962.82,161324.95,234227.2,1,8639
2024-12-18 23:00:00,20038.99,116095.94,166933.61,1,6189
2024-12-19 00:00:00,11205.95,60556.34,87221.66,1,3324
2024-12-19 01:00:00,4789.31,26297.82,37514.31,1,1471
2024-12-19 02:00:00,2840.87,13462.02,19633.8,1,767
2024-12-19 03:00:00,1945.27,9179.18,13519.55,1,515
2024-12-19 04:00:00,4181.43,20179.27,27336.51,1,659
2024-12-19 05:00:00,129460.91,27760.45,37902.44,1,974
2024-12-19 06:00:00,10005.27,48707.04,65893.12,1,2242
2024-12-19 07:00:00,15431.81,89475.11,123769.65,1,4662
2024-12-19 08:00:00,167505.11000000002,106123.29,149608.6,1,5923
2024-12-19 09:00:00,22080.68,107328.77,153698.79,1,6010
2024-12-19 10:00:00,141526.41,118571.28,168350.88,1,6198
2024-12-19 11:00:00,17928.99,125848.5,177653.51,1,6518
2024-12-19 12:00:00,20506.96,140559.86,197319.08,1,7052
2024-12-19 13:00:00,21011.65,141820.12,199713.51,1,7231
2024-12-19 14:00:00,23923.21,163444.46,229794.73,1,8109
2024-12-19 15:00:00,27070.62,187614.15,262047.38,1,8902
2024-12-19 16:00:00,26238.24,189720.16,285585.76,1,9026
2024-12-19 17:00:00,26021.32,200414.72,304754.97,1,10313
2024-12-19 18:00:00,26599.34,202829.8,310959.2,1,11017
2024-12-19 19:00:00,23205.26,163544.81,253293.7,1,9303
2024-12-19 20:00:00,24796.05,151206.9,223719.08,1,8296
2024-12-19 21:00:00,28107.69,169671.62,249561.28,1,9327
2024-12-19 22:00:00,26580.44,165606.27,240598.78,1,8987
2024-12-19 23:00:00,24515.73,143754.81,205825.41,1,7355
2024-12-20 00:00:00,16913.55,93705.94,133537.04,1,4925
2024-12-20 01:00:00,10731.61,55356.57,79039.85,1,2933
2024-12-20 02:00:00,4627.35,25641.11,37272.44,1,1548
2024-12-20 03:00:00,3555.77,18270.09,26327.69,1,987
2024-12-20 04:00:00,6017.16,28747.96,39190.83,1,971
2024-12-20 05:00:00,6952.41,31630.47,43115.25,1,1072
2024-12-20 06:00:00,8907.8,41616.52,56758.909999999996,1,1875
2024-12-20 07:00:00,13093.18,69168.49,96654.96,1,3681
2024-12-20 08:00:00,15111.14,86582.25,123246.15,1,4956
2024-12-20 09:00:00,15252.65,91704.99,132165.32,1,5339
2024-12-20 10:00:00,16688.87,106258.51,152580.57,1,5936
2024-12-20 11:00:00,81149.19,121043.03,171534.99,1,6698
2024-12-20 12:00:00,20753.6,136568.89,193452.25,1,7355
2024-12-20 13:00:00,23362.02,161078.49,225694.05,1,8362
2024-12-20 14:00:00,27047.85,189265.3,263211.02999999997,1,9367
2024-12-20 15:00:00,26848.43,188119.33,260925.47,1,9046
2024-12-20 16:00:00,23255.15,168245.34,253756.8,1,8493
2024-12-20 17:00:00,24872.21,177740.62,270054.12,1,9301
2024-12-20 19:00:00,21728.61,146037.51,224353.1,1,8382
2024-12-20 20:00:00,19801.87,117898.31,173748.27,1,6755
2024-12-20 21:00:00,19931.8,122123.64,180039.78,1,6999
2024-12-20 22:00:00,22017.79,130064.6,191123.29,1,7223
2024-12-20 23:00:00,20524.43,120434.79,175404.97,1,6940
2024-12-21 00:00:00,19041.35,104378.14,150493.27,1,5838
2024-12-21 01:00:00,13121.89,71421.05,103133.49,1,4210
2024-12-21 02:00:00,9673.98,51289.7,73319.23,1,2897
2024-12-21 03:00:00,6145.2,32198.76,45938.45,1,1906
2024-12-21 04:00:00,5738.41,29967.25,40730.08,1,1294
2024-12-21 05:00:00,4510.96,22371.86,30255.47,1,730
2024-12-21 06:00:00,5401.5,26387.59,34862.56,1,1012
2024-12-21 07:00:00,7310.66,35182.95,47687.28,1,1511
2024-12-21 08:00:00,9779.94,49221.59,68761.87,1,2595
2024-12-21 09:00:00,12064.3,66330.24,94211.74,1,3981
2024-12-21 10:00:00,15427.02,87251.27,125076.2,1,5412
2024-12-21 11:00:00,82370.8,112392.36,161796.87,1,6894
2024-12-21 12:00:00,105770.08,130766.27,185618.72,1,7693
2024-12-21 13:00:00,21458.5,140674.67,198988.63999999998,1,8155
2024-12-21 14:00:00,115419.3,146085.77,204790.94,1,8172
2024-12-21 15:00:00,24685.7,162275.0,225883.63999999998,1,8517
2024-12-21 16:00:00,25725.41,174668.15,240489.09,1,8777
2024-12-21 17:00:00,24330.44,173607.39,236571.56,2,8702
2024-12-21 18:00:00,24820.01,175612.16,240432.24,2,9015
2024-12-21 19:00:00,21627.46,153432.88,210499.17,2,8182
2024-12-21 20:00:00,17813.07,118788.41,170564.57,2,6573
2024-12-21 21:00:00,19562.51,120336.01,174111.13,2,6649
2024-12-21 22:00:00,18826.22,112389.75,162258.2,2,6402
2024-12-21 23:00:00,18768.96,106994.23,153376.1,2,6162
2024-12-22 00:00:00,14374.28,77882.07,112734.93,1,4718
2024-12-22 01:00:00,10927.83,55308.91,79129.11,1,3360
2024-12-22 02:00:00,7308.94,37354.04,53947.75,1,2358
2024-12-22 03:00:00,6476.35,31676.96,44410.12,1,1729
2024-12-22 04:00:00,87159.94,33867.65,46282.4,1,1412
2024-12-22 05:00:00,4337.7300000000005,19138.78,25596.68,1,646
2024-12-22 06:00:00,5662.82,24709.17,33199.03,1,969
2024-12-22 07:00:00,7079.3,31245.54,42172.89,1,1320
2024-12-22 09:00:00,12485.75,63151.4,89629.04,1,3706
2024-12-22 10:00:00,16293.5,88353.51,126416.65,1,5407
2024-12-22 11:00:00,19235.4,114069.76,163411.72,1,6772
2024-12-22 12:00:00,39997.1,129537.29,183286.47,1,7407
2024-12-22 13:00:00,110689.18,130129.79,182562.69,2,7022
2024-12-22 14:00:00,22591.51,143084.91,199844.94,2,7290
2024-12-22 15:00:00,24336.36,157559.7,217610.81,2,7724
2024-12-22 16:00:00,25175.73,162852.95,224265.73,2,7652
2024-12-22 17:00:00,22568.14,150580.37,206774.49,2,7212
2024-12-22 18:00:00,19502.27,128024.77,175607.21,2,6369
2024-12-22 19:00:00,16368.75,102234.62,141753.02,2,5437
2024-12-22 20:00:00,14282.23,83749.58,121764.58,2,4738
2024-12-22 21:00:00,13363.36,73389.62,107178.54,2,4216
2024-12-22 22:00:00,11021.71,58070.11,83155.67,2,3266
2024-12-22 23:00:00,9948.86,47044.25,66384.27,1,2367
2024-12-23 00:00:00,6047.45,27798.92,38497.52,1,1285
2024-12-23 01:00:00,203561.42,14403.01,19875.74,1,638
2024-12-23 02:00:00,1450.6200000000001,6424.89,9049.29,1,334
2024-12-23 03:00:00,1264.97,5466.78,7523.37,2,257
2024-12-23 04:00:00,3138.99,14962.79,19916.579999999998,1,502
2024-12-23 05:00:00,5189.75,23500.37,31542.1,1,794
2024-12-23 06:00:00,55342.84,31350.11,42135.15,1,1412
2024-12-23 07:00:00,78441.69999999998,46706.59,64495.55,1,2335
2024-12-23 08:00:00,10944.97,58704.56,82731.35,1,3355
2024-12-23 09:00:00,12314.24,73109.45,103454.69,1,4286
2024-12-23 10:00:00,14476.36,90929.61,129907.7,1,5242
2024-12-23 11:00:00,16568.45,108812.45,152460.7,1,5877
2024-12-23 12:00:00,17930.73,119488.13,167019.75,1,6399
2024-12-23 13:00:00,19443.24,129290.97,179721.41,1,6530
2024-12-23 14:00:00,133561.59,151306.39,208683.45,1,7115
2024-12-23 15:00:00,23220.39,157143.82,216757.18,1,7558
2024-12-23 16:00:00,24593.7,163506.2,240999.56,1,7488
2024-12-23 17:00:00,19495.24,142458.78,212445.0,1,7039
2024-12-23 18:00:00,17229.17,124553.1,188552.63,1,6762
2024-12-23 19:00:00,15310.99,93277.7,141936.19,1,5102
2024-12-23 20:00:00,13823.41,77463.83,112559.76,1,4348
2024-12-23 21:00:00,13529.88,75942.64,110399.93,2,4303
2024-12-23 22:00:00,11674.07,65263.71,94206.28,2,3633
2024-12-23 23:00:00,9137.04,44992.31,64992.69,1,2422
2024-12-24 00:00:00,6225.26,29155.98,40538.63,1,1354
2024-12-24 01:00:00,2438.27,11624.25,16388.91,1,628
2024-12-24 02:00:00,1312.24,6358.57,8931.6,1,351
2024-12-24 03:00:00,1286.79,5557.2,7581.09,1,265
2024-12-24 04:00:00,2331.56,9972.4,13442.72,1,356
2024-12-24 05:00:00,2778.05,12332.93,16812.57,1,457
2024-12-24 06:00:00,4665.33,20332.27,27545.85,1,907
2024-12-24 07:00:00,6696.66,31706.21,44237.13,1,1661
2024-12-24 08:00:00,8062.22,43738.0,61932.68,1,2568
2024-12-24 09:00:00,9378.25,52524.63,75969.02,1,3331
2024-12-24 10:00:00,120318.13999999998,59413.9,86064.92,1,4018
2024-12-24 11:00:00,12250.77,75262.71,108672.42,1,4839
2024-12-24 12:00:00,55933.06,91043.26,128895.99,1,5502
2024-12-24 13:00:00,14590.68,89002.98,125917.35,1,5279
2024-12-24 14:00:00,16430.45,97772.79,137526.87,1,5697
2024-12-24 15:00:00,17749.64,109251.53,152525.1,1,6265
2024-12-24 16:00:00,18433.63,114999.57,174444.14,1,6516
2024-12-24 17:00:00,79387.98999999999,108014.51,163843.71,2,6237
2024-12-24 18:00:00,14619.05,93556.73,142237.83,2,5694
2024-12-24 19:00:00,99520.53,77172.37,116258.3,2,4614
2024-12-24 20:00:00,12672.94,69225.37,99210.45,2,4166
2024-12-24 21:00:00,12605.5,67732.18,97672.14,2,3991
2024-12-24 22:00:00,9863.98,53603.01,77802.63,2,3383
2024-12-24 23:00:00,8630.57,43839.13,62582.87,2,2726
2024-12-25 00:00:00,6753.78,32450.85,45373.63,1,1903
2024-12-25 01:00:00,4528.56,21418.66,29169.98,1,1301
2024-12-25 02:00:00,2727.47,12243.57,16023.93,1,689
2024-12-25 03:00:00,1950.04,8460.68,11412.18,1,464
2024-12-25 04:00:00,2022.72,8509.57,10941.960000000001,1,325
2024-12-25 05:00:00,73933.47,9995.35,13125.99,1,308
2024-12-25 06:00:00,9193.95,13827.11,17989.26,1,517
2024-12-25 07:00:00,3453.19,15322.14,20775.72,1,688
2024-12-25 08:00:00,3841.0,17641.11,24878.01,1,899
2024-12-25 09:00:00,5130.66,25399.96,36512.49,1,1454
2024-12-25 10:00:00,7507.21,36121.9,52398.43,1,2257
2024-12-25 11:00:00,10459.34,52576.92,74710.5,2,3019
2024-12-25 12:00:00,11406.12,58571.51,82197.01,2,3367
2024-12-25 13:00:00,77100.6,66370.76,92833.21,2,3670
2024-12-25 14:00:00,14647.22,76529.08,105835.47,2,4001
2024-12-25 15:00:00,15179.98,82223.72,113117.86,2,4313
2024-12-25 16:00:00,15257.84,81924.61,112513.42,2,4003
2024-12-25 17:00:00,13006.54,72335.71,99496.4,2,3666
2024-12-25 18:00:00,11384.27,64135.7,88316.12,2,3443
2024-12-25 19:00:00,10877.79,61996.42,86029.14,2,3331
2024-12-25 20:00:00,11225.9,61412.04,87922.12,2,3288
2024-12-25 21:00:00,11851.54,60485.76,86598.75,2,3249
2024-12-25 22:00:00,9752.9,48753.87,69335.91,2,2775
2024-12-25 23:00:00,7114.76,33430.46,47223.87,1,1834
2024-12-26 00:00:00,4541.69,19875.52,27397.76,1,982
2024-12-26 01:00:00,1585.16,7291.07,10263.83,1,389
2024-12-26 02:00:00,849.92,4310.48,6005.51,2,215
2024-12-26 03:00:00,876.05,4154.67,5751.33,2,178
2024-12-26 04:00:00,1440.93,6106.33,7966.47,1,215
2024-12-26 05:00:00,2491.56,10506.84,13966.97,1,393
2024-12-26 06:00:00,4611.95,19681.86,25824.89,1,871
2024-12-26 07:00:00,5932.44,26613.26,36926.08,1,1313
2024-12-26 08:00:00,7580.68,36778.13,51905.89,1,1984
2024-12-26 09:00:00,10227.6,50991.58,72030.71,1,2789
2024-12-26 10:00:00,85385.34,62460.07,89173.83,1,3528
2024-12-26 11:00:00,14909.4,81187.84,115418.23,2,4422
2024-12-26 12:00:00,15419.67,89831.16,125996.1,2,4788
2024-12-26 13:00:00,17907.29,103795.77,145100.26,2,5247
2024-12-26 14:00:00,18860.49,109961.49,153898.96,2,5442
2024-12-26 15:00:00,19170.63,115253.41,158593.65,2,5607
2024-12-26 16:00:00,22561.68,133890.8,199563.26,2,6077
2024-12-26 17:00:00,17092.93,111492.42,168886.22,2,5554
2024-12-26 18:00:00,18014.84,109030.72,165513.16,2,5476
2024-12-26 19:00:00,16106.49,93369.97,140984.36,2,4720
2024-12-26 20:00:00,15684.61,84997.99,122743.75,2,4070
2024-12-26 21:00:00,15357.98,81531.05,117985.17,2,4282
2024-12-26 22:00:00,13480.56,69055.93,99814.35,2,3600
2024-12-26 23:00:00,13148.19,58209.54,82338.08,2,2672
2024-12-27 00:00:00,8437.37,37190.81,52452.3,1,1641
2024-12-27 01:00:00,2802.13,14219.28,20427.38,1,778
2024-12-27 02:00:00,1859.45,9008.18,12961.460000000001,1,491
2024-12-27 03:00:00,1574.72,7293.26,10208.84,1,362
2024-12-27 04:00:00,1439.21,7045.87,9727.94,1,283
2024-12-27 05:00:00,3363.83,13451.18,18106.35,1,457
2024-12-27 06:00:00,5530.11,23655.13,31913.24,1,984
2024-12-27 07:00:00,6902.05,31058.07,42554.7,1,1441
2024-12-27 08:00:00,8702.14,42198.38,59817.56,1,2218
2024-12-27 09:00:00,11355.52,60039.44,85156.18,1,3286
2024-12-27 10:00:00,14179.76,77878.14,110628.76,1,4146
2024-12-27 11:00:00,16356.48,92339.33,129461.41,1,4781
2024-12-27 12:00:00,15210.5,92532.71,130067.03,1,5176
2024-12-27 13:00:00,19246.13,113511.81,157984.09,2,5737
2024-12-27 14:00:00,21186.66,124676.47,174060.74,2,6090
2024-12-27 15:00:00,108527.74000000002,134932.12,187508.18,2,6543
2024-12-27 16:00:00,21926.2,136078.37,203474.25,2,6335
2024-12-27 17:00:00,20296.84,131397.55,197391.73,2,6143
2024-12-27 18:00:00,17941.81,110146.54,167740.8,2,5629
2024-12-27 19:00:00,18613.92,104958.3,158832.83,2,5195
2024-12-27 20:00:00,18389.98,99527.75,143137.54,2,4714
2024-12-27 21:00:00,17347.24,92355.18,133288.6,2,4620
2024-12-27 22:00:00,14511.03,80198.15,115851.95,2,4271
2024-12-27 23:00:00,14093.66,69111.86,101045.4,2,3481
2024-12-28 00:00:00,11064.49,52102.63,74506.1,1,2628
2024-12-28 01:00:00,6257.17,31825.4,46216.21,1,1809
2024-12-28 02:00:00,3903.94,19399.62,28408.67,1,1262
2024-12-28 03:00:00,3537.14,17384.63,24703.83,1,1050
2024-12-28 04:00:00,3338.04,16697.62,22267.45,1,757
2024-12-28 05:00:00,2684.11,11419.93,15343.0,1,430
2024-12-28 06:00:00,4136.18,17320.79,22605.72,1,665
2024-12-28 07:00:00,4774.76,21009.87,28409.15,1,916
2024-12-28 08:00:00,7335.21,33277.37,46614.22,1,1693
2024-12-28 09:00:00,10607.12,51368.17,72654.2,1,2912
2024-12-28 10:00:00,12600.03,66868.05,96975.73,2,4103
2024-12-28 11:00:00,15161.99,87151.28,123969.94,2,5043
2024-12-28 12:00:00,14954.19,89974.83,126149.79,2,4864
2024-12-28 13:00:00,16128.0,97494.23,135732.15,2,5139
2024-12-28 14:00:00,19368.39,112373.43,157569.81,2,5659
2024-12-28 15:00:00,21953.06,131825.85,183807.76,2,6723
2024-12-28 16:00:00,126269.15000000001,131693.01,183592.3,2,6667
2024-12-28 17:00:00,21619.47,135582.12,187542.19,2,6750
2024-12-28 18:00:00,19149.13,118066.58,163120.07,2,6127
2024-12-28 19:00:00,101256.34000000001,103481.16,144879.27,2,5479
2024-12-28 20:00:00,17058.829999999998,93864.44,135519.9,2,4816
2024-12-28 21:00:00,15074.79,80642.79,116281.55,2,4248
2024-12-28 22:00:00,16198.2,82517.24,121051.64,2,4479
2024-12-28 23:00:00,84371.15,82286.26,118462.42,2,3994
2024-12-29 00:00:00,15368.65,68085.72,96319.65,1,3296
2024-12-29 01:00:00,9329.53,43258.25,61893.84,1,2257
2024-12-29 02:00:00,5266.34,25627.9,36634.96,1,1540
2024-12-29 03:00:00,4527.46,22820.53,32099.34,1,1307
2024-12-29 04:00:00,4482.28,21529.81,28620.81,1,986
2024-12-29 05:00:00,2881.97,12557.82,16714.75,1,475
2024-12-29 06:00:00,5024.22,19691.16,25771.69,1,737
2024-12-29 07:00:00,6109.78,25695.26,34345.21,1,1017
2024-12-29 08:00:00,7490.19,34987.27,48396.0,1,1590
2024-12-29 09:00:00,9933.67,46742.51,65325.409999999996,1,2489
2024-12-29 10:00:00,13319.14,64768.33,91779.88,2,3506
2024-12-29 11:00:00,15017.63,79083.02,111595.43,2,4217
2024-12-29 12:00:00,16737.8,91320.97,128880.44,2,4841
2024-12-29 13:00:00,17320.22,97083.33,135495.03,2,5069
2024-12-29 14:00:00,21412.87,117540.82,164699.94,2,5518
2024-12-29 15:00:00,19878.48,115010.59,159460.08,2,5501
2024-12-29 16:00:00,22399.04,130534.69,180448.85,2,5886
2024-12-29 17:00:00,18799.86,117211.22,160662.47,2,5383
2024-12-29 18:00:00,19588.21,112784.69,153908.49,2,5111
2024-12-29 19:00:00,17957.05,99730.08,138361.71,2,4725
2024-12-29 20:00:00,17972.75,92556.39,132116.75,2,4260
2024-12-29 21:00:00,15572.49,80651.24,115798.13,2,3762
2024-12-29 22:00:00,14135.08,69571.31,100229.01,2,3325
2024-12-29 23:00:00,11886.83,59018.08,85050.85,1,2786
2024-12-30 00:00:00,10671.35,46043.52,65808.17,1,2061
2024-12-30 01:00:00,4775.84,23074.57,32788.26,1,1119
2024-12-30 02:00:00,2200.15,10501.67,14877.87,1,571
2024-12-30 03:00:00,1862.2,7982.45,11105.98,1,422
2024-12-30 04:00:00,2362.97,9942.32,13461.64,1,412
2024-12-30 05:00:00,4188.38,16691.12,22258.84,1,587
2024-12-30 06:00:00,150993.97999999998,26472.32,35358.19,1,1129
2024-12-30 07:00:00,9179.79,40633.59,55104.56,1,1785
2024-12-30 08:00:00,10712.39,51576.2,71913.5,1,2492
2024-12-30 09:00:00,11884.09,61364.3,86544.14,1,3308
2024-12-30 10:00:00,13267.15,70933.8,100468.78,1,3852
2024-12-30 11:00:00,16130.4,89968.24,126520.97,1,4633
2024-12-30 12:00:00,16309.29,95237.53,133766.69,1,5089
2024-12-30 13:00:00,19537.06,110964.43,155395.88999999998,2,5519
2024-12-30 14:00:00,22768.65,128158.4,179104.5,1,6131
2024-12-30 15:00:00,21064.52,124416.32,173047.84,1,6103
2024-12-30 16:00:00,22622.33,134027.13,201083.24,2,6161
2024-12-30 17:00:00,18813.91,114417.11,174463.79,1,5741
2024-12-30 18:00:00,16821.07,98672.93,151436.55,2,5189
2024-12-30 19:00:00,16844.66,89846.01,139241.67,1,4714
2024-12-30 20:00:00,15717.65,78623.63,115585.4,2,4077
2024-12-30 21:00:00,15266.09,77722.87,113996.69,2,4196
2024-12-30 22:00:00,14389.81,67084.33,98595.96,2,3507
2024-12-30 23:00:00,14944.48,64995.57,94617.21,1,3223
2024-12-31 00:00:00,12006.62,50755.08,73977.1,1,2653
